round	firstVariant	application	metric	quantile	baselineValue	candidateValue	maximumRegression	regressionPassed	direction	relativeDifference
0	baseline	heat_diffusion	deviceStartupMs	p50Ms	55.86092099999999	56.53744499999999	0.05	True	forward	0.0121108636930638
0	baseline	heat_diffusion	deviceStartupMs	p95Ms	59.33495700000002	63.33883900000001	0.05	False	forward	0.06747931072065971
0	baseline	heat_diffusion	deviceStartupMs	p99Ms	59.33495700000002	63.33883900000001	0.05	False	forward	0.06747931072065971
0	baseline	heat_diffusion	preparationMs	p50Ms	6.5895419999999945	5.843304999999987	0.05	True	forward	-0.1132456550091051
0	baseline	heat_diffusion	preparationMs	p95Ms	11.365346999999986	9.983472999999975	0.05	True	forward	-0.12158660883825301
0	baseline	heat_diffusion	preparationMs	p99Ms	11.365346999999986	9.983472999999975	0.05	True	forward	-0.12158660883825301
0	baseline	heat_diffusion	teardownMs	p50Ms	1.871054000000015	1.902355	0.05	True	forward	0.016729073559600405
0	baseline	heat_diffusion	teardownMs	p95Ms	2.682442999999978	2.4480310000000145	0.05	True	forward	-0.0873875045993392
0	baseline	heat_diffusion	teardownMs	p99Ms	2.682442999999978	2.4480310000000145	0.05	True	forward	-0.0873875045993392
0	baseline	heat_diffusion	coldWallMs	p50Ms	4.721143000000012	4.3777749999999855	0.05	True	forward	-0.0727298452938252
0	baseline	heat_diffusion	coldWallMs	p95Ms	7.0580539999999985	6.616484000000014	0.05	True	forward	-0.06256257036287682
0	baseline	heat_diffusion	coldWallMs	p99Ms	7.0580539999999985	6.616484000000014	0.05	True	forward	-0.06256257036287682
0	baseline	heat_diffusion	peakProcessRssBytes	p50Ms	156704768	154497024	0.1	True	forward	-0.014088556641748129
0	baseline	heat_diffusion	peakProcessRssBytes	p95Ms	159891456	159268864	0.1	True	forward	-0.0038938415821293537
0	baseline	heat_diffusion	peakProcessRssBytes	p99Ms	159891456	159268864	0.1	True	forward	-0.0038938415821293537
0	baseline	heat_diffusion	allocatedBufferBytes	p50Ms	1310752	1310752	0.1	True	forward	0.0
0	baseline	heat_diffusion	allocatedBufferBytes	p95Ms	1310752	1310752	0.1	True	forward	0.0
0	baseline	heat_diffusion	allocatedBufferBytes	p99Ms	1310752	1310752	0.1	True	forward	0.0
0	baseline	heat_diffusion	coldCpuMs	p50Ms	4.19	3.91	0.1	True	forward	-0.06682577565632464
0	baseline	heat_diffusion	coldCpuMs	p95Ms	6.758	6.082	0.1	True	forward	-0.10002959455460203
0	baseline	heat_diffusion	coldCpuMs	p99Ms	6.758	6.082	0.1	True	forward	-0.10002959455460203
0	baseline	heat_diffusion	wallMs	p50Ms	0.5587219999999888	0.5787199999999757	0.05	True	forward	0.035792397650329155
0	baseline	heat_diffusion	wallMs	p95Ms	0.8777230000000031	1.0495070000000055	0.05	False	forward	0.19571550477770527
0	baseline	heat_diffusion	wallMs	p99Ms	1.155335999999977	1.2942469999999844	0.05	False	forward	0.12023428682219728
0	baseline	heat_diffusion	cpuMs	p50Ms	0.417	0.435	0.1	True	forward	0.043165467625899234
0	baseline	heat_diffusion	cpuMs	p95Ms	0.902	1.032	0.1	False	forward	0.14412416851441234
0	baseline	heat_diffusion	cpuMs	p99Ms	1.891	1.646	0.1	True	forward	-0.1295610787942888
0	baseline	heat_diffusion	upload	p50Ms	0.013715999999988071	0.01402699999999868	0.05	True	forward	0.022674249052994977
0	baseline	heat_diffusion	upload	p95Ms	0.01820500000002312	0.02458599999999933	0.05	False	forward	0.35050810216798167
0	baseline	heat_diffusion	upload	p99Ms	0.03175000000004502	0.04271099999999706	0.05	False	forward	0.3452283464546928
0	baseline	heat_diffusion	encode	p50Ms	0.05877099999997881	0.06210700000002589	0.05	False	forward	0.05676268908217108
0	baseline	heat_diffusion	encode	p95Ms	0.0897600000000125	0.12872300000003634	0.05	False	forward	0.4340797682711499
0	baseline	heat_diffusion	encode	p99Ms	0.16099300000001904	0.21557699999999613	0.05	False	forward	0.3390457970220484
0	baseline	heat_diffusion	submitWait	p50Ms	0.2206560000000195	0.23155600000001186	0.05	True	forward	0.04939815821908944
0	baseline	heat_diffusion	submitWait	p95Ms	0.2901469999999904	0.36917499999998427	0.05	False	forward	0.27237228025792626
0	baseline	heat_diffusion	submitWait	p99Ms	0.4210429999999974	0.4931479999999624	0.05	False	forward	0.17125329241898202
0	baseline	heat_diffusion	readback	p50Ms	0.021390999999994165	0.02253200000001243	0.05	False	forward	0.05334018980031674
0	baseline	heat_diffusion	readback	p95Ms	0.045565999999951146	0.0554639999999722	0.05	False	forward	0.21722336830162114
0	baseline	heat_diffusion	readback	p99Ms	0.40531600000002754	0.475496000000021	0.05	False	forward	0.17314885176008032
0	baseline	heat_diffusion	total	p50Ms	0.4308110000000056	0.4486180000000104	0.05	True	forward	0.041333670681585666
0	baseline	heat_diffusion	total	p95Ms	0.7148460000000227	0.8371869999999717	0.05	False	forward	0.1711431553088989
0	baseline	heat_diffusion	total	p99Ms	0.936394000000007	1.0762980000000084	0.05	False	forward	0.1494071939803121
0	baseline	heat_diffusion	deviceStartupMs	p50Ms	56.53744499999999	55.86092099999999	0.05	True	reverse	-0.011965945755065488
0	baseline	heat_diffusion	deviceStartupMs	p95Ms	63.33883900000001	59.33495700000002	0.05	True	reverse	-0.0632136942074355
0	baseline	heat_diffusion	deviceStartupMs	p99Ms	63.33883900000001	59.33495700000002	0.05	True	reverse	-0.0632136942074355
0	baseline	heat_diffusion	preparationMs	p50Ms	5.843304999999987	6.5895419999999945	0.05	False	reverse	0.1277080350931552
0	baseline	heat_diffusion	preparationMs	p95Ms	9.983472999999975	11.365346999999986	0.05	False	reverse	0.1384161603882752
0	baseline	heat_diffusion	preparationMs	p99Ms	9.983472999999975	11.365346999999986	0.05	False	reverse	0.1384161603882752
0	baseline	heat_diffusion	teardownMs	p50Ms	1.902355	1.871054000000015	0.05	True	reverse	-0.0164538164538085
0	baseline	heat_diffusion	teardownMs	p95Ms	2.4480310000000145	2.682442999999978	0.05	False	reverse	0.09575532335986026
0	baseline	heat_diffusion	teardownMs	p99Ms	2.4480310000000145	2.682442999999978	0.05	False	reverse	0.09575532335986026
0	baseline	heat_diffusion	coldWallMs	p50Ms	4.3777749999999855	4.721143000000012	0.05	False	reverse	0.07843436448881635
0	baseline	heat_diffusion	coldWallMs	p95Ms	6.616484000000014	7.0580539999999985	0.05	False	reverse	0.06673786258683356
0	baseline	heat_diffusion	coldWallMs	p99Ms	6.616484000000014	7.0580539999999985	0.05	False	reverse	0.06673786258683356
0	baseline	heat_diffusion	peakProcessRssBytes	p50Ms	154497024	156704768	0.1	True	reverse	0.014289880431612723
0	baseline	heat_diffusion	peakProcessRssBytes	p95Ms	159268864	159891456	0.1	True	reverse	0.003909062853615808
0	baseline	heat_diffusion	peakProcessRssBytes	p99Ms	159268864	159891456	0.1	True	reverse	0.003909062853615808
0	baseline	heat_diffusion	allocatedBufferBytes	p50Ms	1310752	1310752	0.1	True	reverse	0.0
0	baseline	heat_diffusion	allocatedBufferBytes	p95Ms	1310752	1310752	0.1	True	reverse	0.0
0	baseline	heat_diffusion	allocatedBufferBytes	p99Ms	1310752	1310752	0.1	True	reverse	0.0
0	baseline	heat_diffusion	coldCpuMs	p50Ms	3.91	4.19	0.1	True	reverse	0.07161125319693107
0	baseline	heat_diffusion	coldCpuMs	p95Ms	6.082	6.758	0.1	False	reverse	0.11114764879973693
0	baseline	heat_diffusion	coldCpuMs	p99Ms	6.082	6.758	0.1	False	reverse	0.11114764879973693
0	baseline	heat_diffusion	wallMs	p50Ms	0.5787199999999757	0.5587219999999888	0.05	True	reverse	-0.03455557091510175
0	baseline	heat_diffusion	wallMs	p95Ms	1.0495070000000055	0.8777230000000031	0.05	True	reverse	-0.16368066149153981
0	baseline	heat_diffusion	wallMs	p99Ms	1.2942469999999844	1.155335999999977	0.05	True	reverse	-0.10732959010143273
0	baseline	heat_diffusion	cpuMs	p50Ms	0.435	0.417	0.1	True	reverse	-0.04137931034482767
0	baseline	heat_diffusion	cpuMs	p95Ms	1.032	0.902	0.1	True	reverse	-0.12596899224806202
0	baseline	heat_diffusion	cpuMs	p99Ms	1.646	1.891	0.1	False	reverse	0.1488456865127583
0	baseline	heat_diffusion	upload	p50Ms	0.01402699999999868	0.013715999999988071	0.05	True	reverse	-0.02217152634281294
0	baseline	heat_diffusion	upload	p95Ms	0.02458599999999933	0.01820500000002312	0.05	True	reverse	-0.2595379484249729
0	baseline	heat_diffusion	upload	p99Ms	0.04271099999999706	0.03175000000004502	0.05	True	reverse	-0.2566317810389078
0	baseline	heat_diffusion	encode	p50Ms	0.06210700000002589	0.05877099999997881	0.05	True	reverse	-0.05371375207377094
0	baseline	heat_diffusion	encode	p95Ms	0.12872300000003634	0.0897600000000125	0.05	True	reverse	-0.3026887191878129
0	baseline	heat_diffusion	encode	p99Ms	0.21557699999999613	0.16099300000001904	0.05	True	reverse	-0.2531995528278902
0	baseline	heat_diffusion	submitWait	p50Ms	0.23155600000001186	0.2206560000000195	0.05	True	reverse	-0.04707284630928066
0	baseline	heat_diffusion	submitWait	p95Ms	0.36917499999998427	0.2901469999999904	0.05	True	reverse	-0.21406649962754043
0	baseline	heat_diffusion	submitWait	p99Ms	0.4931479999999624	0.4210429999999974	0.05	True	reverse	-0.1462137127190427
0	baseline	heat_diffusion	readback	p50Ms	0.02253200000001243	0.021390999999994165	0.05	True	reverse	-0.0506390910712603
0	baseline	heat_diffusion	readback	p95Ms	0.0554639999999722	0.045565999999951146	0.05	True	reverse	-0.17845809894753384
0	baseline	heat_diffusion	readback	p99Ms	0.475496000000021	0.40531600000002754	0.05	True	reverse	-0.1475932499957736
0	baseline	heat_diffusion	total	p50Ms	0.4486180000000104	0.4308110000000056	0.05	True	reverse	-0.03969301276365278
0	baseline	heat_diffusion	total	p95Ms	0.8371869999999717	0.7148460000000227	0.05	True	reverse	-0.14613342060967638
0	baseline	heat_diffusion	total	p99Ms	1.0762980000000084	0.936394000000007	0.05	True	reverse	-0.12998630490812046
0	baseline	image_edges	deviceStartupMs	p50Ms	55.425584000000015	53.15875299999999	0.05	True	forward	-0.04089863987720954
0	baseline	image_edges	deviceStartupMs	p95Ms	66.468785	61.924283999999986	0.05	True	forward	-0.06837045389049934
0	baseline	image_edges	deviceStartupMs	p99Ms	66.468785	61.924283999999986	0.05	True	forward	-0.06837045389049934
0	baseline	image_edges	preparationMs	p50Ms	4.804378999999983	4.703198999999984	0.05	True	forward	-0.02105995384627224
0	baseline	image_edges	preparationMs	p95Ms	7.193178000000017	6.895376999999996	0.05	True	forward	-0.04140047695191473
0	baseline	image_edges	preparationMs	p99Ms	7.193178000000017	6.895376999999996	0.05	True	forward	-0.04140047695191473
0	baseline	image_edges	teardownMs	p50Ms	1.8960109999999872	1.9443620000000124	0.05	True	forward	0.02550143432713492
0	baseline	image_edges	teardownMs	p95Ms	2.6935230000000274	2.9688010000000418	0.05	False	forward	0.10219998121419849
0	baseline	image_edges	teardownMs	p99Ms	2.6935230000000274	2.9688010000000418	0.05	False	forward	0.10219998121419849
0	baseline	image_edges	coldWallMs	p50Ms	4.244945999999999	4.257508000000001	0.05	True	forward	0.002959283816567515
0	baseline	image_edges	coldWallMs	p95Ms	7.268349999999998	5.286988000000008	0.05	True	forward	-0.2726013469356856
0	baseline	image_edges	coldWallMs	p99Ms	7.268349999999998	5.286988000000008	0.05	True	forward	-0.2726013469356856
0	baseline	image_edges	peakProcessRssBytes	p50Ms	151089152	151236608	0.1	True	forward	0.0009759535879849679
0	baseline	image_edges	peakProcessRssBytes	p95Ms	152588288	152305664	0.1	True	forward	-0.0018521998228330228
0	baseline	image_edges	peakProcessRssBytes	p99Ms	152588288	152305664	0.1	True	forward	-0.0018521998228330228
0	baseline	image_edges	allocatedBufferBytes	p50Ms	1310752	1310752	0.1	True	forward	0.0
0	baseline	image_edges	allocatedBufferBytes	p95Ms	1310752	1310752	0.1	True	forward	0.0
0	baseline	image_edges	allocatedBufferBytes	p99Ms	1310752	1310752	0.1	True	forward	0.0
0	baseline	image_edges	coldCpuMs	p50Ms	3.851	3.804	0.1	True	forward	-0.012204622176058222
0	baseline	image_edges	coldCpuMs	p95Ms	7.011	4.999	0.1	True	forward	-0.2869776066181715
0	baseline	image_edges	coldCpuMs	p99Ms	7.011	4.999	0.1	True	forward	-0.2869776066181715
0	baseline	image_edges	wallMs	p50Ms	0.4817470000000412	0.4888809999999921	0.05	True	forward	0.014808602855752584
0	baseline	image_edges	wallMs	p95Ms	0.7626770000000533	0.7654220000000009	0.05	True	forward	0.003599164521740361
0	baseline	image_edges	wallMs	p99Ms	1.0241689999999721	0.9889830000000188	0.05	True	forward	-0.03435565809935104
0	baseline	image_edges	cpuMs	p50Ms	0.391	0.399	0.1	True	forward	0.020460358056265893
0	baseline	image_edges	cpuMs	p95Ms	1.054	0.994	0.1	True	forward	-0.05692599620493366
0	baseline	image_edges	cpuMs	p99Ms	1.929	2.14	0.1	False	forward	0.10938310005184038
0	baseline	image_edges	upload	p50Ms	0.013715999999988071	0.013776000000007116	0.05	True	forward	0.004374453194743166
0	baseline	image_edges	upload	p95Ms	0.01825399999995625	0.01848499999999831	0.05	True	forward	0.012654760602750725
0	baseline	image_edges	upload	p99Ms	0.025828999999987445	0.026159000000006927	0.05	True	forward	0.012776336676589839
0	baseline	image_edges	encode	p50Ms	0.04353200000002744	0.044723999999973785	0.05	True	forward	0.027382155654359863
0	baseline	image_edges	encode	p95Ms	0.06941000000000486	0.07092300000005025	0.05	True	forward	0.02179801181451224
0	baseline	image_edges	encode	p99Ms	0.13383199999998396	0.11151000000000977	0.05	True	forward	-0.16679120090842903
0	baseline	image_edges	submitWait	p50Ms	0.1600010000000225	0.16375800000002982	0.05	True	forward	0.023481103243147228
0	baseline	image_edges	submitWait	p95Ms	0.23649599999998827	0.2351419999999962	0.05	True	forward	-0.005725255395406914
0	baseline	image_edges	submitWait	p99Ms	0.31666699999999537	0.324861999999996	0.05	True	forward	0.02587892012745474
0	baseline	image_edges	readback	p50Ms	0.021220000000027994	0.021641000000045096	0.05	True	forward	0.019839773799083193
0	baseline	image_edges	readback	p95Ms	0.050034999999979846	0.044464000000004944	0.05	True	forward	-0.1113420605571529
0	baseline	image_edges	readback	p99Ms	0.3661519999999996	0.4041609999999878	0.05	False	forward	0.10380661583164441
0	baseline	image_edges	total	p50Ms	0.3537359999999694	0.3599980000000187	0.05	True	forward	0.0177024673769417
0	baseline	image_edges	total	p95Ms	0.5815550000000371	0.5663170000000264	0.05	True	forward	-0.02620216488553928
0	baseline	image_edges	total	p99Ms	0.8266269999999736	0.8213670000000093	0.05	True	forward	-0.006363208557141786
0	baseline	image_edges	deviceStartupMs	p50Ms	53.15875299999999	55.425584000000015	0.05	True	reverse	0.04264266695646568
0	baseline	image_edges	deviceStartupMs	p95Ms	61.924283999999986	66.468785	0.05	False	reverse	0.07338802657774801
0	baseline	image_edges	deviceStartupMs	p99Ms	61.924283999999986	66.468785	0.05	False	reverse	0.07338802657774801
0	baseline	image_edges	preparationMs	p50Ms	4.703198999999984	4.804378999999983	0.05	True	reverse	0.021513016991201006
0	baseline	image_edges	preparationMs	p95Ms	6.895376999999996	7.193178000000017	0.05	True	reverse	0.04318850151340836
0	baseline	image_edges	preparationMs	p99Ms	6.895376999999996	7.193178000000017	0.05	True	reverse	0.04318850151340836
0	baseline	image_edges	teardownMs	p50Ms	1.9443620000000124	1.8960109999999872	0.05	True	reverse	-0.024867282944238123
0	baseline	image_edges	teardownMs	p95Ms	2.9688010000000418	2.6935230000000274	0.05	True	reverse	-0.09272362815830715
0	baseline	image_edges	teardownMs	p99Ms	2.9688010000000418	2.6935230000000274	0.05	True	reverse	-0.09272362815830715
0	baseline	image_edges	coldWallMs	p50Ms	4.257508000000001	4.244945999999999	0.05	True	reverse	-0.0029505522949111462
0	baseline	image_edges	coldWallMs	p95Ms	5.286988000000008	7.268349999999998	0.05	False	reverse	0.37476196276594287
0	baseline	image_edges	coldWallMs	p99Ms	5.286988000000008	7.268349999999998	0.05	False	reverse	0.37476196276594287
0	baseline	image_edges	peakProcessRssBytes	p50Ms	151236608	151089152	0.1	True	reverse	-0.000975002031254224
0	baseline	image_edges	peakProcessRssBytes	p95Ms	152305664	152588288	0.1	True	reverse	0.001855636833046459
0	baseline	image_edges	peakProcessRssBytes	p99Ms	152305664	152588288	0.1	True	reverse	0.001855636833046459
0	baseline	image_edges	allocatedBufferBytes	p50Ms	1310752	1310752	0.1	True	reverse	0.0
0	baseline	image_edges	allocatedBufferBytes	p95Ms	1310752	1310752	0.1	True	reverse	0.0
0	baseline	image_edges	allocatedBufferBytes	p99Ms	1310752	1310752	0.1	True	reverse	0.0
0	baseline	image_edges	coldCpuMs	p50Ms	3.804	3.851	0.1	True	reverse	0.012355415352260923
0	baseline	image_edges	coldCpuMs	p95Ms	4.999	7.011	0.1	False	reverse	0.4024804960992199
0	baseline	image_edges	coldCpuMs	p99Ms	4.999	7.011	0.1	False	reverse	0.4024804960992199
0	baseline	image_edges	wallMs	p50Ms	0.4888809999999921	0.4817470000000412	0.05	True	reverse	-0.014592508197191156
0	baseline	image_edges	wallMs	p95Ms	0.7654220000000009	0.7626770000000533	0.05	True	reverse	-0.003586256992806014
0	baseline	image_edges	wallMs	p99Ms	0.9889830000000188	1.0241689999999721	0.05	True	reverse	0.035577962411843966
0	baseline	image_edges	cpuMs	p50Ms	0.399	0.391	0.1	True	reverse	-0.020050125313283207
0	baseline	image_edges	cpuMs	p95Ms	0.994	1.054	0.1	True	reverse	0.06036217303822933
0	baseline	image_edges	cpuMs	p99Ms	2.14	1.929	0.1	True	reverse	-0.09859813084112157
0	baseline	image_edges	upload	p50Ms	0.013776000000007116	0.013715999999988071	0.05	True	reverse	-0.0043554006982443605
0	baseline	image_edges	upload	p95Ms	0.01848499999999831	0.01825399999995625	0.05	True	reverse	-0.012496618882449573
0	baseline	image_edges	upload	p99Ms	0.026159000000006927	0.025828999999987445	0.05	True	reverse	-0.012615161130754005
0	baseline	image_edges	encode	p50Ms	0.044723999999973785	0.04353200000002744	0.05	True	reverse	-0.026652356675320732
0	baseline	image_edges	encode	p95Ms	0.07092300000005025	0.06941000000000486	0.05	True	reverse	-0.021332994938797367
0	baseline	image_edges	encode	p99Ms	0.11151000000000977	0.13383199999998396	0.05	False	reverse	0.20017935611131055
0	baseline	image_edges	submitWait	p50Ms	0.16375800000002982	0.1600010000000225	0.05	True	reverse	-0.022942390600805163
0	baseline	image_edges	submitWait	p95Ms	0.2351419999999962	0.23649599999998827	0.05	True	reverse	0.005758222690936066
0	baseline	image_edges	submitWait	p99Ms	0.324861999999996	0.31666699999999537	0.05	True	reverse	-0.025226096003843845
0	baseline	image_edges	readback	p50Ms	0.021641000000045096	0.021220000000027994	0.05	True	reverse	-0.019453814519487356
0	baseline	image_edges	readback	p95Ms	0.044464000000004944	0.050034999999979846	0.05	False	reverse	0.12529237135602478
0	baseline	image_edges	readback	p99Ms	0.4041609999999878	0.3661519999999996	0.05	True	reverse	-0.09404420515583978
0	baseline	image_edges	total	p50Ms	0.3599980000000187	0.3537359999999694	0.05	True	reverse	-0.017394541080919756
0	baseline	image_edges	total	p95Ms	0.5663170000000264	0.5815550000000371	0.05	True	reverse	0.026907191555277432
0	baseline	image_edges	total	p99Ms	0.8213670000000093	0.8266269999999736	0.05	True	reverse	0.006403958279264099
0	baseline	holoscript_lif	deviceStartupMs	p50Ms	54.73028400000001	56.19512200000001	0.05	True	forward	0.02676467017784878
0	baseline	holoscript_lif	deviceStartupMs	p95Ms	61.904466	63.686081	0.05	True	forward	0.02878007218412959
0	baseline	holoscript_lif	deviceStartupMs	p99Ms	61.904466	63.686081	0.05	True	forward	0.02878007218412959
0	baseline	holoscript_lif	preparationMs	p50Ms	5.220392000000004	5.616277999999994	0.05	False	forward	0.07583453503108384
0	baseline	holoscript_lif	preparationMs	p95Ms	8.255059000000017	9.521935000000013	0.05	False	forward	0.15346661968133657
0	baseline	holoscript_lif	preparationMs	p99Ms	8.255059000000017	9.521935000000013	0.05	False	forward	0.15346661968133657
0	baseline	holoscript_lif	teardownMs	p50Ms	2.2819480000000567	2.32024100000001	0.05	True	forward	0.016780838126001285
0	baseline	holoscript_lif	teardownMs	p95Ms	2.705235000000016	2.8812670000000935	0.05	False	forward	0.0650708718466515
0	baseline	holoscript_lif	teardownMs	p99Ms	2.705235000000016	2.8812670000000935	0.05	False	forward	0.0650708718466515
0	baseline	holoscript_lif	coldWallMs	p50Ms	5.0917300000000125	4.877778000000006	0.05	True	forward	-0.0420195100682883
0	baseline	holoscript_lif	coldWallMs	p95Ms	8.67310599999999	10.014772999999991	0.05	False	forward	0.15469279402327185
0	baseline	holoscript_lif	coldWallMs	p99Ms	8.67310599999999	10.014772999999991	0.05	False	forward	0.15469279402327185
0	baseline	holoscript_lif	peakProcessRssBytes	p50Ms	158265344	159719424	0.1	True	forward	0.009187608374958023
0	baseline	holoscript_lif	peakProcessRssBytes	p95Ms	162443264	164274176	0.1	True	forward	0.011271086008220133
0	baseline	holoscript_lif	peakProcessRssBytes	p99Ms	162443264	164274176	0.1	True	forward	0.011271086008220133
0	baseline	holoscript_lif	allocatedBufferBytes	p50Ms	2097216	2097216	0.1	True	forward	0.0
0	baseline	holoscript_lif	allocatedBufferBytes	p95Ms	2097216	2097216	0.1	True	forward	0.0
0	baseline	holoscript_lif	allocatedBufferBytes	p99Ms	2097216	2097216	0.1	True	forward	0.0
0	baseline	holoscript_lif	coldCpuMs	p50Ms	4.784	4.471	0.1	True	forward	-0.06542642140468224
0	baseline	holoscript_lif	coldCpuMs	p95Ms	17.59	20.556	0.1	False	forward	0.16861853325753273
0	baseline	holoscript_lif	coldCpuMs	p99Ms	17.59	20.556	0.1	False	forward	0.16861853325753273
0	baseline	holoscript_lif	wallMs	p50Ms	0.795708999999988	0.7890469999999823	0.05	True	forward	-0.00837240750073931
0	baseline	holoscript_lif	wallMs	p95Ms	1.3218279999999822	1.3345630000000028	0.05	True	forward	0.00963438510912229
0	baseline	holoscript_lif	wallMs	p99Ms	1.7084790000000112	1.6457699999999704	0.05	True	forward	-0.036704577580432884
0	baseline	holoscript_lif	cpuMs	p50Ms	0.647	0.645	0.1	True	forward	-0.0030911901081916993
0	baseline	holoscript_lif	cpuMs	p95Ms	1.648	1.62	0.1	True	forward	-0.016990291262135804
0	baseline	holoscript_lif	cpuMs	p99Ms	3.774	3.464	0.1	True	forward	-0.08214096449390573
0	baseline	holoscript_lif	upload	p50Ms	0.025498000000027332	0.025367999999957647	0.05	True	forward	-0.005098439095989726
0	baseline	holoscript_lif	upload	p95Ms	0.06716599999998607	0.06465099999996937	0.05	True	forward	-0.03744454039271683
0	baseline	holoscript_lif	upload	p99Ms	0.4259220000000141	0.4147609999999986	0.05	True	forward	-0.026204328492106854
0	baseline	holoscript_lif	encode	p50Ms	0.04977400000001353	0.04918299999997089	0.05	True	forward	-0.011873668984660246
0	baseline	holoscript_lif	encode	p95Ms	0.08449899999999388	0.08127300000001014	0.05	True	forward	-0.03817796660296546
0	baseline	holoscript_lif	encode	p99Ms	0.15086500000001024	0.14646499999997786	0.05	True	forward	-0.02916514764877265
0	baseline	holoscript_lif	submitWait	p50Ms	0.2152150000000006	0.21087699999998222	0.05	True	forward	-0.02015658759853345
0	baseline	holoscript_lif	submitWait	p95Ms	0.4263129999999933	0.41558599999996204	0.05	True	forward	-0.025162263407476182
0	baseline	holoscript_lif	submitWait	p99Ms	0.5666510000000358	0.5468099999999936	0.05	True	forward	-0.03501449745970786
0	baseline	holoscript_lif	readback	p50Ms	0.03451499999999896	0.03424499999994168	0.05	True	forward	-0.007822685790447315
0	baseline	holoscript_lif	readback	p95Ms	0.0544219999999882	0.05260000000009768	0.05	True	forward	-0.03347910771178786
0	baseline	holoscript_lif	readback	p99Ms	0.10107099999999036	0.09832599999992908	0.05	True	forward	-0.027159125763686398
0	baseline	holoscript_lif	total	p50Ms	0.5479419999999777	0.5406189999999924	0.05	True	forward	-0.013364553182609873
0	baseline	holoscript_lif	total	p95Ms	0.9571530000000052	0.9600180000000478	0.05	True	forward	0.0029932518625992444
0	baseline	holoscript_lif	total	p99Ms	1.2895579999999427	1.216271000000006	0.05	True	forward	-0.05683110026841742
0	baseline	holoscript_lif	deviceStartupMs	p50Ms	56.19512200000001	54.73028400000001	0.05	True	reverse	-0.02606699563709458
0	baseline	holoscript_lif	deviceStartupMs	p95Ms	63.686081	61.904466	0.05	True	reverse	-0.027974951072904042
0	baseline	holoscript_lif	deviceStartupMs	p99Ms	63.686081	61.904466	0.05	True	reverse	-0.027974951072904042
0	baseline	holoscript_lif	preparationMs	p50Ms	5.616277999999994	5.220392000000004	0.05	True	reverse	-0.070489032060021
0	baseline	holoscript_lif	preparationMs	p95Ms	9.521935000000013	8.255059000000017	0.05	True	reverse	-0.1330481672055096
0	baseline	holoscript_lif	preparationMs	p99Ms	9.521935000000013	8.255059000000017	0.05	True	reverse	-0.1330481672055096
0	baseline	holoscript_lif	teardownMs	p50Ms	2.32024100000001	2.2819480000000567	0.05	True	reverse	-0.016503889035644592
0	baseline	holoscript_lif	teardownMs	p95Ms	2.8812670000000935	2.705235000000016	0.05	True	reverse	-0.06109534451339349
0	baseline	holoscript_lif	teardownMs	p99Ms	2.8812670000000935	2.705235000000016	0.05	True	reverse	-0.06109534451339349
0	baseline	holoscript_lif	coldWallMs	p50Ms	4.877778000000006	5.0917300000000125	0.05	True	reverse	0.04386259481263921
0	baseline	holoscript_lif	coldWallMs	p95Ms	10.014772999999991	8.67310599999999	0.05	True	reverse	-0.1339687879096213
0	baseline	holoscript_lif	coldWallMs	p99Ms	10.014772999999991	8.67310599999999	0.05	True	reverse	-0.1339687879096213
0	baseline	holoscript_lif	peakProcessRssBytes	p50Ms	159719424	158265344	0.1	True	reverse	-0.00910396471251984
0	baseline	holoscript_lif	peakProcessRssBytes	p95Ms	164274176	162443264	0.1	True	reverse	-0.01114546451902454
0	baseline	holoscript_lif	peakProcessRssBytes	p99Ms	164274176	162443264	0.1	True	reverse	-0.01114546451902454
0	baseline	holoscript_lif	allocatedBufferBytes	p50Ms	2097216	2097216	0.1	True	reverse	0.0
0	baseline	holoscript_lif	allocatedBufferBytes	p95Ms	2097216	2097216	0.1	True	reverse	0.0
0	baseline	holoscript_lif	allocatedBufferBytes	p99Ms	2097216	2097216	0.1	True	reverse	0.0
0	baseline	holoscript_lif	coldCpuMs	p50Ms	4.471	4.784	0.1	True	reverse	0.07000670990829794
0	baseline	holoscript_lif	coldCpuMs	p95Ms	20.556	17.59	0.1	True	reverse	-0.14428877213465663
0	baseline	holoscript_lif	coldCpuMs	p99Ms	20.556	17.59	0.1	True	reverse	-0.14428877213465663
0	baseline	holoscript_lif	wallMs	p50Ms	0.7890469999999823	0.795708999999988	0.05	True	reverse	0.008443096545587059
0	baseline	holoscript_lif	wallMs	p95Ms	1.3345630000000028	1.3218279999999822	0.05	True	reverse	-0.009542449475986148
0	baseline	holoscript_lif	wallMs	p99Ms	1.6457699999999704	1.7084790000000112	0.05	True	reverse	0.03810313713340374
0	baseline	holoscript_lif	cpuMs	p50Ms	0.645	0.647	0.1	True	reverse	0.0031007751937983663
0	baseline	holoscript_lif	cpuMs	p95Ms	1.62	1.648	0.1	True	reverse	0.01728395061728394
0	baseline	holoscript_lif	cpuMs	p99Ms	3.464	3.774	0.1	True	reverse	0.08949191685912239
0	baseline	holoscript_lif	upload	p50Ms	0.025367999999957647	0.025498000000027332	0.05	True	reverse	0.0051245663856001045
0	baseline	holoscript_lif	upload	p95Ms	0.06465099999996937	0.06716599999998607	0.05	True	reverse	0.038901177089571526
0	baseline	holoscript_lif	upload	p99Ms	0.4147609999999986	0.4259220000000141	0.05	True	reverse	0.0269094731665116
0	baseline	holoscript_lif	encode	p50Ms	0.04918299999997089	0.04977400000001353	0.05	True	reverse	0.01201634711268107
0	baseline	holoscript_lif	encode	p95Ms	0.08127300000001014	0.08449899999999388	0.05	True	reverse	0.039693379104786874
0	baseline	holoscript_lif	encode	p99Ms	0.14646499999997786	0.15086500000001024	0.05	True	reverse	0.030041306797071288
0	baseline	holoscript_lif	submitWait	p50Ms	0.21087699999998222	0.2152150000000006	0.05	True	reverse	0.020571233467939765
0	baseline	holoscript_lif	submitWait	p95Ms	0.41558599999996204	0.4263129999999933	0.05	True	reverse	0.025811745342798398
0	baseline	holoscript_lif	submitWait	p99Ms	0.5468099999999936	0.5666510000000358	0.05	True	reverse	0.036284998445607064
0	baseline	holoscript_lif	readback	p50Ms	0.03424499999994168	0.03451499999999896	0.05	True	reverse	0.007884362682369472
0	baseline	holoscript_lif	readback	p95Ms	0.05260000000009768	0.0544219999999882	0.05	True	reverse	0.03463878326781633
0	baseline	holoscript_lif	readback	p99Ms	0.09832599999992908	0.10107099999999036	0.05	True	reverse	0.027917336208767463
0	baseline	holoscript_lif	total	p50Ms	0.5406189999999924	0.5479419999999777	0.05	True	reverse	0.01354558385847593
0	baseline	holoscript_lif	total	p95Ms	0.9600180000000478	0.9571530000000052	0.05	True	reverse	-0.002984319044062045
0	baseline	holoscript_lif	total	p99Ms	1.216271000000006	1.2895579999999427	0.05	False	reverse	0.060255485825063904
1	candidate	heat_diffusion	deviceStartupMs	p50Ms	56.674919	55.65819099999999	0.05	True	forward	-0.017939646283394173
1	candidate	heat_diffusion	deviceStartupMs	p95Ms	69.749011	62.490792	0.05	True	forward	-0.10406196297177606
1	candidate	heat_diffusion	deviceStartupMs	p99Ms	69.749011	62.490792	0.05	True	forward	-0.10406196297177606
1	candidate	heat_diffusion	preparationMs	p50Ms	6.723049000000003	6.609741000000014	0.05	True	forward	-0.016853662675965775
1	candidate	heat_diffusion	preparationMs	p95Ms	11.751141000000018	12.58875900000001	0.05	False	forward	0.07127971658241439
1	candidate	heat_diffusion	preparationMs	p99Ms	11.751141000000018	12.58875900000001	0.05	False	forward	0.07127971658241439
1	candidate	heat_diffusion	teardownMs	p50Ms	1.8742460000000278	1.8920699999999897	0.05	True	forward	0.009509957604264097
1	candidate	heat_diffusion	teardownMs	p95Ms	2.2767770000000382	2.975373999999988	0.05	False	forward	0.3068359351837875
1	candidate	heat_diffusion	teardownMs	p99Ms	2.2767770000000382	2.975373999999988	0.05	False	forward	0.3068359351837875
1	candidate	heat_diffusion	coldWallMs	p50Ms	5.028474999999986	4.630848999999984	0.05	True	forward	-0.07907486862319169
1	candidate	heat_diffusion	coldWallMs	p95Ms	7.023619999999994	7.122206000000006	0.05	True	forward	0.014036351624947097
1	candidate	heat_diffusion	coldWallMs	p99Ms	7.023619999999994	7.122206000000006	0.05	True	forward	0.014036351624947097
1	candidate	heat_diffusion	peakProcessRssBytes	p50Ms	156733440	153542656	0.1	True	forward	-0.020358029530902932
1	candidate	heat_diffusion	peakProcessRssBytes	p95Ms	160473088	161439744	0.1	True	forward	0.006023788861095447
1	candidate	heat_diffusion	peakProcessRssBytes	p99Ms	160473088	161439744	0.1	True	forward	0.006023788861095447
1	candidate	heat_diffusion	allocatedBufferBytes	p50Ms	1310752	1310752	0.1	True	forward	0.0
1	candidate	heat_diffusion	allocatedBufferBytes	p95Ms	1310752	1310752	0.1	True	forward	0.0
1	candidate	heat_diffusion	allocatedBufferBytes	p99Ms	1310752	1310752	0.1	True	forward	0.0
1	candidate	heat_diffusion	coldCpuMs	p50Ms	4.954	4.079	0.1	True	forward	-0.17662494953572871
1	candidate	heat_diffusion	coldCpuMs	p95Ms	6.351	6.704	0.1	True	forward	0.055581798142024796
1	candidate	heat_diffusion	coldCpuMs	p99Ms	6.351	6.704	0.1	True	forward	0.055581798142024796
1	candidate	heat_diffusion	wallMs	p50Ms	0.574986000000024	0.5639850000000024	0.05	True	forward	-0.019132639751265446
1	candidate	heat_diffusion	wallMs	p95Ms	1.0261780000000158	1.0224799999999732	0.05	True	forward	-0.0036036633021196973
1	candidate	heat_diffusion	wallMs	p99Ms	1.2443779999999833	1.2944840000000113	0.05	True	forward	0.040265899911464675
1	candidate	heat_diffusion	cpuMs	p50Ms	0.429	0.42	0.1	True	forward	-0.020979020979021046
1	candidate	heat_diffusion	cpuMs	p95Ms	1.003	1	0.1	True	forward	-0.0029910269192421346
1	candidate	heat_diffusion	cpuMs	p99Ms	1.635	1.899	0.1	False	forward	0.1614678899082569
1	candidate	heat_diffusion	upload	p50Ms	0.013987000000042826	0.013746000000026015	0.05	True	forward	-0.01723028526603798
1	candidate	heat_diffusion	upload	p95Ms	0.023244000000033793	0.020779000000004544	0.05	True	forward	-0.1060488728285005
1	candidate	heat_diffusion	upload	p99Ms	0.038202000000012504	0.03897399999999607	0.05	True	forward	0.02020836605369647
1	candidate	heat_diffusion	encode	p50Ms	0.061136000000033164	0.06034400000004325	0.05	True	forward	-0.012954723894096465
1	candidate	heat_diffusion	encode	p95Ms	0.11749100000002954	0.10529900000000225	0.05	True	forward	-0.10376965044151665
1	candidate	heat_diffusion	encode	p99Ms	0.19309499999997115	0.2041849999999954	0.05	False	forward	0.05743286983104645
1	candidate	heat_diffusion	submitWait	p50Ms	0.2301649999999995	0.22392300000001342	0.05	True	forward	-0.027119675015689237
1	candidate	heat_diffusion	submitWait	p95Ms	0.3466250000000173	0.35707400000001144	0.05	True	forward	0.030144969347258854
1	candidate	heat_diffusion	submitWait	p99Ms	0.5099429999999643	0.5015869999999722	0.05	True	forward	-0.016386145118165385
1	candidate	heat_diffusion	readback	p50Ms	0.022311999999999443	0.02189099999998234	0.05	True	forward	-0.01886877016928612
1	candidate	heat_diffusion	readback	p95Ms	0.053219999999953416	0.04959400000001324	0.05	True	forward	-0.06813228109626734
1	candidate	heat_diffusion	readback	p99Ms	0.4551899999999591	0.49192799999997305	0.05	False	forward	0.08070915441907167
1	candidate	heat_diffusion	total	p50Ms	0.44518099999999095	0.4352710000000002	0.05	True	forward	-0.022260608606366805
1	candidate	heat_diffusion	total	p95Ms	0.832492000000002	0.8127839999999651	0.05	True	forward	-0.023673500766418054
1	candidate	heat_diffusion	total	p99Ms	1.0303940000000011	1.0832260000000247	0.05	False	forward	0.05127359049065072
1	candidate	heat_diffusion	deviceStartupMs	p50Ms	55.65819099999999	56.674919	0.05	True	reverse	0.018267356192011697
1	candidate	heat_diffusion	deviceStartupMs	p95Ms	62.490792	69.749011	0.05	False	reverse	0.11614861594328962
1	candidate	heat_diffusion	deviceStartupMs	p99Ms	62.490792	69.749011	0.05	False	reverse	0.11614861594328962
1	candidate	heat_diffusion	preparationMs	p50Ms	6.609741000000014	6.723049000000003	0.05	True	reverse	0.017142577901311018
1	candidate	heat_diffusion	preparationMs	p95Ms	12.58875900000001	11.751141000000018	0.05	True	reverse	-0.06653697953864968
1	candidate	heat_diffusion	preparationMs	p99Ms	12.58875900000001	11.751141000000018	0.05	True	reverse	-0.06653697953864968
1	candidate	heat_diffusion	teardownMs	p50Ms	1.8920699999999897	1.8742460000000278	0.05	True	reverse	-0.00942037028226328
1	candidate	heat_diffusion	teardownMs	p95Ms	2.975373999999988	2.2767770000000382	0.05	True	reverse	-0.23479300417357707
1	candidate	heat_diffusion	teardownMs	p99Ms	2.975373999999988	2.2767770000000382	0.05	True	reverse	-0.23479300417357707
1	candidate	heat_diffusion	coldWallMs	p50Ms	4.630848999999984	5.028474999999986	0.05	False	reverse	0.08586460063802637
1	candidate	heat_diffusion	coldWallMs	p95Ms	7.122206000000006	7.023619999999994	0.05	True	reverse	-0.01384205960906093
1	candidate	heat_diffusion	coldWallMs	p99Ms	7.122206000000006	7.023619999999994	0.05	True	reverse	-0.01384205960906093
1	candidate	heat_diffusion	peakProcessRssBytes	p50Ms	153542656	156733440	0.1	True	reverse	0.020781091607533497
1	candidate	heat_diffusion	peakProcessRssBytes	p95Ms	161439744	160473088	0.1	True	reverse	-0.005987720099457028
1	candidate	heat_diffusion	peakProcessRssBytes	p99Ms	161439744	160473088	0.1	True	reverse	-0.005987720099457028
1	candidate	heat_diffusion	allocatedBufferBytes	p50Ms	1310752	1310752	0.1	True	reverse	0.0
1	candidate	heat_diffusion	allocatedBufferBytes	p95Ms	1310752	1310752	0.1	True	reverse	0.0
1	candidate	heat_diffusion	allocatedBufferBytes	p99Ms	1310752	1310752	0.1	True	reverse	0.0
1	candidate	heat_diffusion	coldCpuMs	p50Ms	4.079	4.954	0.1	False	reverse	0.21451336111792108
1	candidate	heat_diffusion	coldCpuMs	p95Ms	6.704	6.351	0.1	True	reverse	-0.05265513126491639
1	candidate	heat_diffusion	coldCpuMs	p99Ms	6.704	6.351	0.1	True	reverse	-0.05265513126491639
1	candidate	heat_diffusion	wallMs	p50Ms	0.5639850000000024	0.574986000000024	0.05	True	reverse	0.019505837921259594
1	candidate	heat_diffusion	wallMs	p95Ms	1.0224799999999732	1.0261780000000158	0.05	True	reverse	0.003616696659145102
1	candidate	heat_diffusion	wallMs	p99Ms	1.2944840000000113	1.2443779999999833	0.05	True	reverse	-0.03870731503829139
1	candidate	heat_diffusion	cpuMs	p50Ms	0.42	0.429	0.1	True	reverse	0.021428571428571352
1	candidate	heat_diffusion	cpuMs	p95Ms	1	1.003	0.1	True	reverse	0.0029999999999998916
1	candidate	heat_diffusion	cpuMs	p99Ms	1.899	1.635	0.1	True	reverse	-0.13902053712480256
1	candidate	heat_diffusion	upload	p50Ms	0.013746000000026015	0.013987000000042826	0.05	True	reverse	0.01753237305516908
1	candidate	heat_diffusion	upload	p95Ms	0.020779000000004544	0.023244000000033793	0.05	False	reverse	0.11862938543860202
1	candidate	heat_diffusion	upload	p99Ms	0.03897399999999607	0.038202000000012504	0.05	True	reverse	-0.019808077179238492
1	candidate	heat_diffusion	encode	p50Ms	0.06034400000004325	0.061136000000033164	0.05	True	reverse	0.013124751424985925
1	candidate	heat_diffusion	encode	p95Ms	0.10529900000000225	0.11749100000002954	0.05	False	reverse	0.11578457535234943
1	candidate	heat_diffusion	encode	p99Ms	0.2041849999999954	0.19309499999997115	0.05	True	reverse	-0.05431349021732501
1	candidate	heat_diffusion	submitWait	p50Ms	0.22392300000001342	0.2301649999999995	0.05	True	reverse	0.027875653684461765
1	candidate	heat_diffusion	submitWait	p95Ms	0.35707400000001144	0.3466250000000173	0.05	True	reverse	-0.02926284187589634
1	candidate	heat_diffusion	submitWait	p99Ms	0.5015869999999722	0.5099429999999643	0.05	True	reverse	0.016659123940597542
1	candidate	heat_diffusion	readback	p50Ms	0.02189099999998234	0.022311999999999443	0.05	True	reverse	0.019231647709901045
1	candidate	heat_diffusion	readback	p95Ms	0.04959400000001324	0.053219999999953416	0.05	False	reverse	0.07311368310560162
1	candidate	heat_diffusion	readback	p99Ms	0.49192799999997305	0.4551899999999591	0.05	True	reverse	-0.07468166073087101
1	candidate	heat_diffusion	total	p50Ms	0.4352710000000002	0.44518099999999095	0.05	True	reverse	0.022767425351081894
1	candidate	heat_diffusion	total	p95Ms	0.8127839999999651	0.832492000000002	0.05	True	reverse	0.024247524557616584
1	candidate	heat_diffusion	total	p99Ms	1.0832260000000247	1.0303940000000011	0.05	True	reverse	-0.048772832262170884
1	candidate	image_edges	deviceStartupMs	p50Ms	53.570864	53.772116	0.05	True	forward	0.0037567435910683677
1	candidate	image_edges	deviceStartupMs	p95Ms	58.95971899999999	59.11761	0.05	True	forward	0.00267794695561574
1	candidate	image_edges	deviceStartupMs	p99Ms	58.95971899999999	59.11761	0.05	True	forward	0.00267794695561574
1	candidate	image_edges	preparationMs	p50Ms	6.450282999999985	6.218919	0.05	True	forward	-0.035868813817934164
1	candidate	image_edges	preparationMs	p95Ms	7.292235000000005	6.67800299999999	0.05	True	forward	-0.08423096622640591
1	candidate	image_edges	preparationMs	p99Ms	7.292235000000005	6.67800299999999	0.05	True	forward	-0.08423096622640591
1	candidate	image_edges	teardownMs	p50Ms	1.9144139999999652	1.9167100000000232	0.05	True	forward	0.0011993226125894818
1	candidate	image_edges	teardownMs	p95Ms	2.588343000000009	3.0021240000000375	0.05	False	forward	0.15986327932581856
1	candidate	image_edges	teardownMs	p99Ms	2.588343000000009	3.0021240000000375	0.05	False	forward	0.15986327932581856
1	candidate	image_edges	coldWallMs	p50Ms	5.094101999999992	4.704180000000008	0.05	True	forward	-0.07654381478815797
1	candidate	image_edges	coldWallMs	p95Ms	6.69248300000001	5.679009999999977	0.05	True	forward	-0.15143452736451202
1	candidate	image_edges	coldWallMs	p99Ms	6.69248300000001	5.679009999999977	0.05	True	forward	-0.15143452736451202
1	candidate	image_edges	peakProcessRssBytes	p50Ms	151576576	151257088	0.1	True	forward	-0.0021077663081662257
1	candidate	image_edges	peakProcessRssBytes	p95Ms	152272896	152580096	0.1	True	forward	0.002017430600387282
1	candidate	image_edges	peakProcessRssBytes	p99Ms	152272896	152580096	0.1	True	forward	0.002017430600387282
1	candidate	image_edges	allocatedBufferBytes	p50Ms	1310752	1310752	0.1	True	forward	0.0
1	candidate	image_edges	allocatedBufferBytes	p95Ms	1310752	1310752	0.1	True	forward	0.0
1	candidate	image_edges	allocatedBufferBytes	p99Ms	1310752	1310752	0.1	True	forward	0.0
1	candidate	image_edges	coldCpuMs	p50Ms	4.829	4.35	0.1	True	forward	-0.09919237937461178
1	candidate	image_edges	coldCpuMs	p95Ms	6.316	5.38	0.1	True	forward	-0.14819506016466122
1	candidate	image_edges	coldCpuMs	p99Ms	6.316	5.38	0.1	True	forward	-0.14819506016466122
1	candidate	image_edges	wallMs	p50Ms	0.48965400000003	0.4821099999999774	0.05	True	forward	-0.015406797453001775
1	candidate	image_edges	wallMs	p95Ms	0.7622000000000071	0.6720589999999902	0.05	True	forward	-0.11826423510891637
1	candidate	image_edges	wallMs	p99Ms	1.0107679999999846	0.9226530000000253	0.05	True	forward	-0.08717628575495129
1	candidate	image_edges	cpuMs	p50Ms	0.399	0.391	0.1	True	forward	-0.020050125313283207
1	candidate	image_edges	cpuMs	p95Ms	1.026	1.02	0.1	True	forward	-0.005847953216374324
1	candidate	image_edges	cpuMs	p99Ms	1.954	1.807	0.1	True	forward	-0.07523029682702154
1	candidate	image_edges	upload	p50Ms	0.013866000000007261	0.013645999999994274	0.05	True	forward	-0.015866147411861542
1	candidate	image_edges	upload	p95Ms	0.018074000000012802	0.017643000000020947	0.05	True	forward	-0.023846409206127572
1	candidate	image_edges	upload	p99Ms	0.028454000000010637	0.021149999999977354	0.05	True	forward	-0.2566950165189623
1	candidate	image_edges	encode	p50Ms	0.044784999999990305	0.043131999999957316	0.05	True	forward	-0.03690967958096114
1	candidate	image_edges	encode	p95Ms	0.07017200000001367	0.0644919999999729	0.05	True	forward	-0.08094396625491163
1	candidate	image_edges	encode	p99Ms	0.11791299999998728	0.09777400000001535	0.05	True	forward	-0.17079541695974232
1	candidate	image_edges	submitWait	p50Ms	0.16443099999997912	0.1615150000000085	0.05	True	forward	-0.01773388229695727
1	candidate	image_edges	submitWait	p95Ms	0.2205060000000003	0.21061800000001085	0.05	True	forward	-0.04484231721581022
1	candidate	image_edges	submitWait	p99Ms	0.3026710000000321	0.29676000000000613	0.05	True	forward	-0.019529456076153195
1	candidate	image_edges	readback	p50Ms	0.02183199999996077	0.020729000000017095	0.05	True	forward	-0.050522169290292185
1	candidate	image_edges	readback	p95Ms	0.0463980000000106	0.02803300000005038	0.05	True	forward	-0.3958144747608954
1	candidate	image_edges	readback	p99Ms	0.4031309999999735	0.37926600000002963	0.05	True	forward	-0.0591991188966996
1	candidate	image_edges	total	p50Ms	0.3604699999999639	0.3542190000000005	0.05	True	forward	-0.01734124892491473
1	candidate	image_edges	total	p95Ms	0.5613900000000172	0.497950000000003	0.05	True	forward	-0.11300521918810846
1	candidate	image_edges	total	p99Ms	0.8430720000000065	0.7810749999999871	0.05	True	forward	-0.07353701700450133
1	candidate	image_edges	deviceStartupMs	p50Ms	53.772116	53.570864	0.05	True	reverse	-0.0037426832896068074
1	candidate	image_edges	deviceStartupMs	p95Ms	59.11761	58.95971899999999	0.05	True	reverse	-0.002670794709055513
1	candidate	image_edges	deviceStartupMs	p99Ms	59.11761	58.95971899999999	0.05	True	reverse	-0.002670794709055513
1	candidate	image_edges	preparationMs	p50Ms	6.218919	6.450282999999985	0.05	True	reverse	0.03720325027548754
1	candidate	image_edges	preparationMs	p95Ms	6.67800299999999	7.292235000000005	0.05	False	reverse	0.09197839533765051
1	candidate	image_edges	preparationMs	p99Ms	6.67800299999999	7.292235000000005	0.05	False	reverse	0.09197839533765051
1	candidate	image_edges	teardownMs	p50Ms	1.9167100000000232	1.9144139999999652	0.05	True	reverse	-0.0011978859608694492
1	candidate	image_edges	teardownMs	p95Ms	3.0021240000000375	2.588343000000009	0.05	True	reverse	-0.1378294167729326
1	candidate	image_edges	teardownMs	p99Ms	3.0021240000000375	2.588343000000009	0.05	True	reverse	-0.1378294167729326
1	candidate	image_edges	coldWallMs	p50Ms	4.704180000000008	5.094101999999992	0.05	False	reverse	0.08288840988227153
1	candidate	image_edges	coldWallMs	p95Ms	5.679009999999977	6.69248300000001	0.05	False	reverse	0.17845944979847506
1	candidate	image_edges	coldWallMs	p99Ms	5.679009999999977	6.69248300000001	0.05	False	reverse	0.17845944979847506
1	candidate	image_edges	peakProcessRssBytes	p50Ms	151257088	151576576	0.1	True	reverse	0.0021122183708839337
1	candidate	image_edges	peakProcessRssBytes	p95Ms	152580096	152272896	0.1	True	reverse	-0.00201336876862368
1	candidate	image_edges	peakProcessRssBytes	p99Ms	152580096	152272896	0.1	True	reverse	-0.00201336876862368
1	candidate	image_edges	allocatedBufferBytes	p50Ms	1310752	1310752	0.1	True	reverse	0.0
1	candidate	image_edges	allocatedBufferBytes	p95Ms	1310752	1310752	0.1	True	reverse	0.0
1	candidate	image_edges	allocatedBufferBytes	p99Ms	1310752	1310752	0.1	True	reverse	0.0
1	candidate	image_edges	coldCpuMs	p50Ms	4.35	4.829	0.1	False	reverse	0.11011494252873577
1	candidate	image_edges	coldCpuMs	p95Ms	5.38	6.316	0.1	False	reverse	0.17397769516728623
1	candidate	image_edges	coldCpuMs	p99Ms	5.38	6.316	0.1	False	reverse	0.17397769516728623
1	candidate	image_edges	wallMs	p50Ms	0.4821099999999774	0.48965400000003	0.05	True	reverse	0.01564788118905014
1	candidate	image_edges	wallMs	p95Ms	0.6720589999999902	0.7622000000000071	0.05	False	reverse	0.13412661685955873
1	candidate	image_edges	wallMs	p99Ms	0.9226530000000253	1.0107679999999846	0.05	False	reverse	0.09550177585718234
1	candidate	image_edges	cpuMs	p50Ms	0.391	0.399	0.1	True	reverse	0.020460358056265893
1	candidate	image_edges	cpuMs	p95Ms	1.02	1.026	0.1	True	reverse	0.00588235294117645
1	candidate	image_edges	cpuMs	p99Ms	1.807	1.954	0.1	True	reverse	0.08135030437188706
1	candidate	image_edges	upload	p50Ms	0.013645999999994274	0.013866000000007261	0.05	True	reverse	0.016121940496341747
1	candidate	image_edges	upload	p95Ms	0.017643000000020947	0.018074000000012802	0.05	True	reverse	0.02442895199180084
1	candidate	image_edges	upload	p99Ms	0.021149999999977354	0.028454000000010637	0.05	False	reverse	0.34534278960005227
1	candidate	image_edges	encode	p50Ms	0.043131999999957316	0.044784999999990305	0.05	True	reverse	0.03832421404142217
1	candidate	image_edges	encode	p95Ms	0.0644919999999729	0.07017200000001367	0.05	False	reverse	0.08807293927995952
1	candidate	image_edges	encode	p99Ms	0.09777400000001535	0.11791299999998728	0.05	False	reverse	0.20597500357936438
1	candidate	image_edges	submitWait	p50Ms	0.1615150000000085	0.16443099999997912	0.05	True	reverse	0.0180540507071818
1	candidate	image_edges	submitWait	p95Ms	0.21061800000001085	0.2205060000000003	0.05	True	reverse	0.046947554340032394
1	candidate	image_edges	submitWait	p99Ms	0.29676000000000613	0.3026710000000321	0.05	True	reverse	0.019918452621734195
1	candidate	image_edges	readback	p50Ms	0.020729000000017095	0.02183199999996077	0.05	False	reverse	0.05321047807143464
1	candidate	image_edges	readback	p95Ms	0.02803300000005038	0.0463980000000106	0.05	False	reverse	0.6551207505414054
1	candidate	image_edges	readback	p99Ms	0.37926600000002963	0.4031309999999735	0.05	False	reverse	0.06292417458971267
1	candidate	image_edges	total	p50Ms	0.3542190000000005	0.3604699999999639	0.05	True	reverse	0.01764727470848082
1	candidate	image_edges	total	p95Ms	0.497950000000003	0.5613900000000172	0.05	False	reverse	0.12740234963352504
1	candidate	image_edges	total	p99Ms	0.7810749999999871	0.8430720000000065	0.05	False	reverse	0.07937393976253304
1	candidate	holoscript_lif	deviceStartupMs	p50Ms	54.548488000000006	55.77829999999999	0.05	True	forward	0.022545299514076023
1	candidate	holoscript_lif	deviceStartupMs	p95Ms	66.92898	67.86012	0.05	True	forward	0.013912359040881839
1	candidate	holoscript_lif	deviceStartupMs	p99Ms	66.92898	67.86012	0.05	True	forward	0.013912359040881839
1	candidate	holoscript_lif	preparationMs	p50Ms	5.889699000000007	5.859474000000006	0.05	True	forward	-0.0051318412027510085
1	candidate	holoscript_lif	preparationMs	p95Ms	12.269166000000013	8.086131000000023	0.05	True	forward	-0.34093882175854373
1	candidate	holoscript_lif	preparationMs	p99Ms	12.269166000000013	8.086131000000023	0.05	True	forward	-0.34093882175854373
1	candidate	holoscript_lif	teardownMs	p50Ms	2.163881999999944	2.3853450000000294	0.05	False	forward	0.10234522954583047
1	candidate	holoscript_lif	teardownMs	p95Ms	2.5794870000000856	2.8852849999999535	0.05	False	forward	0.11854992872608294
1	candidate	holoscript_lif	teardownMs	p99Ms	2.5794870000000856	2.8852849999999535	0.05	False	forward	0.11854992872608294
1	candidate	holoscript_lif	coldWallMs	p50Ms	5.768029000000013	5.986095000000006	0.05	True	forward	0.03780598190473605
1	candidate	holoscript_lif	coldWallMs	p95Ms	9.189745000000016	11.454097000000019	0.05	False	forward	0.2463998729018051
1	candidate	holoscript_lif	coldWallMs	p99Ms	9.189745000000016	11.454097000000019	0.05	False	forward	0.2463998729018051
1	candidate	holoscript_lif	peakProcessRssBytes	p50Ms	159481856	157167616	0.1	True	forward	-0.014510992397780975
1	candidate	holoscript_lif	peakProcessRssBytes	p95Ms	162029568	162107392	0.1	True	forward	0.0004803073967338811
1	candidate	holoscript_lif	peakProcessRssBytes	p99Ms	162029568	162107392	0.1	True	forward	0.0004803073967338811
1	candidate	holoscript_lif	allocatedBufferBytes	p50Ms	2097216	2097216	0.1	True	forward	0.0
1	candidate	holoscript_lif	allocatedBufferBytes	p95Ms	2097216	2097216	0.1	True	forward	0.0
1	candidate	holoscript_lif	allocatedBufferBytes	p99Ms	2097216	2097216	0.1	True	forward	0.0
1	candidate	holoscript_lif	coldCpuMs	p50Ms	5.409	5.681	0.1	True	forward	0.05028655943797378
1	candidate	holoscript_lif	coldCpuMs	p95Ms	19.512	21.367	0.1	True	forward	0.09506970069700693
1	candidate	holoscript_lif	coldCpuMs	p99Ms	19.512	21.367	0.1	True	forward	0.09506970069700693
1	candidate	holoscript_lif	wallMs	p50Ms	0.789051000000029	0.7972750000000133	0.05	True	forward	0.010422646951824266
1	candidate	holoscript_lif	wallMs	p95Ms	1.2781929999999875	1.3270860000000084	0.05	True	forward	0.03825165683118392
1	candidate	holoscript_lif	wallMs	p99Ms	1.597325000000069	1.7736489999999776	0.05	False	forward	0.11038705335476573
1	candidate	holoscript_lif	cpuMs	p50Ms	0.647	0.649	0.1	True	forward	0.0030911901081915882
1	candidate	holoscript_lif	cpuMs	p95Ms	1.376	1.653	0.1	False	forward	0.2013081395348839
1	candidate	holoscript_lif	cpuMs	p99Ms	2.802	3.31	0.1	False	forward	0.18129907209136342
1	candidate	holoscript_lif	upload	p50Ms	0.025296999999966374	0.025367999999957647	0.05	True	forward	0.002806656915498529
1	candidate	holoscript_lif	upload	p95Ms	0.06584399999997004	0.06605500000000575	0.05	True	forward	0.003204544074415283
1	candidate	holoscript_lif	upload	p99Ms	0.39799099999999044	0.4227779999999939	0.05	False	forward	0.062280302820928224
1	candidate	holoscript_lif	encode	p50Ms	0.04954400000002579	0.04985399999998208	0.05	True	forward	0.006257064426693937
1	candidate	holoscript_lif	encode	p95Ms	0.07883800000001884	0.08459000000004835	0.05	False	forward	0.07295974022715113
1	candidate	holoscript_lif	encode	p99Ms	0.13856199999997898	0.15063499999996566	0.05	False	forward	0.08713067074658642
1	candidate	holoscript_lif	submitWait	p50Ms	0.21131900000000314	0.21550700000000234	0.05	True	forward	0.01981837884903448
1	candidate	holoscript_lif	submitWait	p95Ms	0.4159260000000131	0.42833899999999403	0.05	True	forward	0.029844251140781042
1	candidate	holoscript_lif	submitWait	p99Ms	0.5033109999999397	0.5937910000000102	0.05	False	forward	0.17976956593454418
1	candidate	holoscript_lif	readback	p50Ms	0.03456599999998389	0.03459499999996751	0.05	True	forward	0.000838974714564511
1	candidate	holoscript_lif	readback	p95Ms	0.0427710000000161	0.06220700000005763	0.05	False	forward	0.45442005096991456
1	candidate	holoscript_lif	readback	p99Ms	0.08285599999999249	0.09600100000000111	0.05	False	forward	0.15864873998273898
1	candidate	holoscript_lif	total	p50Ms	0.5409310000000005	0.5483249999999771	0.05	True	forward	0.013669026178896315
1	candidate	holoscript_lif	total	p95Ms	0.9086869999999863	0.9728979999999865	0.05	False	forward	0.07066349579118136
1	candidate	holoscript_lif	total	p99Ms	1.2378160000000094	1.3477459999999724	0.05	False	forward	0.08880964537537261
1	candidate	holoscript_lif	deviceStartupMs	p50Ms	55.77829999999999	54.548488000000006	0.05	True	reverse	-0.022048215883237465
1	candidate	holoscript_lif	deviceStartupMs	p95Ms	67.86012	66.92898	0.05	True	reverse	-0.013721461146841474
1	candidate	holoscript_lif	deviceStartupMs	p99Ms	67.86012	66.92898	0.05	True	reverse	-0.013721461146841474
1	candidate	holoscript_lif	preparationMs	p50Ms	5.859474000000006	5.889699000000007	0.05	True	reverse	0.005158312845146451
1	candidate	holoscript_lif	preparationMs	p95Ms	8.086131000000023	12.269166000000013	0.05	False	reverse	0.5173098234495555
1	candidate	holoscript_lif	preparationMs	p99Ms	8.086131000000023	12.269166000000013	0.05	False	reverse	0.5173098234495555
1	candidate	holoscript_lif	teardownMs	p50Ms	2.3853450000000294	2.163881999999944	0.05	True	reverse	-0.09284317362900651
1	candidate	holoscript_lif	teardownMs	p95Ms	2.8852849999999535	2.5794870000000856	0.05	True	reverse	-0.10598537059592827
1	candidate	holoscript_lif	teardownMs	p99Ms	2.8852849999999535	2.5794870000000856	0.05	True	reverse	-0.10598537059592827
1	candidate	holoscript_lif	coldWallMs	p50Ms	5.986095000000006	5.768029000000013	0.05	True	reverse	-0.03642875697762782
1	candidate	holoscript_lif	coldWallMs	p95Ms	11.454097000000019	9.189745000000016	0.05	True	reverse	-0.19768926350108595
1	candidate	holoscript_lif	coldWallMs	p99Ms	11.454097000000019	9.189745000000016	0.05	True	reverse	-0.19768926350108595
1	candidate	holoscript_lif	peakProcessRssBytes	p50Ms	157167616	159481856	0.1	True	reverse	0.014724661854004228
1	candidate	holoscript_lif	peakProcessRssBytes	p95Ms	162107392	162029568	0.1	True	reverse	-0.000480076812290009
1	candidate	holoscript_lif	peakProcessRssBytes	p99Ms	162107392	162029568	0.1	True	reverse	-0.000480076812290009
1	candidate	holoscript_lif	allocatedBufferBytes	p50Ms	2097216	2097216	0.1	True	reverse	0.0
1	candidate	holoscript_lif	allocatedBufferBytes	p95Ms	2097216	2097216	0.1	True	reverse	0.0
1	candidate	holoscript_lif	allocatedBufferBytes	p99Ms	2097216	2097216	0.1	True	reverse	0.0
1	candidate	holoscript_lif	coldCpuMs	p50Ms	5.681	5.409	0.1	True	reverse	-0.04787889456081684
1	candidate	holoscript_lif	coldCpuMs	p95Ms	21.367	19.512	0.1	True	reverse	-0.08681611831328684
1	candidate	holoscript_lif	coldCpuMs	p99Ms	21.367	19.512	0.1	True	reverse	-0.08681611831328684
1	candidate	holoscript_lif	wallMs	p50Ms	0.7972750000000133	0.789051000000029	0.05	True	reverse	-0.010315135931747599
1	candidate	holoscript_lif	wallMs	p95Ms	1.3270860000000084	1.2781929999999875	0.05	True	reverse	-0.0368423749478336
1	candidate	holoscript_lif	wallMs	p99Ms	1.7736489999999776	1.597325000000069	0.05	True	reverse	-0.0994131307828724
1	candidate	holoscript_lif	cpuMs	p50Ms	0.649	0.647	0.1	True	reverse	-0.0030816640986132127
1	candidate	holoscript_lif	cpuMs	p95Ms	1.653	1.376	0.1	True	reverse	-0.16757410768300074
1	candidate	holoscript_lif	cpuMs	p99Ms	3.31	2.802	0.1	True	reverse	-0.15347432024169183
1	candidate	holoscript_lif	upload	p50Ms	0.025367999999957647	0.025296999999966374	0.05	True	reverse	-0.002798801639521842
1	candidate	holoscript_lif	upload	p95Ms	0.06605500000000575	0.06584399999997004	0.05	True	reverse	-0.003194307774365135
1	candidate	holoscript_lif	upload	p99Ms	0.4227779999999939	0.39799099999999044	0.05	True	reverse	-0.05862887851308207
1	candidate	holoscript_lif	encode	p50Ms	0.04985399999998208	0.04954400000002579	0.05	True	reverse	-0.006218157017619519
1	candidate	holoscript_lif	encode	p95Ms	0.08459000000004835	0.07883800000001884	0.05	True	reverse	-0.0679985813929096
1	candidate	holoscript_lif	encode	p99Ms	0.15063499999996566	0.13856199999997898	0.05	True	reverse	-0.08014737610774014
1	candidate	holoscript_lif	submitWait	p50Ms	0.21550700000000234	0.21131900000000314	0.05	True	reverse	-0.01943324346772568
1	candidate	holoscript_lif	submitWait	p95Ms	0.42833899999999403	0.4159260000000131	0.05	True	reverse	-0.02897938315208537
1	candidate	holoscript_lif	submitWait	p99Ms	0.5937910000000102	0.5033109999999397	0.05	True	reverse	-0.15237684639893323
1	candidate	holoscript_lif	readback	p50Ms	0.03459499999996751	0.03456599999998389	0.05	True	reverse	-0.0008382714260342095
1	candidate	holoscript_lif	readback	p95Ms	0.06220700000005763	0.0427710000000161	0.05	True	reverse	-0.31244072210560747
1	candidate	holoscript_lif	readback	p99Ms	0.09600100000000111	0.08285599999999249	0.05	True	reverse	-0.13692565702449422
1	candidate	holoscript_lif	total	p50Ms	0.5483249999999771	0.5409310000000005	0.05	True	reverse	-0.013484703414903376
1	candidate	holoscript_lif	total	p95Ms	0.9728979999999865	0.9086869999999863	0.05	True	reverse	-0.06599972453433056
1	candidate	holoscript_lif	total	p99Ms	1.3477459999999724	1.2378160000000094	0.05	True	reverse	-0.08156581432997412
2	baseline	heat_diffusion	deviceStartupMs	p50Ms	58.001508999999984	54.99404200000001	0.05	True	forward	-0.051851530276565305
2	baseline	heat_diffusion	deviceStartupMs	p95Ms	74.92595200000001	63.76457500000001	0.05	True	forward	-0.14896543456665057
2	baseline	heat_diffusion	deviceStartupMs	p99Ms	74.92595200000001	63.76457500000001	0.05	True	forward	-0.14896543456665057
2	baseline	heat_diffusion	preparationMs	p50Ms	6.869915999999989	6.628358999999989	0.05	True	forward	-0.03516156529424819
2	baseline	heat_diffusion	preparationMs	p95Ms	12.255657999999983	11.149591000000015	0.05	True	forward	-0.0902494994556775
2	baseline	heat_diffusion	preparationMs	p99Ms	12.255657999999983	11.149591000000015	0.05	True	forward	-0.0902494994556775
2	baseline	heat_diffusion	teardownMs	p50Ms	1.8780419999999935	1.9227769999999964	0.05	True	forward	0.023820021064493213
2	baseline	heat_diffusion	teardownMs	p95Ms	2.4208450000000425	2.38904500000001	0.05	True	forward	-0.01313590915570051
2	baseline	heat_diffusion	teardownMs	p99Ms	2.4208450000000425	2.38904500000001	0.05	True	forward	-0.01313590915570051
2	baseline	heat_diffusion	coldWallMs	p50Ms	5.652414000000022	4.887288000000012	0.05	True	forward	-0.13536269636300635
2	baseline	heat_diffusion	coldWallMs	p95Ms	6.450391999999994	6.279720999999995	0.05	True	forward	-0.026459012103450252
2	baseline	heat_diffusion	coldWallMs	p99Ms	6.450391999999994	6.279720999999995	0.05	True	forward	-0.026459012103450252
2	baseline	heat_diffusion	peakProcessRssBytes	p50Ms	153063424	154021888	0.1	True	forward	0.006261874816023916
2	baseline	heat_diffusion	peakProcessRssBytes	p95Ms	159576064	160178176	0.1	True	forward	0.0037731974640005106
2	baseline	heat_diffusion	peakProcessRssBytes	p99Ms	159576064	160178176	0.1	True	forward	0.0037731974640005106
2	baseline	heat_diffusion	allocatedBufferBytes	p50Ms	1310752	1310752	0.1	True	forward	0.0
2	baseline	heat_diffusion	allocatedBufferBytes	p95Ms	1310752	1310752	0.1	True	forward	0.0
2	baseline	heat_diffusion	allocatedBufferBytes	p99Ms	1310752	1310752	0.1	True	forward	0.0
2	baseline	heat_diffusion	coldCpuMs	p50Ms	5.284	4.277	0.1	True	forward	-0.19057532172596514
2	baseline	heat_diffusion	coldCpuMs	p95Ms	6.018	5.821	0.1	True	forward	-0.032735127949484855
2	baseline	heat_diffusion	coldCpuMs	p99Ms	6.018	5.821	0.1	True	forward	-0.032735127949484855
2	baseline	heat_diffusion	wallMs	p50Ms	0.5630620000000022	0.5642439999999738	0.05	True	forward	0.002099235963306967
2	baseline	heat_diffusion	wallMs	p95Ms	0.9673750000000041	0.9934930000000008	0.05	True	forward	0.026998837059048153
2	baseline	heat_diffusion	wallMs	p99Ms	1.2700750000000198	1.2403889999999933	0.05	True	forward	-0.02337342282938104
2	baseline	heat_diffusion	cpuMs	p50Ms	0.422	0.422	0.1	True	forward	0.0
2	baseline	heat_diffusion	cpuMs	p95Ms	0.976	1.023	0.1	True	forward	0.04815573770491799
2	baseline	heat_diffusion	cpuMs	p99Ms	1.795	2.176	0.1	False	forward	0.2122562674094708
2	baseline	heat_diffusion	upload	p50Ms	0.013807000000042535	0.01388600000001361	0.05	True	forward	0.005721735349520696
2	baseline	heat_diffusion	upload	p95Ms	0.019275999999990745	0.019256999999981872	0.05	True	forward	-0.0009856816771571797
2	baseline	heat_diffusion	upload	p99Ms	0.03836300000000392	0.033011999999985164	0.05	True	forward	-0.1394833563594664
2	baseline	heat_diffusion	encode	p50Ms	0.06026400000001786	0.05959300000000667	0.05	True	forward	-0.011134342227714589
2	baseline	heat_diffusion	encode	p95Ms	0.09812500000003865	0.09827599999999848	0.05	True	forward	0.0015388535027747174
2	baseline	heat_diffusion	encode	p99Ms	0.19570899999996527	0.1938650000000166	0.05	True	forward	-0.00942215227684462
2	baseline	heat_diffusion	submitWait	p50Ms	0.22278999999997495	0.22508499999997866	0.05	True	forward	0.010301180483881511
2	baseline	heat_diffusion	submitWait	p95Ms	0.30006600000001526	0.32593400000001793	0.05	False	forward	0.08620770097245734
2	baseline	heat_diffusion	submitWait	p99Ms	0.5064849999999979	0.4998429999999985	0.05	True	forward	-0.013113912554171159
2	baseline	heat_diffusion	readback	p50Ms	0.02206100000000788	0.022052000000030603	0.05	True	forward	-0.0004079597469414109
2	baseline	heat_diffusion	readback	p95Ms	0.051838000000032025	0.05009499999999889	0.05	True	forward	-0.0336239824073471
2	baseline	heat_diffusion	readback	p99Ms	0.4632839999999874	0.46098899999998366	0.05	True	forward	-0.004953764861302723
2	baseline	heat_diffusion	total	p50Ms	0.43479100000001836	0.43573200000003	0.05	True	forward	0.002164258229842897
2	baseline	heat_diffusion	total	p95Ms	0.7881570000000124	0.8093670000000088	0.05	True	forward	0.026910881968942757
2	baseline	heat_diffusion	total	p99Ms	1.0294319999999857	1.0218570000000113	0.05	True	forward	-0.007358426782900107
2	baseline	heat_diffusion	deviceStartupMs	p50Ms	54.99404200000001	58.001508999999984	0.05	False	reverse	0.0546871422907953
2	baseline	heat_diffusion	deviceStartupMs	p95Ms	63.76457500000001	74.92595200000001	0.05	False	reverse	0.17504040448791502
2	baseline	heat_diffusion	deviceStartupMs	p99Ms	63.76457500000001	74.92595200000001	0.05	False	reverse	0.17504040448791502
2	baseline	heat_diffusion	preparationMs	p50Ms	6.628358999999989	6.869915999999989	0.05	True	reverse	0.03644295669561659
2	baseline	heat_diffusion	preparationMs	p95Ms	11.149591000000015	12.255657999999983	0.05	False	reverse	0.09920247298757112
2	baseline	heat_diffusion	preparationMs	p99Ms	11.149591000000015	12.255657999999983	0.05	False	reverse	0.09920247298757112
2	baseline	heat_diffusion	teardownMs	p50Ms	1.9227769999999964	1.8780419999999935	0.05	True	reverse	-0.02326582853862036
2	baseline	heat_diffusion	teardownMs	p95Ms	2.38904500000001	2.4208450000000425	0.05	True	reverse	0.013310758064428496
2	baseline	heat_diffusion	teardownMs	p99Ms	2.38904500000001	2.4208450000000425	0.05	True	reverse	0.013310758064428496
2	baseline	heat_diffusion	coldWallMs	p50Ms	4.887288000000012	5.652414000000022	0.05	False	reverse	0.15655430987492602
2	baseline	heat_diffusion	coldWallMs	p95Ms	6.279720999999995	6.450391999999994	0.05	True	reverse	0.027178118263534223
2	baseline	heat_diffusion	coldWallMs	p99Ms	6.279720999999995	6.450391999999994	0.05	True	reverse	0.027178118263534223
2	baseline	heat_diffusion	peakProcessRssBytes	p50Ms	154021888	153063424	0.1	True	reverse	-0.006222907746722295
2	baseline	heat_diffusion	peakProcessRssBytes	p95Ms	160178176	159576064	0.1	True	reverse	-0.003759013962051805
2	baseline	heat_diffusion	peakProcessRssBytes	p99Ms	160178176	159576064	0.1	True	reverse	-0.003759013962051805
2	baseline	heat_diffusion	allocatedBufferBytes	p50Ms	1310752	1310752	0.1	True	reverse	0.0
2	baseline	heat_diffusion	allocatedBufferBytes	p95Ms	1310752	1310752	0.1	True	reverse	0.0
2	baseline	heat_diffusion	allocatedBufferBytes	p99Ms	1310752	1310752	0.1	True	reverse	0.0
2	baseline	heat_diffusion	coldCpuMs	p50Ms	4.277	5.284	0.1	False	reverse	0.23544540565817162
2	baseline	heat_diffusion	coldCpuMs	p95Ms	5.821	6.018	0.1	True	reverse	0.0338429823054458
2	baseline	heat_diffusion	coldCpuMs	p99Ms	5.821	6.018	0.1	True	reverse	0.0338429823054458
2	baseline	heat_diffusion	wallMs	p50Ms	0.5642439999999738	0.5630620000000022	0.05	True	reverse	-0.0020948384031936884
2	baseline	heat_diffusion	wallMs	p95Ms	0.9934930000000008	0.9673750000000041	0.05	True	reverse	-0.026289062932498553
2	baseline	heat_diffusion	wallMs	p99Ms	1.2403889999999933	1.2700750000000198	0.05	True	reverse	0.023932814625110987
2	baseline	heat_diffusion	cpuMs	p50Ms	0.422	0.422	0.1	True	reverse	0.0
2	baseline	heat_diffusion	cpuMs	p95Ms	1.023	0.976	0.1	True	reverse	-0.045943304007820096
2	baseline	heat_diffusion	cpuMs	p99Ms	2.176	1.795	0.1	True	reverse	-0.17509191176470595
2	baseline	heat_diffusion	upload	p50Ms	0.01388600000001361	0.013807000000042535	0.05	True	reverse	-0.005689183348048132
2	baseline	heat_diffusion	upload	p95Ms	0.019256999999981872	0.019275999999990745	0.05	True	reverse	0.0009866542041279125
2	baseline	heat_diffusion	upload	p99Ms	0.033011999999985164	0.03836300000000392	0.05	False	reverse	0.1620925723985569
2	baseline	heat_diffusion	encode	p50Ms	0.05959300000000667	0.06026400000001786	0.05	True	reverse	0.011259711711293585
2	baseline	heat_diffusion	encode	p95Ms	0.09827599999999848	0.09812500000003865	0.05	True	reverse	-0.0015364890711855317
2	baseline	heat_diffusion	encode	p99Ms	0.1938650000000166	0.19570899999996527	0.05	True	reverse	0.00951177365666056
2	baseline	heat_diffusion	submitWait	p50Ms	0.22508499999997866	0.22278999999997495	0.05	True	reverse	-0.010196148121838111
2	baseline	heat_diffusion	submitWait	p95Ms	0.32593400000001793	0.30006600000001526	0.05	True	reverse	-0.07936576116637495
2	baseline	heat_diffusion	submitWait	p99Ms	0.4998429999999985	0.5064849999999979	0.05	True	reverse	0.013288172486159544
2	baseline	heat_diffusion	readback	p50Ms	0.022052000000030603	0.02206100000000788	0.05	True	reverse	0.0004081262460213786
2	baseline	heat_diffusion	readback	p95Ms	0.05009499999999889	0.051838000000032025	0.05	True	reverse	0.03479389160661084
2	baseline	heat_diffusion	readback	p99Ms	0.46098899999998366	0.4632839999999874	0.05	True	reverse	0.004978426817134007
2	baseline	heat_diffusion	total	p50Ms	0.43573200000003	0.43479100000001836	0.05	True	reverse	-0.0021595843316799535
2	baseline	heat_diffusion	total	p95Ms	0.8093670000000088	0.7881570000000124	0.05	True	reverse	-0.02620566442663974
2	baseline	heat_diffusion	total	p99Ms	1.0218570000000113	1.0294319999999857	0.05	True	reverse	0.007412974613839607
2	baseline	image_edges	deviceStartupMs	p50Ms	54.498248000000004	55.28439	0.05	True	forward	0.014425087573457285
2	baseline	image_edges	deviceStartupMs	p95Ms	63.46473900000001	62.43667599999999	0.05	True	forward	-0.016198963648145104
2	baseline	image_edges	deviceStartupMs	p99Ms	63.46473900000001	62.43667599999999	0.05	True	forward	-0.016198963648145104
2	baseline	image_edges	preparationMs	p50Ms	4.7518129999999985	6.342804000000001	0.05	False	forward	0.33481767906270776
2	baseline	image_edges	preparationMs	p95Ms	7.06714599999998	7.444002000000012	0.05	False	forward	0.053325062196257544
2	baseline	image_edges	preparationMs	p99Ms	7.06714599999998	7.444002000000012	0.05	False	forward	0.053325062196257544
2	baseline	image_edges	teardownMs	p50Ms	1.9260920000000397	1.9270029999999565	0.05	True	forward	0.00047297844543092715
2	baseline	image_edges	teardownMs	p95Ms	2.44296700000001	2.5134199999999964	0.05	True	forward	0.028839112439908554
2	baseline	image_edges	teardownMs	p99Ms	2.44296700000001	2.5134199999999964	0.05	True	forward	0.028839112439908554
2	baseline	image_edges	coldWallMs	p50Ms	4.184019000000006	4.325339000000014	0.05	True	forward	0.0337761372498564
2	baseline	image_edges	coldWallMs	p95Ms	6.7233409999999765	6.293416000000008	0.05	True	forward	-0.06394514274970886
2	baseline	image_edges	coldWallMs	p99Ms	6.7233409999999765	6.293416000000008	0.05	True	forward	-0.06394514274970886
2	baseline	image_edges	peakProcessRssBytes	p50Ms	150958080	150806528	0.1	True	forward	-0.0010039343372676424
2	baseline	image_edges	peakProcessRssBytes	p95Ms	152039424	151830528	0.1	True	forward	-0.0013739594277862865
2	baseline	image_edges	peakProcessRssBytes	p99Ms	152039424	151830528	0.1	True	forward	-0.0013739594277862865
2	baseline	image_edges	allocatedBufferBytes	p50Ms	1310752	1310752	0.1	True	forward	0.0
2	baseline	image_edges	allocatedBufferBytes	p95Ms	1310752	1310752	0.1	True	forward	0.0
2	baseline	image_edges	allocatedBufferBytes	p99Ms	1310752	1310752	0.1	True	forward	0.0
2	baseline	image_edges	coldCpuMs	p50Ms	3.762	3.854	0.1	True	forward	0.024455077086656063
2	baseline	image_edges	coldCpuMs	p95Ms	6.325	5.951	0.1	True	forward	-0.05913043478260882
2	baseline	image_edges	coldCpuMs	p99Ms	6.325	5.951	0.1	True	forward	-0.05913043478260882
2	baseline	image_edges	wallMs	p50Ms	0.4813679999999749	0.4847340000000031	0.05	True	forward	0.006992571172218298
2	baseline	image_edges	wallMs	p95Ms	0.7610349999999926	0.8225909999999885	0.05	False	forward	0.08088458480884131
2	baseline	image_edges	wallMs	p99Ms	1.0228290000000015	1.0829120000000216	0.05	False	forward	0.05874197935336212
2	baseline	image_edges	cpuMs	p50Ms	0.391	0.394	0.1	True	forward	0.007672634271099765
2	baseline	image_edges	cpuMs	p95Ms	1.012	1.042	0.1	True	forward	0.029644268774703608
2	baseline	image_edges	cpuMs	p99Ms	1.868	2.021	0.1	True	forward	0.08190578158458228
2	baseline	image_edges	upload	p50Ms	0.013645999999994274	0.013726000000019667	0.05	True	forward	0.005862523818366272
2	baseline	image_edges	upload	p95Ms	0.016580999999973756	0.018945000000030632	0.05	False	forward	0.14257282432064522
2	baseline	image_edges	upload	p99Ms	0.03240099999999302	0.03708999999997786	0.05	False	forward	0.1447177556243897
2	baseline	image_edges	encode	p50Ms	0.04289099999999735	0.043661999999983436	0.05	True	forward	0.017975799118373104
2	baseline	image_edges	encode	p95Ms	0.06427100000001928	0.07371899999998277	0.05	False	forward	0.14700253613543657
2	baseline	image_edges	encode	p99Ms	0.12529599999999164	0.1479489999999828	0.05	False	forward	0.1807958753670722
2	baseline	image_edges	submitWait	p50Ms	0.16040299999997387	0.16254600000002029	0.05	True	forward	0.013360099250305568
2	baseline	image_edges	submitWait	p95Ms	0.21510599999999158	0.224804000000006	0.05	True	forward	0.04508474891455738
2	baseline	image_edges	submitWait	p99Ms	0.3007369999999696	0.3318549999999618	0.05	False	forward	0.10347246930040321
2	baseline	image_edges	readback	p50Ms	0.021240000000034343	0.02154000000001588	0.05	True	forward	0.014124293784418596
2	baseline	image_edges	readback	p95Ms	0.029506000000026233	0.04753000000005159	0.05	False	forward	0.6108588083782731
2	baseline	image_edges	readback	p99Ms	0.3680439999999976	0.3964369999999917	0.05	False	forward	0.07714566736584305
2	baseline	image_edges	total	p50Ms	0.35336699999999155	0.3566130000000385	0.05	True	forward	0.009185917191042225
2	baseline	image_edges	total	p95Ms	0.5329349999999522	0.6438440000000014	0.05	False	forward	0.20810980701222315
2	baseline	image_edges	total	p99Ms	0.8286420000000021	0.8910109999999918	0.05	False	forward	0.07526652040324966
2	baseline	image_edges	deviceStartupMs	p50Ms	55.28439	54.498248000000004	0.05	True	reverse	-0.014219963356745025
2	baseline	image_edges	deviceStartupMs	p95Ms	62.43667599999999	63.46473900000001	0.05	True	reverse	0.01646569077444182
2	baseline	image_edges	deviceStartupMs	p99Ms	62.43667599999999	63.46473900000001	0.05	True	reverse	0.01646569077444182
2	baseline	image_edges	preparationMs	p50Ms	6.342804000000001	4.7518129999999985	0.05	True	reverse	-0.25083401599671096
2	baseline	image_edges	preparationMs	p95Ms	7.444002000000012	7.06714599999998	0.05	True	reverse	-0.05062545657564732
2	baseline	image_edges	preparationMs	p99Ms	7.444002000000012	7.06714599999998	0.05	True	reverse	-0.05062545657564732
2	baseline	image_edges	teardownMs	p50Ms	1.9270029999999565	1.9260920000000397	0.05	True	reverse	-0.0004727548425803585
2	baseline	image_edges	teardownMs	p95Ms	2.5134199999999964	2.44296700000001	0.05	True	reverse	-0.028030731035794454
2	baseline	image_edges	teardownMs	p99Ms	2.5134199999999964	2.44296700000001	0.05	True	reverse	-0.028030731035794454
2	baseline	image_edges	coldWallMs	p50Ms	4.325339000000014	4.184019000000006	0.05	True	reverse	-0.03267258358246761
2	baseline	image_edges	coldWallMs	p95Ms	6.293416000000008	6.7233409999999765	0.05	False	reverse	0.06831345647577858
2	baseline	image_edges	coldWallMs	p99Ms	6.293416000000008	6.7233409999999765	0.05	False	reverse	0.06831345647577858
2	baseline	image_edges	peakProcessRssBytes	p50Ms	150806528	150958080	0.1	True	reverse	0.0010049432342875697
2	baseline	image_edges	peakProcessRssBytes	p95Ms	151830528	152039424	0.1	True	reverse	0.0013758497895759447
2	baseline	image_edges	peakProcessRssBytes	p99Ms	151830528	152039424	0.1	True	reverse	0.0013758497895759447
2	baseline	image_edges	allocatedBufferBytes	p50Ms	1310752	1310752	0.1	True	reverse	0.0
2	baseline	image_edges	allocatedBufferBytes	p95Ms	1310752	1310752	0.1	True	reverse	0.0
2	baseline	image_edges	allocatedBufferBytes	p99Ms	1310752	1310752	0.1	True	reverse	0.0
2	baseline	image_edges	coldCpuMs	p50Ms	3.854	3.762	0.1	True	reverse	-0.023871302542812667
2	baseline	image_edges	coldCpuMs	p95Ms	5.951	6.325	0.1	True	reverse	0.06284658040665447
2	baseline	image_edges	coldCpuMs	p99Ms	5.951	6.325	0.1	True	reverse	0.06284658040665447
2	baseline	image_edges	wallMs	p50Ms	0.4847340000000031	0.4813679999999749	0.05	True	reverse	-0.006944014655518638
2	baseline	image_edges	wallMs	p95Ms	0.8225909999999885	0.7610349999999926	0.05	True	reverse	-0.07483184231288309
2	baseline	image_edges	wallMs	p99Ms	1.0829120000000216	1.0228290000000015	0.05	True	reverse	-0.05548280931416305
2	baseline	image_edges	cpuMs	p50Ms	0.394	0.391	0.1	True	reverse	-0.0076142131979695105
2	baseline	image_edges	cpuMs	p95Ms	1.042	1.012	0.1	True	reverse	-0.028790786948176605
2	baseline	image_edges	cpuMs	p99Ms	2.021	1.868	0.1	True	reverse	-0.07570509648688761
2	baseline	image_edges	upload	p50Ms	0.013726000000019667	0.013645999999994274	0.05	True	reverse	-0.0058283549486578545
2	baseline	image_edges	upload	p95Ms	0.018945000000030632	0.016580999999973756	0.05	True	reverse	-0.12478226445252327
2	baseline	image_edges	upload	p99Ms	0.03708999999997786	0.03240099999999302	0.05	True	reverse	-0.1264222162304568
2	baseline	image_edges	encode	p50Ms	0.043661999999983436	0.04289099999999735	0.05	True	reverse	-0.01765837570396178
2	baseline	image_edges	encode	p95Ms	0.07371899999998277	0.06427100000001928	0.05	True	reverse	-0.1281623462060757
2	baseline	image_edges	encode	p99Ms	0.1479489999999828	0.12529599999999164	0.05	True	reverse	-0.1531135729203562
2	baseline	image_edges	submitWait	p50Ms	0.16254600000002029	0.16040299999997387	0.05	True	reverse	-0.01318396023307955
2	baseline	image_edges	submitWait	p95Ms	0.224804000000006	0.21510599999999158	0.05	True	reverse	-0.043139801782949405
2	baseline	image_edges	submitWait	p99Ms	0.3318549999999618	0.3007369999999696	0.05	True	reverse	-0.09376986937064613
2	baseline	image_edges	readback	p50Ms	0.02154000000001588	0.021240000000034343	0.05	True	reverse	-0.013927576600803904
2	baseline	image_edges	readback	p95Ms	0.04753000000005159	0.029506000000026233	0.05	True	reverse	-0.37921312855051104
2	baseline	image_edges	readback	p99Ms	0.3964369999999917	0.3680439999999976	0.05	True	reverse	-0.07162045924067306
2	baseline	image_edges	total	p50Ms	0.3566130000000385	0.35336699999999155	0.05	True	reverse	-0.009102304178609799
2	baseline	image_edges	total	p95Ms	0.6438440000000014	0.5329349999999522	0.05	True	reverse	-0.1722606718398385
2	baseline	image_edges	total	p99Ms	0.8910109999999918	0.8286420000000021	0.05	True	reverse	-0.06999801349252732
2	baseline	holoscript_lif	deviceStartupMs	p50Ms	56.36548900000001	57.936645999999996	0.05	True	forward	0.0278744499138468
2	baseline	holoscript_lif	deviceStartupMs	p95Ms	59.20995599999999	68.734674	0.05	False	forward	0.16086345343678365
2	baseline	holoscript_lif	deviceStartupMs	p99Ms	59.20995599999999	68.734674	0.05	False	forward	0.16086345343678365
2	baseline	holoscript_lif	preparationMs	p50Ms	7.183254000000005	5.283124999999984	0.05	True	forward	-0.2645220397329705
2	baseline	holoscript_lif	preparationMs	p95Ms	11.49182399999998	7.223911999999984	0.05	True	forward	-0.37138682249223476
2	baseline	holoscript_lif	preparationMs	p99Ms	11.49182399999998	7.223911999999984	0.05	True	forward	-0.37138682249223476
2	baseline	holoscript_lif	teardownMs	p50Ms	2.4054350000000113	2.3198269999999184	0.05	True	forward	-0.035589404827023996
2	baseline	holoscript_lif	teardownMs	p95Ms	2.6562690000000657	2.633807000000047	0.05	True	forward	-0.008456221866090408
2	baseline	holoscript_lif	teardownMs	p99Ms	2.6562690000000657	2.633807000000047	0.05	True	forward	-0.008456221866090408
2	baseline	holoscript_lif	coldWallMs	p50Ms	5.961470999999989	5.02135100000001	0.05	True	forward	-0.15769933293309335
2	baseline	holoscript_lif	coldWallMs	p95Ms	12.858985000000018	10.677434000000005	0.05	True	forward	-0.16965188154430622
2	baseline	holoscript_lif	coldWallMs	p99Ms	12.858985000000018	10.677434000000005	0.05	True	forward	-0.16965188154430622
2	baseline	holoscript_lif	peakProcessRssBytes	p50Ms	157065216	158629888	0.1	True	forward	0.009961925624576207
2	baseline	holoscript_lif	peakProcessRssBytes	p95Ms	162103296	163401728	0.1	True	forward	0.008009904992924977
2	baseline	holoscript_lif	peakProcessRssBytes	p99Ms	162103296	163401728	0.1	True	forward	0.008009904992924977
2	baseline	holoscript_lif	allocatedBufferBytes	p50Ms	2097216	2097216	0.1	True	forward	0.0
2	baseline	holoscript_lif	allocatedBufferBytes	p95Ms	2097216	2097216	0.1	True	forward	0.0
2	baseline	holoscript_lif	allocatedBufferBytes	p99Ms	2097216	2097216	0.1	True	forward	0.0
2	baseline	holoscript_lif	coldCpuMs	p50Ms	5.656	5.187	0.1	True	forward	-0.08292079207920777
2	baseline	holoscript_lif	coldCpuMs	p95Ms	23.649	20.255	0.1	True	forward	-0.14351558205420956
2	baseline	holoscript_lif	coldCpuMs	p99Ms	23.649	20.255	0.1	True	forward	-0.14351558205420956
2	baseline	holoscript_lif	wallMs	p50Ms	0.8017030000000318	0.7898600000000329	0.05	True	forward	-0.014772303459009706
2	baseline	holoscript_lif	wallMs	p95Ms	1.362729999999999	1.2296589999999696	0.05	True	forward	-0.09765030490268034
2	baseline	holoscript_lif	wallMs	p99Ms	1.647847000000013	1.6077930000000151	0.05	True	forward	-0.024306868295416728
2	baseline	holoscript_lif	cpuMs	p50Ms	0.652	0.647	0.1	True	forward	-0.0076687116564416735
2	baseline	holoscript_lif	cpuMs	p95Ms	1.628	1.388	0.1	True	forward	-0.14742014742014742
2	baseline	holoscript_lif	cpuMs	p99Ms	3.424	2.762	0.1	True	forward	-0.19334112149532712
2	baseline	holoscript_lif	upload	p50Ms	0.025467999999932545	0.025328000000001794	0.05	True	forward	-0.0054970943902592495
2	baseline	holoscript_lif	upload	p95Ms	0.07102399999996578	0.05884100000002945	0.05	True	forward	-0.17153356611768134
2	baseline	holoscript_lif	upload	p99Ms	0.42604400000004716	0.42623399999996536	0.05	True	forward	0.00044596332753932266
2	baseline	holoscript_lif	encode	p50Ms	0.05034499999999298	0.049013000000002194	0.05	True	forward	-0.026457443638712275
2	baseline	holoscript_lif	encode	p95Ms	0.08838600000001406	0.07490099999995437	0.05	True	forward	-0.15256941144590264
2	baseline	holoscript_lif	encode	p99Ms	0.15409999999997126	0.1229520000000548	0.05	True	forward	-0.20212848799430416
2	baseline	holoscript_lif	submitWait	p50Ms	0.21720899999996846	0.21314199999994798	0.05	True	forward	-0.018723901864200254
2	baseline	holoscript_lif	submitWait	p95Ms	0.4257230000000618	0.4198220000000106	0.05	True	forward	-0.013861125661639995
2	baseline	holoscript_lif	submitWait	p99Ms	0.6000119999999924	0.4699360000000752	0.05	True	forward	-0.2167889975532471
2	baseline	holoscript_lif	readback	p50Ms	0.034785999999996875	0.0341940000000136	0.05	True	forward	-0.01701834071130126
2	baseline	holoscript_lif	readback	p95Ms	0.06423100000006343	0.05655699999999797	0.05	True	forward	-0.1194750198511293
2	baseline	holoscript_lif	readback	p99Ms	0.09237500000000409	0.09002000000003818	0.05	True	forward	-0.025493910689751598
2	baseline	holoscript_lif	total	p50Ms	0.5517710000000307	0.5418220000000247	0.05	True	forward	-0.018031030989315133
2	baseline	holoscript_lif	total	p95Ms	0.9736360000000559	0.8990549999999757	0.05	True	forward	-0.07660049546244785
2	baseline	holoscript_lif	total	p99Ms	1.3025870000000168	1.1696460000000002	0.05	True	forward	-0.10205920986468842
2	baseline	holoscript_lif	deviceStartupMs	p50Ms	57.936645999999996	56.36548900000001	0.05	True	reverse	-0.02711853565013045
2	baseline	holoscript_lif	deviceStartupMs	p95Ms	68.734674	59.20995599999999	0.05	True	reverse	-0.13857224375574995
2	baseline	holoscript_lif	deviceStartupMs	p99Ms	68.734674	59.20995599999999	0.05	True	reverse	-0.13857224375574995
2	baseline	holoscript_lif	preparationMs	p50Ms	5.283124999999984	7.183254000000005	0.05	False	reverse	0.359660049686507
2	baseline	holoscript_lif	preparationMs	p95Ms	7.223911999999984	11.49182399999998	0.05	False	reverse	0.5908034317140083
2	baseline	holoscript_lif	preparationMs	p99Ms	7.223911999999984	11.49182399999998	0.05	False	reverse	0.5908034317140083
2	baseline	holoscript_lif	teardownMs	p50Ms	2.3198269999999184	2.4054350000000113	0.05	True	reverse	0.036902751800067746
2	baseline	holoscript_lif	teardownMs	p95Ms	2.633807000000047	2.6562690000000657	0.05	True	reverse	0.0085283393961737
2	baseline	holoscript_lif	teardownMs	p99Ms	2.633807000000047	2.6562690000000657	0.05	True	reverse	0.0085283393961737
2	baseline	holoscript_lif	coldWallMs	p50Ms	5.02135100000001	5.961470999999989	0.05	False	reverse	0.1872245138808215
2	baseline	holoscript_lif	coldWallMs	p95Ms	10.677434000000005	12.858985000000018	0.05	False	reverse	0.2043141638712085
2	baseline	holoscript_lif	coldWallMs	p99Ms	10.677434000000005	12.858985000000018	0.05	False	reverse	0.2043141638712085
2	baseline	holoscript_lif	peakProcessRssBytes	p50Ms	158629888	157065216	0.1	True	reverse	-0.009863664532121508
2	baseline	holoscript_lif	peakProcessRssBytes	p95Ms	163401728	162103296	0.1	True	reverse	-0.007946256235429772
2	baseline	holoscript_lif	peakProcessRssBytes	p99Ms	163401728	162103296	0.1	True	reverse	-0.007946256235429772
2	baseline	holoscript_lif	allocatedBufferBytes	p50Ms	2097216	2097216	0.1	True	reverse	0.0
2	baseline	holoscript_lif	allocatedBufferBytes	p95Ms	2097216	2097216	0.1	True	reverse	0.0
2	baseline	holoscript_lif	allocatedBufferBytes	p99Ms	2097216	2097216	0.1	True	reverse	0.0
2	baseline	holoscript_lif	coldCpuMs	p50Ms	5.187	5.656	0.1	True	reverse	0.09041835357624817
2	baseline	holoscript_lif	coldCpuMs	p95Ms	20.255	23.649	0.1	False	reverse	0.16756356455196264
2	baseline	holoscript_lif	coldCpuMs	p99Ms	20.255	23.649	0.1	False	reverse	0.16756356455196264
2	baseline	holoscript_lif	wallMs	p50Ms	0.7898600000000329	0.8017030000000318	0.05	True	reverse	0.014993796368974799
2	baseline	holoscript_lif	wallMs	p95Ms	1.2296589999999696	1.362729999999999	0.05	False	reverse	0.10821780672530568
2	baseline	holoscript_lif	wallMs	p99Ms	1.6077930000000151	1.647847000000013	0.05	True	reverse	0.024912410988228828
2	baseline	holoscript_lif	cpuMs	p50Ms	0.647	0.652	0.1	True	reverse	0.007727975270479082
2	baseline	holoscript_lif	cpuMs	p95Ms	1.388	1.628	0.1	False	reverse	0.17291066282420742
2	baseline	holoscript_lif	cpuMs	p99Ms	2.762	3.424	0.1	False	reverse	0.23968139029688618
2	baseline	holoscript_lif	upload	p50Ms	0.025328000000001794	0.025467999999932545	0.05	True	reverse	0.005527479466627572
2	baseline	holoscript_lif	upload	p95Ms	0.05884100000002945	0.07102399999996578	0.05	False	reverse	0.20704950629544405
2	baseline	holoscript_lif	upload	p99Ms	0.42623399999996536	0.42604400000004716	0.05	True	reverse	-0.00044576453290501306
2	baseline	holoscript_lif	encode	p50Ms	0.049013000000002194	0.05034499999999298	0.05	True	reverse	0.027176463387075467
2	baseline	holoscript_lif	encode	p95Ms	0.07490099999995437	0.08838600000001406	0.05	False	reverse	0.18003764969850766
2	baseline	holoscript_lif	encode	p99Ms	0.1229520000000548	0.15409999999997126	0.05	False	reverse	0.2533346346533816
2	baseline	holoscript_lif	submitWait	p50Ms	0.21314199999994798	0.21720899999996846	0.05	True	reverse	0.01908117592976266
2	baseline	holoscript_lif	submitWait	p95Ms	0.4198220000000106	0.4257230000000618	0.05	True	reverse	0.014055957048584977
2	baseline	holoscript_lif	submitWait	p99Ms	0.4699360000000752	0.6000119999999924	0.05	False	reverse	0.27679513806113265
2	baseline	holoscript_lif	readback	p50Ms	0.0341940000000136	0.034785999999996875	0.05	True	reverse	0.017312978884688413
2	baseline	holoscript_lif	readback	p95Ms	0.05655699999999797	0.06423100000006343	0.05	False	reverse	0.135686121966613
2	baseline	holoscript_lif	readback	p99Ms	0.09002000000003818	0.09237500000000409	0.05	True	reverse	0.026160853143356144
2	baseline	holoscript_lif	total	p50Ms	0.5418220000000247	0.5517710000000307	0.05	True	reverse	0.01836211892467543
2	baseline	holoscript_lif	total	p95Ms	0.8990549999999757	0.9736360000000559	0.05	False	reverse	0.08295488040229149
2	baseline	holoscript_lif	total	p99Ms	1.1696460000000002	1.3025870000000168	0.05	False	reverse	0.11365917551123728
3	candidate	heat_diffusion	deviceStartupMs	p50Ms	55.202105	54.32201100000002	0.05	True	forward	-0.01594312390804631
3	candidate	heat_diffusion	deviceStartupMs	p95Ms	61.452833	58.12500700000001	0.05	True	forward	-0.054152523773802086
3	candidate	heat_diffusion	deviceStartupMs	p99Ms	61.452833	58.12500700000001	0.05	True	forward	-0.054152523773802086
3	candidate	heat_diffusion	preparationMs	p50Ms	6.547494	6.5523620000000165	0.05	True	forward	0.0007434905629568611
3	candidate	heat_diffusion	preparationMs	p95Ms	11.319175000000001	11.908498000000009	0.05	False	forward	0.05206413011549049
3	candidate	heat_diffusion	preparationMs	p99Ms	11.319175000000001	11.908498000000009	0.05	False	forward	0.05206413011549049
3	candidate	heat_diffusion	teardownMs	p50Ms	1.9264720000000466	1.8955230000000256	0.05	True	forward	-0.01606511799809196
3	candidate	heat_diffusion	teardownMs	p95Ms	2.71718199999998	2.3904570000000263	0.05	True	forward	-0.12024406167859047
3	candidate	heat_diffusion	teardownMs	p99Ms	2.71718199999998	2.3904570000000263	0.05	True	forward	-0.12024406167859047
3	candidate	heat_diffusion	coldWallMs	p50Ms	5.522922999999992	4.569915000000009	0.05	True	forward	-0.17255500393541323
3	candidate	heat_diffusion	coldWallMs	p95Ms	6.341805999999991	6.2456029999999885	0.05	True	forward	-0.015169653565562102
3	candidate	heat_diffusion	coldWallMs	p99Ms	6.341805999999991	6.2456029999999885	0.05	True	forward	-0.015169653565562102
3	candidate	heat_diffusion	peakProcessRssBytes	p50Ms	154398720	153522176	0.1	True	forward	-0.005677145510014636
3	candidate	heat_diffusion	peakProcessRssBytes	p95Ms	158666752	160559104	0.1	True	forward	0.011926581820997928
3	candidate	heat_diffusion	peakProcessRssBytes	p99Ms	158666752	160559104	0.1	True	forward	0.011926581820997928
3	candidate	heat_diffusion	allocatedBufferBytes	p50Ms	1310752	1310752	0.1	True	forward	0.0
3	candidate	heat_diffusion	allocatedBufferBytes	p95Ms	1310752	1310752	0.1	True	forward	0.0
3	candidate	heat_diffusion	allocatedBufferBytes	p99Ms	1310752	1310752	0.1	True	forward	0.0
3	candidate	heat_diffusion	coldCpuMs	p50Ms	5.011	4.065	0.1	True	forward	-0.1887846737178207
3	candidate	heat_diffusion	coldCpuMs	p95Ms	5.876	5.835	0.1	True	forward	-0.006977535738597718
3	candidate	heat_diffusion	coldCpuMs	p99Ms	5.876	5.835	0.1	True	forward	-0.006977535738597718
3	candidate	heat_diffusion	wallMs	p50Ms	0.5610080000000153	0.5595050000000015	0.05	True	forward	-0.0026791061803285166
3	candidate	heat_diffusion	wallMs	p95Ms	0.9978310000000192	0.939501000000007	0.05	True	forward	-0.05845679278355864
3	candidate	heat_diffusion	wallMs	p99Ms	1.3480109999999854	1.2095190000000002	0.05	True	forward	-0.10273803403680437
3	candidate	heat_diffusion	cpuMs	p50Ms	0.42	0.418	0.1	True	forward	-0.004761904761904745
3	candidate	heat_diffusion	cpuMs	p95Ms	0.991	0.967	0.1	True	forward	-0.024217961654894093
3	candidate	heat_diffusion	cpuMs	p99Ms	1.807	1.747	0.1	True	forward	-0.03320420586607631
3	candidate	heat_diffusion	upload	p50Ms	0.013865999999950418	0.01368600000000697	0.05	True	forward	-0.012981393332186064
3	candidate	heat_diffusion	upload	p95Ms	0.021029999999996107	0.01867600000002767	0.05	True	forward	-0.11193533047878612
3	candidate	heat_diffusion	upload	p99Ms	0.04128799999995181	0.03384399999998777	0.05	True	forward	-0.18029451656589623
3	candidate	heat_diffusion	encode	p50Ms	0.05917099999999209	0.058880999999985306	0.05	True	forward	-0.004901049500715238
3	candidate	heat_diffusion	encode	p95Ms	0.10875500000003058	0.08981899999997722	0.05	True	forward	-0.1741161325920466
3	candidate	heat_diffusion	encode	p99Ms	0.21070699999995668	0.1787270000000376	0.05	True	forward	-0.15177473932961716
3	candidate	heat_diffusion	submitWait	p50Ms	0.2217979999999784	0.2214880000000221	0.05	True	forward	-0.0013976681482985587
3	candidate	heat_diffusion	submitWait	p95Ms	0.3192319999999995	0.2991739999999936	0.05	True	forward	-0.0628320469126088
3	candidate	heat_diffusion	submitWait	p99Ms	0.4969669999999837	0.48432299999996076	0.05	True	forward	-0.025442333193196665
3	candidate	heat_diffusion	readback	p50Ms	0.022000999999988835	0.021459999999990487	0.05	True	forward	-0.024589791373056835
3	candidate	heat_diffusion	readback	p95Ms	0.04864199999997254	0.04849100000001272	0.05	True	forward	-0.0031043131441944594
3	candidate	heat_diffusion	readback	p99Ms	0.4686439999999834	0.4606380000000172	0.05	True	forward	-0.01708332977690208
3	candidate	heat_diffusion	total	p50Ms	0.4324349999999981	0.4316130000000271	0.05	True	forward	-0.0019008637135546902
3	candidate	heat_diffusion	total	p95Ms	0.7992160000000013	0.7857709999999543	0.05	True	forward	-0.01682273628161468
3	candidate	heat_diffusion	total	p99Ms	1.0782520000000204	1.0102550000000292	0.05	True	forward	-0.0630622526088428
3	candidate	heat_diffusion	deviceStartupMs	p50Ms	54.32201100000002	55.202105	0.05	True	reverse	0.016201425238104417
3	candidate	heat_diffusion	deviceStartupMs	p95Ms	58.12500700000001	61.452833	0.05	False	reverse	0.05725291353513273
3	candidate	heat_diffusion	deviceStartupMs	p99Ms	58.12500700000001	61.452833	0.05	False	reverse	0.05725291353513273
3	candidate	heat_diffusion	preparationMs	p50Ms	6.5523620000000165	6.547494	0.05	True	reverse	-0.0007429381954195957
3	candidate	heat_diffusion	preparationMs	p95Ms	11.908498000000009	11.319175000000001	0.05	True	reverse	-0.049487601207138576
3	candidate	heat_diffusion	preparationMs	p99Ms	11.908498000000009	11.319175000000001	0.05	True	reverse	-0.049487601207138576
3	candidate	heat_diffusion	teardownMs	p50Ms	1.8955230000000256	1.9264720000000466	0.05	True	reverse	0.016327419925804332
3	candidate	heat_diffusion	teardownMs	p95Ms	2.3904570000000263	2.71718199999998	0.05	False	reverse	0.13667888608745105
3	candidate	heat_diffusion	teardownMs	p99Ms	2.3904570000000263	2.71718199999998	0.05	False	reverse	0.13667888608745105
3	candidate	heat_diffusion	coldWallMs	p50Ms	4.569915000000009	5.522922999999992	0.05	False	reverse	0.20853954614035075
3	candidate	heat_diffusion	coldWallMs	p95Ms	6.2456029999999885	6.341805999999991	0.05	True	reverse	0.015403316541253487
3	candidate	heat_diffusion	coldWallMs	p99Ms	6.2456029999999885	6.341805999999991	0.05	True	reverse	0.015403316541253487
3	candidate	heat_diffusion	peakProcessRssBytes	p50Ms	153522176	154398720	0.1	True	reverse	0.005709559510151729
3	candidate	heat_diffusion	peakProcessRssBytes	p95Ms	160559104	158666752	0.1	True	reverse	-0.011786014949360935
3	candidate	heat_diffusion	peakProcessRssBytes	p99Ms	160559104	158666752	0.1	True	reverse	-0.011786014949360935
3	candidate	heat_diffusion	allocatedBufferBytes	p50Ms	1310752	1310752	0.1	True	reverse	0.0
3	candidate	heat_diffusion	allocatedBufferBytes	p95Ms	1310752	1310752	0.1	True	reverse	0.0
3	candidate	heat_diffusion	allocatedBufferBytes	p99Ms	1310752	1310752	0.1	True	reverse	0.0
3	candidate	heat_diffusion	coldCpuMs	p50Ms	4.065	5.011	0.1	False	reverse	0.2327183271832718
3	candidate	heat_diffusion	coldCpuMs	p95Ms	5.835	5.876	0.1	True	reverse	0.007026563838903321
3	candidate	heat_diffusion	coldCpuMs	p99Ms	5.835	5.876	0.1	True	reverse	0.007026563838903321
3	candidate	heat_diffusion	wallMs	p50Ms	0.5595050000000015	0.5610080000000153	0.05	True	reverse	0.0026863030714896485
3	candidate	heat_diffusion	wallMs	p95Ms	0.939501000000007	0.9978310000000192	0.05	False	reverse	0.062086149988144435
3	candidate	heat_diffusion	wallMs	p99Ms	1.2095190000000002	1.3480109999999854	0.05	False	reverse	0.11450171514460306
3	candidate	heat_diffusion	cpuMs	p50Ms	0.418	0.42	0.1	True	reverse	0.004784688995215225
3	candidate	heat_diffusion	cpuMs	p95Ms	0.967	0.991	0.1	True	reverse	0.024819027921406445
3	candidate	heat_diffusion	cpuMs	p99Ms	1.747	1.807	0.1	True	reverse	0.03434459072696039
3	candidate	heat_diffusion	upload	p50Ms	0.01368600000000697	0.013865999999950418	0.05	True	reverse	0.013152126256273267
3	candidate	heat_diffusion	upload	p95Ms	0.01867600000002767	0.021029999999996107	0.05	False	reverse	0.1260441207948677
3	candidate	heat_diffusion	upload	p99Ms	0.03384399999998777	0.04128799999995181	0.05	False	reverse	0.21995036047650163
3	candidate	heat_diffusion	encode	p50Ms	0.058880999999985306	0.05917099999999209	0.05	True	reverse	0.004925188091351229
3	candidate	heat_diffusion	encode	p95Ms	0.08981899999997722	0.10875500000003058	0.05	False	reverse	0.21082399047036993
3	candidate	heat_diffusion	encode	p99Ms	0.1787270000000376	0.21070699999995668	0.05	False	reverse	0.1789321143414948
3	candidate	heat_diffusion	submitWait	p50Ms	0.2214880000000221	0.2217979999999784	0.05	True	reverse	0.0013996243586842372
3	candidate	heat_diffusion	submitWait	p95Ms	0.2991739999999936	0.3192319999999995	0.05	False	reverse	0.06704459612134195
3	candidate	heat_diffusion	submitWait	p99Ms	0.48432299999996076	0.4969669999999837	0.05	True	reverse	0.02610654459941819
3	candidate	heat_diffusion	readback	p50Ms	0.021459999999990487	0.022000999999988835	0.05	True	reverse	0.025209692451005905
3	candidate	heat_diffusion	readback	p95Ms	0.04849100000001272	0.04864199999997254	0.05	True	reverse	0.0031139799129691337
3	candidate	heat_diffusion	readback	p99Ms	0.4606380000000172	0.4686439999999834	0.05	True	reverse	0.01738024218576384
3	candidate	heat_diffusion	total	p50Ms	0.4316130000000271	0.4324349999999981	0.05	True	reverse	0.0019044838778510265
3	candidate	heat_diffusion	total	p95Ms	0.7857709999999543	0.7992160000000013	0.05	True	reverse	0.01711058310888003
3	candidate	heat_diffusion	total	p99Ms	1.0102550000000292	1.0782520000000204	0.05	False	reverse	0.06730676908304267
3	candidate	image_edges	deviceStartupMs	p50Ms	53.628209999999996	54.331025	0.05	True	forward	0.013105322739655145
3	candidate	image_edges	deviceStartupMs	p95Ms	64.410128	58.676468000000014	0.05	True	forward	-0.08901798797853633
3	candidate	image_edges	deviceStartupMs	p99Ms	64.410128	58.676468000000014	0.05	True	forward	-0.08901798797853633
3	candidate	image_edges	preparationMs	p50Ms	4.71775199999999	6.302711999999985	0.05	False	forward	0.3359566166258843
3	candidate	image_edges	preparationMs	p95Ms	6.581395000000015	7.823487	0.05	False	forward	0.1887277697205505
3	candidate	image_edges	preparationMs	p99Ms	6.581395000000015	7.823487	0.05	False	forward	0.1887277697205505
3	candidate	image_edges	teardownMs	p50Ms	1.9143480000000181	1.9158419999999978	0.05	True	forward	0.0007804223683363087
3	candidate	image_edges	teardownMs	p95Ms	2.4064659999999662	3.0809380000000033	0.05	False	forward	0.28027489272653194
3	candidate	image_edges	teardownMs	p99Ms	2.4064659999999662	3.0809380000000033	0.05	False	forward	0.28027489272653194
3	candidate	image_edges	coldWallMs	p50Ms	4.097544999999997	4.472810999999979	0.05	False	forward	0.09158313087470238
3	candidate	image_edges	coldWallMs	p95Ms	6.259359000000018	5.299030000000016	0.05	True	forward	-0.15342289841499723
3	candidate	image_edges	coldWallMs	p99Ms	6.259359000000018	5.299030000000016	0.05	True	forward	-0.15342289841499723
3	candidate	image_edges	peakProcessRssBytes	p50Ms	151072768	150904832	0.1	True	forward	-0.0011116232410595117
3	candidate	image_edges	peakProcessRssBytes	p95Ms	152100864	152342528	0.1	True	forward	0.0015888404157915481
3	candidate	image_edges	peakProcessRssBytes	p99Ms	152100864	152342528	0.1	True	forward	0.0015888404157915481
3	candidate	image_edges	allocatedBufferBytes	p50Ms	1310752	1310752	0.1	True	forward	0.0
3	candidate	image_edges	allocatedBufferBytes	p95Ms	1310752	1310752	0.1	True	forward	0.0
3	candidate	image_edges	allocatedBufferBytes	p99Ms	1310752	1310752	0.1	True	forward	0.0
3	candidate	image_edges	coldCpuMs	p50Ms	3.719	4.223	0.1	False	forward	0.1355203011562247
3	candidate	image_edges	coldCpuMs	p95Ms	5.843	5.018	0.1	True	forward	-0.14119459181927096
3	candidate	image_edges	coldCpuMs	p99Ms	5.843	5.018	0.1	True	forward	-0.14119459181927096
3	candidate	image_edges	wallMs	p50Ms	0.4806859999999915	0.4839929999999981	0.05	True	forward	0.006879751022510927
3	candidate	image_edges	wallMs	p95Ms	0.7353860000000054	0.7884970000000067	0.05	False	forward	0.07222193514698527
3	candidate	image_edges	wallMs	p99Ms	0.9614420000000337	1.014803000000029	0.05	False	forward	0.05550100786110179
3	candidate	image_edges	cpuMs	p50Ms	0.39	0.393	0.1	True	forward	0.007692307692307665
3	candidate	image_edges	cpuMs	p95Ms	0.989	0.97	0.1	True	forward	-0.01921132457027297
3	candidate	image_edges	cpuMs	p99Ms	1.997	1.974	0.1	True	forward	-0.011517275913870861
3	candidate	image_edges	upload	p50Ms	0.013685000000009495	0.013695999999981723	0.05	True	forward	0.0008037997787520013
3	candidate	image_edges	upload	p95Ms	0.018133999999975003	0.018716000000040367	0.05	True	forward	0.03209440829746146
3	candidate	image_edges	upload	p99Ms	0.024426000000005388	0.030186999999955333	0.05	False	forward	0.23585523622159488
3	candidate	image_edges	encode	p50Ms	0.04298100000005434	0.04344199999997045	0.05	True	forward	0.010725669479898725
3	candidate	image_edges	encode	p95Ms	0.06910100000004604	0.07480099999997947	0.05	False	forward	0.08248795241645746
3	candidate	image_edges	encode	p99Ms	0.11140999999997803	0.11069900000001098	0.05	True	forward	-0.006381832869286286
3	candidate	image_edges	submitWait	p50Ms	0.1597110000000157	0.16178500000000895	0.05	True	forward	0.01298595588276985
3	candidate	image_edges	submitWait	p95Ms	0.21335199999998622	0.21770099999997683	0.05	True	forward	0.020384153886492173
3	candidate	image_edges	submitWait	p99Ms	0.30254999999999654	0.3100549999999771	0.05	True	forward	0.02480581722023012
3	candidate	image_edges	readback	p50Ms	0.02131000000002814	0.02134000000000924	0.05	True	forward	0.0014077897691722185
3	candidate	image_edges	readback	p95Ms	0.04868099999998776	0.044282999999950334	0.05	True	forward	-0.09034325506950414
3	candidate	image_edges	readback	p99Ms	0.3886630000000082	0.38277199999998857	0.05	True	forward	-0.015157089818221725
3	candidate	image_edges	total	p50Ms	0.3525650000000269	0.3556600000000003	0.05	True	forward	0.008778523109137959
3	candidate	image_edges	total	p95Ms	0.5418720000000121	0.5871570000000474	0.05	False	forward	0.08357139693513282
3	candidate	image_edges	total	p99Ms	0.7804610000000025	0.8531280000000265	0.05	False	forward	0.0931077914207421
3	candidate	image_edges	deviceStartupMs	p50Ms	54.331025	53.628209999999996	0.05	True	reverse	-0.012935794971657533
3	candidate	image_edges	deviceStartupMs	p95Ms	58.676468000000014	64.410128	0.05	False	reverse	0.09771651558849759
3	candidate	image_edges	deviceStartupMs	p99Ms	58.676468000000014	64.410128	0.05	False	reverse	0.09771651558849759
3	candidate	image_edges	preparationMs	p50Ms	6.302711999999985	4.71775199999999	0.05	True	reverse	-0.2514726993713181
3	candidate	image_edges	preparationMs	p95Ms	7.823487	6.581395000000015	0.05	True	reverse	-0.15876449976845175
3	candidate	image_edges	preparationMs	p99Ms	7.823487	6.581395000000015	0.05	True	reverse	-0.15876449976845175
3	candidate	image_edges	teardownMs	p50Ms	1.9158419999999978	1.9143480000000181	0.05	True	reverse	-0.000779813784215877
3	candidate	image_edges	teardownMs	p95Ms	3.0809380000000033	2.4064659999999662	0.05	True	reverse	-0.21891774518021345
3	candidate	image_edges	teardownMs	p99Ms	3.0809380000000033	2.4064659999999662	0.05	True	reverse	-0.21891774518021345
3	candidate	image_edges	coldWallMs	p50Ms	4.472810999999979	4.097544999999997	0.05	True	reverse	-0.0838993644041709
3	candidate	image_edges	coldWallMs	p95Ms	5.299030000000016	6.259359000000018	0.05	False	reverse	0.1812273189621494
3	candidate	image_edges	coldWallMs	p99Ms	5.299030000000016	6.259359000000018	0.05	False	reverse	0.1812273189621494
3	candidate	image_edges	peakProcessRssBytes	p50Ms	150904832	151072768	0.1	True	reverse	0.0011128603224581646
3	candidate	image_edges	peakProcessRssBytes	p95Ms	152342528	152100864	0.1	True	reverse	-0.0015863200064528682
3	candidate	image_edges	peakProcessRssBytes	p99Ms	152342528	152100864	0.1	True	reverse	-0.0015863200064528682
3	candidate	image_edges	allocatedBufferBytes	p50Ms	1310752	1310752	0.1	True	reverse	0.0
3	candidate	image_edges	allocatedBufferBytes	p95Ms	1310752	1310752	0.1	True	reverse	0.0
3	candidate	image_edges	allocatedBufferBytes	p99Ms	1310752	1310752	0.1	True	reverse	0.0
3	candidate	image_edges	coldCpuMs	p50Ms	4.223	3.719	0.1	True	reverse	-0.11934643618280838
3	candidate	image_edges	coldCpuMs	p95Ms	5.018	5.843	0.1	False	reverse	0.16440813072937432
3	candidate	image_edges	coldCpuMs	p99Ms	5.018	5.843	0.1	False	reverse	0.16440813072937432
3	candidate	image_edges	wallMs	p50Ms	0.4839929999999981	0.4806859999999915	0.05	True	reverse	-0.006832743448782597
3	candidate	image_edges	wallMs	p95Ms	0.7884970000000067	0.7353860000000054	0.05	True	reverse	-0.06735726324894176
3	candidate	image_edges	wallMs	p99Ms	1.014803000000029	0.9614420000000337	0.05	True	reverse	-0.05258261948377552
3	candidate	image_edges	cpuMs	p50Ms	0.393	0.39	0.1	True	reverse	-0.007633587786259555
3	candidate	image_edges	cpuMs	p95Ms	0.97	0.989	0.1	True	reverse	0.019587628865979312
3	candidate	image_edges	cpuMs	p99Ms	1.974	1.997	0.1	True	reverse	0.011651469098277634
3	candidate	image_edges	upload	p50Ms	0.013695999999981723	0.013685000000009495	0.05	True	reverse	-0.0008031542035807915
3	candidate	image_edges	upload	p95Ms	0.018716000000040367	0.018133999999975003	0.05	True	reverse	-0.031096388120544383
3	candidate	image_edges	upload	p99Ms	0.030186999999955333	0.024426000000005388	0.05	True	reverse	-0.19084374068169974
3	candidate	image_edges	encode	p50Ms	0.04344199999997045	0.04298100000005434	0.05	True	reverse	-0.010611850281212365
3	candidate	image_edges	encode	p95Ms	0.07480099999997947	0.06910100000004604	0.05	True	reverse	-0.0762021898094275
3	candidate	image_edges	encode	p99Ms	0.11069900000001098	0.11140999999997803	0.05	True	reverse	0.006422822247418525
3	candidate	image_edges	submitWait	p50Ms	0.16178500000000895	0.1597110000000157	0.05	True	reverse	-0.012819482646680092
3	candidate	image_edges	submitWait	p95Ms	0.21770099999997683	0.21335199999998622	0.05	True	reverse	-0.019976940850023994
3	candidate	image_edges	submitWait	p99Ms	0.3100549999999771	0.30254999999999654	0.05	True	reverse	-0.024205382915873375
3	candidate	image_edges	readback	p50Ms	0.02134000000000924	0.02131000000002814	0.05	True	reverse	-0.001405810683274944
3	candidate	image_edges	readback	p95Ms	0.044282999999950334	0.04868099999998776	0.05	False	reverse	0.0993157645155558
3	candidate	image_edges	readback	p99Ms	0.38277199999998857	0.3886630000000082	0.05	True	reverse	0.015390362931509527
3	candidate	image_edges	total	p50Ms	0.3556600000000003	0.3525650000000269	0.05	True	reverse	-0.00870213124887087
3	candidate	image_edges	total	p95Ms	0.5871570000000474	0.5418720000000121	0.05	True	reverse	-0.07712587944967297
3	candidate	image_edges	total	p99Ms	0.8531280000000265	0.7804610000000025	0.05	True	reverse	-0.08517713637346536
3	candidate	holoscript_lif	deviceStartupMs	p50Ms	56.836777	54.83887700000001	0.05	True	forward	-0.03515153577409902
3	candidate	holoscript_lif	deviceStartupMs	p95Ms	69.10864700000002	64.783502	0.05	True	forward	-0.06258471533960175
3	candidate	holoscript_lif	deviceStartupMs	p99Ms	69.10864700000002	64.783502	0.05	True	forward	-0.06258471533960175
3	candidate	holoscript_lif	preparationMs	p50Ms	6.219645999999983	5.51618000000002	0.05	True	forward	-0.11310386475371192
3	candidate	holoscript_lif	preparationMs	p95Ms	8.007434999999987	7.847071	0.05	True	forward	-0.020026887511417457
3	candidate	holoscript_lif	preparationMs	p99Ms	8.007434999999987	7.847071	0.05	True	forward	-0.020026887511417457
3	candidate	holoscript_lif	teardownMs	p50Ms	1.9900710000000572	2.317077999999924	0.05	False	forward	0.16431926298099797
3	candidate	holoscript_lif	teardownMs	p95Ms	2.6171739999999772	2.647550000000024	0.05	True	forward	0.011606412107122654
3	candidate	holoscript_lif	teardownMs	p99Ms	2.6171739999999772	2.647550000000024	0.05	True	forward	0.011606412107122654
3	candidate	holoscript_lif	coldWallMs	p50Ms	6.595281999999997	5.566504000000009	0.05	True	forward	-0.1559869615886006
3	candidate	holoscript_lif	coldWallMs	p95Ms	10.336756000000008	10.390136000000012	0.05	True	forward	0.0051640959697611954
3	candidate	holoscript_lif	coldWallMs	p99Ms	10.336756000000008	10.390136000000012	0.05	True	forward	0.0051640959697611954
3	candidate	holoscript_lif	peakProcessRssBytes	p50Ms	158269440	159219712	0.1	True	forward	0.00600414078674949
3	candidate	holoscript_lif	peakProcessRssBytes	p95Ms	164560896	163930112	0.1	True	forward	-0.003833134209478284
3	candidate	holoscript_lif	peakProcessRssBytes	p99Ms	164560896	163930112	0.1	True	forward	-0.003833134209478284
3	candidate	holoscript_lif	allocatedBufferBytes	p50Ms	2097216	2097216	0.1	True	forward	0.0
3	candidate	holoscript_lif	allocatedBufferBytes	p95Ms	2097216	2097216	0.1	True	forward	0.0
3	candidate	holoscript_lif	allocatedBufferBytes	p99Ms	2097216	2097216	0.1	True	forward	0.0
3	candidate	holoscript_lif	coldCpuMs	p50Ms	6.199	5.149	0.1	True	forward	-0.16938215841264714
3	candidate	holoscript_lif	coldCpuMs	p95Ms	19.693	19.554	0.1	True	forward	-0.007058345605037486
3	candidate	holoscript_lif	coldCpuMs	p99Ms	19.693	19.554	0.1	True	forward	-0.007058345605037486
3	candidate	holoscript_lif	wallMs	p50Ms	0.7922140000000013	0.7882260000000088	0.05	True	forward	-0.005033993340173959
3	candidate	holoscript_lif	wallMs	p95Ms	1.2995900000000233	1.2778180000000248	0.05	True	forward	-0.01675297593856384
3	candidate	holoscript_lif	wallMs	p99Ms	1.67345499999999	1.653677000000016	0.05	True	forward	-0.011818662587266493
3	candidate	holoscript_lif	cpuMs	p50Ms	0.646	0.649	0.1	True	forward	0.004643962848297267
3	candidate	holoscript_lif	cpuMs	p95Ms	1.587	1.452	0.1	True	forward	-0.0850661625708885
3	candidate	holoscript_lif	cpuMs	p99Ms	2.799	3.083	0.1	False	forward	0.1014648088603074
3	candidate	holoscript_lif	upload	p50Ms	0.025348000000008142	0.02542799999997669	0.05	True	forward	0.0031560675386035353
3	candidate	holoscript_lif	upload	p95Ms	0.06618500000001859	0.06117499999999154	0.05	True	forward	-0.07569691017640923
3	candidate	holoscript_lif	upload	p99Ms	0.3987719999999513	0.4097320000000195	0.05	True	forward	0.027484377037679586
3	candidate	holoscript_lif	encode	p50Ms	0.04896200000001727	0.0494239999999877	0.05	True	forward	0.009435889056212288
3	candidate	holoscript_lif	encode	p95Ms	0.07917900000001055	0.07911999999998898	0.05	True	forward	-0.0007451470720969411
3	candidate	holoscript_lif	encode	p99Ms	0.14454299999999876	0.13976400000001377	0.05	True	forward	-0.03306282559504803
3	candidate	holoscript_lif	submitWait	p50Ms	0.21414400000003297	0.21240999999997712	0.05	True	forward	-0.008097355051066568
3	candidate	holoscript_lif	submitWait	p95Ms	0.41343899999998257	0.4137200000000121	0.05	True	forward	0.0006796649566913615
3	candidate	holoscript_lif	submitWait	p99Ms	0.48266000000000986	0.4889819999999645	0.05	True	forward	0.013098247213265024
3	candidate	holoscript_lif	readback	p50Ms	0.034574999999961165	0.0342939999999885	0.05	True	forward	-0.008127259579840396
3	candidate	holoscript_lif	readback	p95Ms	0.04631699999998773	0.05128700000000208	0.05	False	forward	0.10730401364543618
3	candidate	holoscript_lif	readback	p99Ms	0.08474999999998545	0.09512900000004265	0.05	False	forward	0.12246607669686127
3	candidate	holoscript_lif	total	p50Ms	0.5440960000000246	0.5401479999999879	0.05	True	forward	-0.007256072457868634
3	candidate	holoscript_lif	total	p95Ms	0.9171489999999949	0.9175999999999931	0.05	True	forward	0.0004917412546905364
3	candidate	holoscript_lif	total	p99Ms	1.2513290000000552	1.2037290000000098	0.05	True	forward	-0.03803955634373002
3	candidate	holoscript_lif	deviceStartupMs	p50Ms	54.83887700000001	56.836777	0.05	True	reverse	0.036432182956627424
3	candidate	holoscript_lif	deviceStartupMs	p95Ms	64.783502	69.10864700000002	0.05	False	reverse	0.0667630626081317
3	candidate	holoscript_lif	deviceStartupMs	p99Ms	64.783502	69.10864700000002	0.05	False	reverse	0.0667630626081317
3	candidate	holoscript_lif	preparationMs	p50Ms	5.51618000000002	6.219645999999983	0.05	False	reverse	0.1275277456500623
3	candidate	holoscript_lif	preparationMs	p95Ms	7.847071	8.007434999999987	0.05	True	reverse	0.020436160192763175
3	candidate	holoscript_lif	preparationMs	p99Ms	7.847071	8.007434999999987	0.05	True	reverse	0.020436160192763175
3	candidate	holoscript_lif	teardownMs	p50Ms	2.317077999999924	1.9900710000000572	0.05	True	reverse	-0.14112904269941606
3	candidate	holoscript_lif	teardownMs	p95Ms	2.647550000000024	2.6171739999999772	0.05	True	reverse	-0.011473248852730378
3	candidate	holoscript_lif	teardownMs	p99Ms	2.647550000000024	2.6171739999999772	0.05	True	reverse	-0.011473248852730378
3	candidate	holoscript_lif	coldWallMs	p50Ms	5.566504000000009	6.595281999999997	0.05	False	reverse	0.18481581976766503
3	candidate	holoscript_lif	coldWallMs	p95Ms	10.390136000000012	10.336756000000008	0.05	True	reverse	-0.0051375650905824966
3	candidate	holoscript_lif	coldWallMs	p99Ms	10.390136000000012	10.336756000000008	0.05	True	reverse	-0.0051375650905824966
3	candidate	holoscript_lif	peakProcessRssBytes	p50Ms	159219712	158269440	0.1	True	reverse	-0.005968306235850984
3	candidate	holoscript_lif	peakProcessRssBytes	p95Ms	163930112	164560896	0.1	True	reverse	0.003847883663984808
3	candidate	holoscript_lif	peakProcessRssBytes	p99Ms	163930112	164560896	0.1	True	reverse	0.003847883663984808
3	candidate	holoscript_lif	allocatedBufferBytes	p50Ms	2097216	2097216	0.1	True	reverse	0.0
3	candidate	holoscript_lif	allocatedBufferBytes	p95Ms	2097216	2097216	0.1	True	reverse	0.0
3	candidate	holoscript_lif	allocatedBufferBytes	p99Ms	2097216	2097216	0.1	True	reverse	0.0
3	candidate	holoscript_lif	coldCpuMs	p50Ms	5.149	6.199	0.1	False	reverse	0.20392309186249746
3	candidate	holoscript_lif	coldCpuMs	p95Ms	19.554	19.693	0.1	True	reverse	0.007108519995908891
3	candidate	holoscript_lif	coldCpuMs	p99Ms	19.554	19.693	0.1	True	reverse	0.007108519995908891
3	candidate	holoscript_lif	wallMs	p50Ms	0.7882260000000088	0.7922140000000013	0.05	True	reverse	0.005059462641415768
3	candidate	holoscript_lif	wallMs	p95Ms	1.2778180000000248	1.2995900000000233	0.05	True	reverse	0.01703842018190249
3	candidate	holoscript_lif	wallMs	p99Ms	1.653677000000016	1.67345499999999	0.05	True	reverse	0.011960013956760385
3	candidate	holoscript_lif	cpuMs	p50Ms	0.649	0.646	0.1	True	reverse	-0.0046224961479198745
3	candidate	holoscript_lif	cpuMs	p95Ms	1.452	1.587	0.1	True	reverse	0.09297520661157033
3	candidate	holoscript_lif	cpuMs	p99Ms	3.083	2.799	0.1	True	reverse	-0.09211806681803447
3	candidate	holoscript_lif	upload	p50Ms	0.02542799999997669	0.025348000000008142	0.05	True	reverse	-0.0031461381142293687
3	candidate	holoscript_lif	upload	p95Ms	0.06117499999999154	0.06618500000001859	0.05	False	reverse	0.08189619942832427
3	candidate	holoscript_lif	upload	p99Ms	0.4097320000000195	0.3987719999999513	0.05	True	reverse	-0.026749192155037238
3	candidate	holoscript_lif	encode	p50Ms	0.0494239999999877	0.04896200000001727	0.05	True	reverse	-0.009347685334463951
3	candidate	holoscript_lif	encode	p95Ms	0.07911999999998898	0.07917900000001055	0.05	True	reverse	0.000745702730303055
3	candidate	holoscript_lif	encode	p99Ms	0.13976400000001377	0.14454299999999876	0.05	True	reverse	0.03419335451178074
3	candidate	holoscript_lif	submitWait	p50Ms	0.21240999999997712	0.21414400000003297	0.05	True	reverse	0.008163457464601676
3	candidate	holoscript_lif	submitWait	p95Ms	0.4137200000000121	0.41343899999998257	0.05	True	reverse	-0.0006792033259922503
3	candidate	holoscript_lif	submitWait	p99Ms	0.4889819999999645	0.48266000000000986	0.05	True	reverse	-0.01292890126825752
3	candidate	holoscript_lif	readback	p50Ms	0.0342939999999885	0.034574999999961165	0.05	True	reverse	0.008193853151360564
3	candidate	holoscript_lif	readback	p95Ms	0.05128700000000208	0.04631699999998773	0.05	True	reverse	-0.09690564860518558
3	candidate	holoscript_lif	readback	p99Ms	0.09512900000004265	0.08474999999998545	0.05	True	reverse	-0.10910447918145416
3	candidate	holoscript_lif	total	p50Ms	0.5401479999999879	0.5440960000000246	0.05	True	reverse	0.007309107874206244
3	candidate	holoscript_lif	total	p95Ms	0.9175999999999931	0.9171489999999949	0.05	True	reverse	-0.0004914995640782349
3	candidate	holoscript_lif	total	p99Ms	1.2037290000000098	1.2513290000000552	0.05	True	reverse	0.03954378435681538
