{
  "artifactKind": "run-receipt",
  "execution": {
    "aggregates": {
      "measuredMs": {
        "count": 2,
        "maxMs": 2205.827393103391,
        "meanMs": 2187.620284035802,
        "minMs": 2169.413174968213,
        "p10Ms": 2169.413174968213,
        "p50Ms": 2169.413174968213,
        "p95Ms": 2169.413174968213,
        "p99Ms": 2169.413174968213,
        "stdevMs": 18.207109067589045
      },
      "measuredRawMs": {
        "count": 2,
        "maxMs": 2205.827393103391,
        "meanMs": 2187.620284035802,
        "minMs": 2169.413174968213,
        "p10Ms": 2169.413174968213,
        "p50Ms": 2169.413174968213,
        "p95Ms": 2169.413174968213,
        "p99Ms": 2169.413174968213,
        "stdevMs": 18.207109067589045
      },
      "wallMs": {
        "count": 2,
        "maxMs": 2205.827393103391,
        "meanMs": 2187.620284035802,
        "minMs": 2169.413174968213,
        "p10Ms": 2169.413174968213,
        "p50Ms": 2169.413174968213,
        "p95Ms": 2169.413174968213,
        "p99Ms": 2169.413174968213,
        "stdevMs": 18.207109067589045
      }
    },
    "returnCodes": [
      0
    ],
    "success": true,
    "timedSampleCount": 2,
    "timingClasses": [
      "process-wall"
    ],
    "timingSources": [
      "wall-time"
    ]
  },
  "executorId": "browser_ort_webgpu_dawn",
  "generatedAt": "2026-04-20T20:35:19.219514+00:00",
  "hostIdentity": {
    "adapter": {
      "architecture": "rdna-3",
      "description": "",
      "device": "",
      "vendor": "amd"
    },
    "api": "webgpu",
    "arch": "x86_64",
    "driver": "24.0.0",
    "hostname": "128",
    "kernel": "7.0.0-10-generic",
    "os": "linux"
  },
  "invocation": {
    "command": [
      "python3",
      "bench/executors/run-browser-ort-bench.py",
      "--mode",
      "dawn",
      "--scenario",
      "bench/vendor-browser/ort_browser_sentiment_longform_commands.json",
      "--trace-jsonl",
      "bench/out/browser-ort-webgpu-compare/20260420T203500Z/browser.workspace/isolated-runs/browser_ort_webgpu_dawn/browser_ort_webgpu_compare_sentiment_longform/browser_ort_webgpu_dawn.run001.ndjson",
      "--trace-meta",
      "bench/out/browser-ort-webgpu-compare/20260420T203500Z/browser.workspace/isolated-runs/browser_ort_webgpu_dawn/browser_ort_webgpu_compare_sentiment_longform/browser_ort_webgpu_dawn.run001.meta.json",
      "--workload",
      "browser_ort_webgpu_compare_sentiment_longform"
    ],
    "iterations": 3,
    "resourceProbe": "none",
    "resourceSampleMs": 100,
    "resourceSampleTargetCount": 0,
    "warmup": 1
  },
  "normalization": {
    "allowNoExecution": false,
    "commandRepeat": 1,
    "ignoreFirstOps": 0,
    "timingDivisor": 1.0,
    "timingNormalizationNote": "",
    "uploadBufferUsage": "copy-dst-copy-src",
    "uploadSubmitEvery": 1
  },
  "product": "browser_ort_webgpu_dawn",
  "runtimeIdentity": {
    "binaryPath": "/usr/bin/python3",
    "binarySha256": "fa9796cd3a30878e11a2f40372f773d3fcd913fff35e5bee8dd9a036e22e93ab",
    "executionBackend": "browser_ort_webgpu_dawn",
    "packageLockHash": "",
    "packageName": "dawn",
    "packageVersion": "",
    "providerId": "dawn",
    "providerName": "dawn",
    "runtimeHost": "browser"
  },
  "samples": [
    {
      "command": [
        "python3",
        "bench/executors/run-browser-ort-bench.py",
        "--mode",
        "dawn",
        "--scenario",
        "bench/vendor-browser/ort_browser_sentiment_longform_commands.json",
        "--trace-jsonl",
        "bench/out/browser-ort-webgpu-compare/20260420T203500Z/browser.workspace/isolated-runs/browser_ort_webgpu_dawn/browser_ort_webgpu_compare_sentiment_longform/browser_ort_webgpu_dawn.run001.ndjson",
        "--trace-meta",
        "bench/out/browser-ort-webgpu-compare/20260420T203500Z/browser.workspace/isolated-runs/browser_ort_webgpu_dawn/browser_ort_webgpu_compare_sentiment_longform/browser_ort_webgpu_dawn.run001.meta.json",
        "--workload",
        "browser_ort_webgpu_compare_sentiment_longform"
      ],
      "commandRepeat": 1,
      "measuredMs": 2169.413174968213,
      "measuredRawMs": 2169.413174968213,
      "resource": {
        "gpuMemoryProbe": "none",
        "gpuMemoryProbeAvailable": false,
        "processCpuMs": 913.329000000001,
        "processPeakRssKb": 216972,
        "processWallMs": 2169.413174968213,
        "resourceSampleCount": 23,
        "resourceSampleMs": 100,
        "resourceSampleTargetCount": 0,
        "resourceSamplingTruncated": false
      },
      "returnCode": 0,
      "runIndex": 1,
      "strictNormalizationUnit": "",
      "subphasesMs": {
        "encodeMs": null,
        "executionMs": null,
        "gpuTimestampMs": null,
        "setupMs": null,
        "submitWaitMs": null
      },
      "success": true,
      "timing": {
        "source": "wall-time",
        "timingConfiguredDivisor": 1.0,
        "timingNormalizationDivisor": 1.0,
        "timingNormalizedMs": 2169.413174968213,
        "timingRawMs": 2169.413174968213,
        "timingSelectionPolicy": "forced-process-wall",
        "uploadBufferUsage": "copy-dst-copy-src",
        "uploadSubmitEvery": 1,
        "wallTimeMs": 2169.413174968213,
        "workloadUnitNormalizationDivisor": 1.0,
        "workloadUnitNormalizationSource": "selected-process-wall"
      },
      "timingClass": "process-wall",
      "timingNormalizationDivisor": 1.0,
      "timingSource": "wall-time",
      "traceArtifacts": {
        "jsonlPath": "bench/out/browser-ort-webgpu-compare/20260420T203500Z/browser.workspace/isolated-runs/browser_ort_webgpu_dawn/browser_ort_webgpu_compare_sentiment_longform/browser_ort_webgpu_dawn.run001.ndjson",
        "metaPath": "bench/out/browser-ort-webgpu-compare/20260420T203500Z/browser.workspace/isolated-runs/browser_ort_webgpu_dawn/browser_ort_webgpu_compare_sentiment_longform/browser_ort_webgpu_dawn.run001.meta.json"
      },
      "traceMeta": {
        "adapterInfo": {
          "architecture": "rdna-3",
          "description": "",
          "device": "",
          "features": [
            "depth32float-stencil8",
            "chromium-experimental-subgroup-matrix",
            "rg11b10ufloat-renderable",
            "texture-formats-tier1",
            "bgra8unorm-storage",
            "chromium-experimental-multi-draw-indirect",
            "texture-compression-bc",
            "dual-source-blending",
            "core-features-and-limits",
            "chromium-experimental-timestamp-query-inside-passes",
            "float32-filterable",
            "indirect-first-instance",
            "float32-blendable",
            "depth-clip-control",
            "texture-compression-bc-sliced-3d",
            "shader-f16",
            "timestamp-query",
            "texture-formats-tier2",
            "clip-distances",
            "primitive-index",
            "texture-component-swizzle",
            "subgroups"
          ],
          "isFallbackAdapter": null,
          "vendor": "amd"
        },
        "benchmarkLane": "browser-ort-webgpu-compare",
        "browserLaunchArgs": [
          "--no-sandbox",
          "--disable-setuid-sandbox",
          "--disable-dev-shm-usage",
          "--ignore-gpu-blocklist",
          "--enable-unsafe-webgpu",
          "--unsafely-treat-insecure-origin-as-secure=http://127.0.0.1:42583",
          "--use-angle=vulkan",
          "--use-webgpu-runtime=dawn"
        ],
        "browserTask": "sentiment_longform",
        "browserTaskConfig": {
          "dtype": "uint8",
          "expectedLabels": [
            "POSITIVE",
            "NEGATIVE"
          ],
          "inputPayload": [
            "I love deterministic benchmark surfaces because they let me compare the same ORT stack across Doe and Dawn without hand-waving away the runtime differences.",
            "Benchmark drift gets frustrating when the browser lane looks healthy but the package and native lanes still disagree on what work was actually measured."
          ],