{
  "schemaVersion": 1,
  "generatedAt": "2026-04-08T22:31:16.690460+00:00",
  "sourceReport": "/home/x/deco/doe/bench/out/amd-vulkan/compare/20260408T212313Z/dawn-vs-doe.amd.vulkan.compare.json",
  "bootstrapIterations": 1000,
  "bootstrapSeed": 1337,
  "workloads": [
    {
      "id": "upload_write_buffer_1kb",
      "domain": "upload",
      "comparable": true,
      "baselineSampleCount": 15,
      "comparisonSampleCount": 15,
      "baselineStatsMs": {
        "count": 15.0,
        "minMs": 0.001839972539450789,
        "maxMs": 0.0024020167203344066,
        "p10Ms": 0.0018649168183363667,
        "p50Ms": 0.0019486308926178525,
        "p95Ms": 0.002243090941818836,
        "p99Ms": 0.002243090941818836,
        "meanMs": 0.0020069219011046887
      },
      "comparisonStatsMs": {
        "count": 15.0,
        "minMs": 0.008037090801816036,
        "maxMs": 0.009785532490649814,
        "p10Ms": 0.0081007505750115,
        "p50Ms": 0.008525453549070982,
        "p95Ms": 0.009688974779495589,
        "p99Ms": 0.009688974779495589,
        "meanMs": 0.008773221583098328
      },
      "deltaPercent": {
        "p10Percent": 334.3759729851074,
        "p50Percent": 337.50992460237643,
        "p95Percent": 331.94747920649047,
        "p99Percent": 331.94747920649047,
        "meanPercent": 337.148131089167
      },
      "distribution": {
        "ksStatistic": 1.0,
        "ksAsymptoticPValue": 1.0054168109701315e-07,
        "wassersteinMs": 0.0067662996819936394,
        "probabilityBaselineFaster": 1.0
      },
      "bootstrapDeltaCI95": {
        "p50": {
          "lower": 307.19659605687235,
          "upper": 373.38357463708957
        },
        "p95": {
          "lower": 285.98791138275794,
          "upper": 369.3604097850695
        },
        "p99": {
          "lower": 285.98791138275794,
          "upper": 369.3604097850695
        }
      },
      "selectedTiming": {
        "scope": "operation-total",
        "scopeClass": "operation-total",
        "note": "Selected timing measures the comparable operation scope. workloadUnitWall adds the full timed workload-unit wall interval for the command the harness ran."
      },
      "workloadUnitWallDeltaPercent": {
        "p10Percent": 129.6894609482501,
        "p50Percent": 143.20579404977417,
        "p95Percent": 104.88971468183132,
        "p99Percent": 104.88971468183132,
        "meanPercent": 132.23677667692803
      },
      "baselineSamplesMs": [
        0.002243090941818836,
        0.0024020167203344066,
        0.0019486308926178525,
        0.0019020822616452329,
        0.002084865337306746,
        0.0018649168183363667,
        0.002117270265405308,
        0.001839972539450789,
        0.001884385167703354,
        0.0019515243504870097,
        0.001991876497529951,
        0.0020877946158923176,
        0.0019125312706254126,
        0.0019466694533890677,
        0.0019262013840276807
      ],
      "comparisonSamplesMs": [
        0.008227607232144643,
        0.00848237452749055,
        0.008807062841256826,
        0.009506341406828137,
        0.008298038260765216,
        0.008037090801816036,
        0.00894030206604132,
        0.009688974779495589,
        0.009785532490649814,
        0.008525453549070982,
        0.00850142860857217,
        0.00911832096641933,
        0.009271494169883397,
        0.00830755147102942,
        0.0081007505750115
      ]
    },
    {
      "id": "upload_write_buffer_1mb",
      "domain": "upload",
      "comparable": true,
      "baselineSampleCount": 15,
      "comparisonSampleCount": 15,
      "baselineStatsMs": {
        "count": 15.0,
        "minMs": 0.020114591836734693,
        "maxMs": 0.021668224489795915,
        "p10Ms": 0.02015895918367347,
        "p50Ms": 0.020230734693877553,
        "p95Ms": 0.020442163265306124,
        "p99Ms": 0.020442163265306124,
        "meanMs": 0.020327448979591836
      },
      "comparisonStatsMs": {
        "count": 15.0,
        "minMs": 0.03370032653061225,
        "maxMs": 0.04921975510204081,
        "p10Ms": 0.03410648979591836,
        "p50Ms": 0.03748473469387755,
        "p95Ms": 0.04092963265306123,
        "p99Ms": 0.04092963265306123,
        "meanMs": 0.037924397278911566
      },
      "deltaPercent": {
        "p10Percent": 69.18775163521762,
        "p50Percent": 85.28607715478367,
        "p95Percent": 100.22163076314862,
        "p99Percent": 100.22163076314862,
        "meanPercent": 86.56742081599393
      },
      "distribution": {
        "ksStatistic": 1.0,
        "ksAsymptoticPValue": 1.0054168109701315e-07,
        "wassersteinMs": 0.01759694829931973,
        "probabilityBaselineFaster": 1.0
      },
      "bootstrapDeltaCI95": {
        "p50": {
          "lower": 75.44018605308163,
          "upper": 95.30660177825409
        },
        "p95": {
          "lower": 82.64005507924239,
          "upper": 142.68899512864658
        },
        "p99": {
          "lower": 82.64005507924239,
          "upper": 142.68899512864658
        }
      },
      "selectedTiming": {
        "scope": "operation-total",
        "scopeClass": "operation-total",
        "note": "Selected timing measures the comparable operation scope. workloadUnitWall adds the full timed workload-unit wall interval for the command the harness ran."
      },
      "workloadUnitWallDeltaPercent": {
        "p10Percent": 0.13485441173450852,
        "p50Percent": 101.19090949973484,
        "p95Percent": 101.67194423576716,
        "p99Percent": 101.67194423576716,
        "meanPercent": 67.73458937319539
      },
      "baselineSamplesMs": [
        0.020281,
        0.020114591836734693,
        0.02020989795918367,
        0.020173326530612243,
        0.020226836734693877,
        0.020230734693877553,
        0.020240326530612245,
        0.021668224489795915,
        0.020192285714285715,
        0.020173816326530612,
        0.020244081632653062,
        0.020262938775510202,
        0.020442163265306124,
        0.02015895918367347,
        0.020292551020408164
      ],
      "comparisonSamplesMs": [
        0.04921975510204081,
        0.035486,
        0.03370032653061225,
        0.0385705918367347,
        0.03957485714285715,
        0.04092963265306123,
        0.038156244897959185,
        0.03530344897959183,
        0.03619044897959183,
        0.038041877551020405,
        0.03668338775510204,
        0.03410648979591836,
        0.03748473469387755,
        0.03989291836734694,
        0.035525244897959184
      ]
    },
    {
      "id": "upload_write_buffer_4mb",
      "domain": "upload",
      "comparable": true,
      "baselineSampleCount": 15,
      "comparisonSampleCount": 15,
      "baselineStatsMs": {
        "count": 15.0,
        "minMs": 0.03734551020408163,
        "maxMs": 0.04783836734693877,
        "p10Ms": 0.03766124489795919,
        "p50Ms": 0.03859493877551021,
        "p95Ms": 0.04506577551020408,
        "p99Ms": 0.04506577551020408,
        "meanMs": 0.03992117006802721
      },
      "comparisonStatsMs": {
        "count": 15.0,
        "minMs": 0.4849081836734694,
        "maxMs": 0.6493487551020408,
        "p10Ms": 0.5056572448979592,
        "p50Ms": 0.6252977959183673,
        "p95Ms": 0.6411722653061225,
        "p99Ms": 0.6411722653061225,
        "meanMs": 0.6003830408163265
      },
      "deltaPercent": {
        "p10Percent": 1242.6461240673434,
        "p50Percent": 1520.154910869142,
        "p95Percent": 1322.7476572791788,
        "p99Percent": 1322.7476572791788,
        "meanPercent": 1403.9214526860078
      },
      "distribution": {
        "ksStatistic": 1.0,
        "ksAsymptoticPValue": 1.0054168109701315e-07,
        "wassersteinMs": 0.5604618707482993,
        "probabilityBaselineFaster": 1.0
      },
      "bootstrapDeltaCI95": {
        "p50": {
          "lower": 1410.6583316469184,
          "upper": 1556.7477432094242
        },
        "p95": {
          "lower": 1217.077403501587,