{
  "schemaVersion": 1,
  "generatedAt": "2026-04-09T11:26:06.469402+00:00",
  "sourceReport": "/Users/xyz/deco/doe/bench/out/apple-metal/20260409T030203Z/gemma64.bun-package.warm.ir.compare.json",
  "bootstrapIterations": 1000,
  "bootstrapSeed": 1337,
  "workloads": [
    {
      "id": "inference_gemma3_270m_prefill_64tok_decode_64tok",
      "domain": "compute",
      "comparable": true,
      "baselineSampleCount": 15,
      "comparisonSampleCount": 15,
      "baselineStatsMs": {
        "count": 15.0,
        "minMs": 138.566576,
        "maxMs": 186.019483,
        "p10Ms": 139.16081,
        "p50Ms": 154.756884,
        "p95Ms": 185.337988,
        "p99Ms": 185.337988,
        "meanMs": 156.84351566666666
      },
      "comparisonStatsMs": {
        "count": 15.0,
        "minMs": 147.19998,
        "maxMs": 206.579167,
        "p10Ms": 152.786382,
        "p50Ms": 199.955493,
        "p95Ms": 205.080847,
        "p99Ms": 205.080847,
        "meanMs": 189.0142452
      },
      "deltaPercent": {
        "p10Percent": 9.791242232637188,
        "p50Percent": 29.206202549283677,
        "p95Percent": 10.652354227563965,
        "p99Percent": 10.652354227563965,
        "meanPercent": 20.511354515735626
      },
      "distribution": {
        "ksStatistic": 0.6666666666666667,
        "ksAsymptoticPValue": 0.0011406975408981303,
        "wassersteinMs": 32.17072953333333,
        "probabilityBaselineFaster": 0.8755555555555555
      },
      "bootstrapDeltaCI95": {
        "p50": {
          "lower": 12.24344931510113,
          "upper": 43.41459142660427
        },
        "p95": {
          "lower": 9.088369946046893,
          "upper": 25.840972176539022
        },
        "p99": {
          "lower": 9.160460941229154,
          "upper": 25.840972176539022
        }
      },
      "selectedTiming": {
        "scope": "operation-total",
        "scopeClass": "operation-total",
        "note": "Selected timing measures the comparable operation scope. workloadUnitWall adds the full timed workload-unit wall interval for the command the harness ran."
      },
      "workloadUnitWallDeltaPercent": {
        "p10Percent": 9.651652564371505,
        "p50Percent": 24.51798376170684,
        "p95Percent": 10.070368174891197,
        "p99Percent": 10.070368174891197,
        "meanPercent": 17.204083581192652
      },
      "baselineSamplesMs": [
        154.756884,
        185.337988,
        179.092134,
        164.158909,
        139.566958,
        139.16081,
        140.541652,
        143.584443,
        154.816776,
        186.019483,
        176.943788,
        160.949599,
        149.3307,
        139.826035,
        138.566576
      ],
      "comparisonSamplesMs": [
        147.19998,
        152.786382,
        163.723952,
        172.713568,
        181.420159,
        192.546077,
        206.579167,
        202.315802,
        204.265337,
        201.557236,
        198.607811,
        204.279677,
        205.080847,
        202.18219,
        199.955493
      ]
    }
  ]
}
