{
  "schemaVersion": 1,
  "generatedAt": "2026-04-09T11:26:06.202354+00:00",
  "sourceReport": "/Users/xyz/deco/doe/bench/out/amd-vulkan/20260408T235606Z/gemma270m.node-package.ir.compare.json",
  "bootstrapIterations": 1000,
  "bootstrapSeed": 1337,
  "workloads": [
    {
      "id": "inference_gemma3_270m_prefill_64tok_decode_64tok",
      "domain": "compute",
      "comparable": true,
      "baselineSampleCount": 15,
      "comparisonSampleCount": 15,
      "baselineStatsMs": {
        "count": 15.0,
        "minMs": 184.722266,
        "maxMs": 257.736928,
        "p10Ms": 187.415162,
        "p50Ms": 231.099567,
        "p95Ms": 256.598584,
        "p99Ms": 256.598584,
        "meanMs": 227.41750833333333
      },
      "comparisonStatsMs": {
        "count": 15.0,
        "minMs": 150.168219,
        "maxMs": 171.465951,
        "p10Ms": 150.330304,
        "p50Ms": 151.359157,
        "p95Ms": 156.08578,
        "p99Ms": 156.08578,
        "meanMs": 153.235444
      },
      "deltaPercent": {
        "p10Percent": -19.787544190261396,
        "p50Percent": -34.50478554985782,
        "p95Percent": -39.17122317401409,
        "p99Percent": -39.17122317401409,
        "meanPercent": -32.6193285983075
      },
      "distribution": {
        "ksStatistic": 1.0,
        "ksAsymptoticPValue": 1.0054168109701315e-07,
        "wassersteinMs": 74.18206433333334,
        "probabilityBaselineFaster": 0.0
      },
      "bootstrapDeltaCI95": {
        "p50": {
          "lower": -37.58767733464396,
          "upper": -25.33993228385244
        },
        "p95": {
          "lower": -40.60422640524003,
          "upper": -30.23505470564255
        },
        "p99": {
          "lower": -40.766817325850866,
          "upper": -30.23505470564255
        }
      },
      "selectedTiming": {
        "scope": "operation-total",
        "scopeClass": "operation-total",
        "note": "Selected timing measures the comparable operation scope. workloadUnitWall adds the full timed workload-unit wall interval for the command the harness ran."
      },
      "workloadUnitWallDeltaPercent": {
        "p10Percent": -20.11552504938997,
        "p50Percent": -25.388285656094954,
        "p95Percent": -25.662363135118817,
        "p99Percent": -25.662363135118817,
        "meanPercent": -24.00359849273237
      },
      "baselineSamplesMs": [
        184.722266,
        224.198702,
        241.606626,
        228.346933,
        241.723555,
        245.776658,
        249.971218,
        231.099567,
        257.736928,
        256.598584,
        242.04862,
        187.415162,
        191.993792,
        225.422707,
        202.601307
      ],
      "comparisonSamplesMs": [
        156.08578,
        154.667423,
        151.278395,
        151.294777,
        150.330304,
        150.792307,
        151.359157,
        151.262273,
        150.168219,
        151.609938,
        152.408714,
        153.34587,
        150.471044,
        151.991508,
        171.465951
      ]
    }
  ]
}
