{
  "schemaVersion": 1,
  "generatedAt": "2026-04-09T11:26:06.255626+00:00",
  "sourceReport": "/Users/xyz/deco/doe/bench/out/apple-metal/20260409T030259Z/gemma64.node-package.ir.compare.json",
  "bootstrapIterations": 1000,
  "bootstrapSeed": 1337,
  "workloads": [
    {
      "id": "inference_gemma3_270m_prefill_64tok_decode_64tok",
      "domain": "compute",
      "comparable": true,
      "baselineSampleCount": 15,
      "comparisonSampleCount": 15,
      "baselineStatsMs": {
        "count": 15.0,
        "minMs": 151.960163,
        "maxMs": 198.208621,
        "p10Ms": 152.481808,
        "p50Ms": 163.238021,
        "p95Ms": 192.872978,
        "p99Ms": 192.872978,
        "meanMs": 169.54519186666667
      },
      "comparisonStatsMs": {
        "count": 15.0,
        "minMs": 155.860821,
        "maxMs": 218.024387,
        "p10Ms": 160.194026,
        "p50Ms": 183.313196,
        "p95Ms": 214.495438,
        "p99Ms": 214.495438,
        "meanMs": 183.94410533333334
      },
      "deltaPercent": {
        "p10Percent": 5.0577954846915185,
        "p50Percent": 12.298099962875675,
        "p95Percent": 11.210725434021152,
        "p99Percent": 11.210725434021152,
        "meanPercent": 8.492669894166172
      },
      "distribution": {
        "ksStatistic": 0.4666666666666667,
        "ksAsymptoticPValue": 0.05146730692911875,
        "wassersteinMs": 14.398913466666668,
        "probabilityBaselineFaster": 0.7377777777777779
      },
      "bootstrapDeltaCI95": {
        "p50": {
          "lower": -6.790752513747355,
          "upper": 23.312169019250618
        },
        "p95": {
          "lower": 0.6216873886630836,
          "upper": 19.777552735270355
        },
        "p99": {
          "lower": 0.6216873886630836,
          "upper": 19.251902947812958
        }
      },
      "selectedTiming": {
        "scope": "operation-total",
        "scopeClass": "operation-total",
        "note": "Selected timing measures the comparable operation scope. workloadUnitWall adds the full timed workload-unit wall interval for the command the harness ran."
      },
      "workloadUnitWallDeltaPercent": {
        "p10Percent": -7.312902906673779,
        "p50Percent": -8.08362295345818,
        "p95Percent": -8.683479490086254,
        "p99Percent": -8.683479490086254,
        "meanPercent": -7.875138891413158
      },
      "baselineSamplesMs": [
        198.208621,
        177.840001,
        163.912737,
        152.481808,
        153.036918,
        152.686406,
        161.736559,
        179.867518,
        189.231348,
        192.872978,
        188.006802,
        161.692165,
        156.405833,
        151.960163,
        163.238021
      ],
      "comparisonSamplesMs": [
        160.194026,
        164.92799,
        165.414499,
        167.894728,
        167.65316,
        183.057978,
        196.330665,
        218.024387,
        214.495438,
        201.121604,
        199.440859,
        196.815235,
        183.313196,
        184.616994,
        155.860821
      ]
    }
  ]
}
