{
  "schemaVersion": 1,
  "generatedAt": "2026-04-09T11:26:06.418465+00:00",
  "sourceReport": "/Users/xyz/deco/doe/bench/out/apple-metal/20260409T030259Z/gemma64.bun-package.ir.compare.json",
  "bootstrapIterations": 1000,
  "bootstrapSeed": 1337,
  "workloads": [
    {
      "id": "inference_gemma3_270m_prefill_64tok_decode_64tok",
      "domain": "compute",
      "comparable": true,
      "baselineSampleCount": 15,
      "comparisonSampleCount": 15,
      "baselineStatsMs": {
        "count": 15.0,
        "minMs": 148.496998,
        "maxMs": 195.598802,
        "p10Ms": 148.555664,
        "p50Ms": 168.722778,
        "p95Ms": 190.134067,
        "p99Ms": 190.134067,
        "meanMs": 168.53427473333335
      },
      "comparisonStatsMs": {
        "count": 15.0,
        "minMs": 171.573092,
        "maxMs": 228.926688,
        "p10Ms": 172.270422,
        "p50Ms": 188.470264,
        "p95Ms": 225.040083,
        "p99Ms": 225.040083,
        "meanMs": 195.03130986666665
      },
      "deltaPercent": {
        "p10Percent": 15.963550201626763,
        "p50Percent": 11.704101979639049,
        "p95Percent": 18.358633226942978,
        "p99Percent": 18.358633226942978,
        "meanPercent": 15.722045367483117
      },
      "distribution": {
        "ksStatistic": 0.5333333333333333,
        "ksAsymptoticPValue": 0.016786481071967625,
        "wassersteinMs": 26.497035133333338,
        "probabilityBaselineFaster": 0.8133333333333332
      },
      "bootstrapDeltaCI95": {
        "p50": {
          "lower": 1.717702206899574,
          "upper": 31.932741720108847
        },
        "p95": {
          "lower": 7.103864061498699,
          "upper": 26.277782175931886
        },
        "p99": {
          "lower": 7.103864061498699,
          "upper": 24.13389994061168
        }
      },
      "selectedTiming": {
        "scope": "operation-total",
        "scopeClass": "operation-total",
        "note": "Selected timing measures the comparable operation scope. workloadUnitWall adds the full timed workload-unit wall interval for the command the harness ran."
      },
      "workloadUnitWallDeltaPercent": {
        "p10Percent": 4.335851467270424,
        "p50Percent": 8.378688899244423,
        "p95Percent": 11.283097318142365,
        "p99Percent": 11.283097318142365,
        "meanPercent": 8.271362745460276
      },
      "baselineSamplesMs": [
        195.598802,
        181.288176,
        173.670861,
        148.496998,
        150.225305,
        151.572572,
        155.679973,
        158.095121,
        174.077771,
        188.764155,
        190.134067,
        188.954459,
        168.722778,
        154.177419,
        148.555664
      ],
      "comparisonSamplesMs": [
        171.573092,
        172.270422,
        173.034766,
        174.999249,
        184.402167,
        186.290728,
        203.843634,
        214.343563,
        228.926688,
        225.040083,
        209.493875,
        203.631978,
        203.410496,
        188.470264,
        185.738643
      ]
    }
  ]
}
