{
  "schemaVersion": 1,
  "generatedAt": "2026-04-09T11:26:06.367446+00:00",
  "sourceReport": "/Users/xyz/deco/doe/bench/out/amd-vulkan/20260408T235621Z/gemma270m.bun-package.ir.compare.json",
  "bootstrapIterations": 1000,
  "bootstrapSeed": 1337,
  "workloads": [
    {
      "id": "inference_gemma3_270m_prefill_64tok_decode_64tok",
      "domain": "compute",
      "comparable": true,
      "baselineSampleCount": 15,
      "comparisonSampleCount": 15,
      "baselineStatsMs": {
        "count": 15.0,
        "minMs": 190.016582,
        "maxMs": 251.769116,
        "p10Ms": 224.895607,
        "p50Ms": 239.978207,
        "p95Ms": 251.739292,
        "p99Ms": 251.739292,
        "meanMs": 236.1377196
      },
      "comparisonStatsMs": {
        "count": 15.0,
        "minMs": 162.563884,
        "maxMs": 166.194394,
        "p10Ms": 162.583292,
        "p50Ms": 162.973139,
        "p95Ms": 165.813711,
        "p99Ms": 165.813711,
        "meanMs": 163.6476988
      },
      "deltaPercent": {
        "p10Percent": -27.707217509144144,
        "p50Percent": -32.08835875667659,
        "p95Percent": -34.13276501945512,
        "p99Percent": -34.13276501945512,
        "meanPercent": -30.698196341860495
      },
      "distribution": {
        "ksStatistic": 1.0,
        "ksAsymptoticPValue": 1.0054168109701315e-07,
        "wassersteinMs": 72.49002079999998,
        "probabilityBaselineFaster": 0.0
      },
      "bootstrapDeltaCI95": {
        "p50": {
          "lower": -32.584891101489745,
          "upper": -29.473279618683524
        },
        "p95": {
          "lower": -34.916223402079225,
          "upper": -31.368732277939838
        },
        "p99": {
          "lower": -34.916223402079225,
          "upper": -31.384822743581985
        }
      },
      "selectedTiming": {
        "scope": "operation-total",
        "scopeClass": "operation-total",
        "note": "Selected timing measures the comparable operation scope. workloadUnitWall adds the full timed workload-unit wall interval for the command the harness ran."
      },
      "workloadUnitWallDeltaPercent": {
        "p10Percent": -17.054478371761526,
        "p50Percent": -18.156700411167282,
        "p95Percent": -19.319139556480568,
        "p99Percent": -19.319139556480568,
        "meanPercent": -17.873458829659306
      },
      "baselineSamplesMs": [
        190.016582,
        225.607862,
        251.739292,
        241.657484,
        240.341891,
        242.380001,
        236.709535,
        237.669821,
        224.895607,
        239.978207,
        251.769116,
        230.745865,
        250.191844,
        237.872165,
        240.490522
      ],
      "comparisonSamplesMs": [
        163.228978,
        162.913656,
        162.596527,
        162.972987,
        162.713667,
        162.563884,
        162.737491,
        165.051694,
        162.973139,
        162.583292,
        164.6787,
        163.860849,
        163.832513,
        166.194394,
        165.813711
      ]
    }
  ]
}
