{
    "cycle_count": 451607,
    "cycles_per_second": 40150.014041186674,
    "fabric_x": 5,
    "fabric_y": 4,
    "hwtile_count": 16,
    "idle_ce_cycles": 64727,
    "idle_wavelet_cycles": 64723,
    "init_time": 0.02003002166748047,
    "iotile_count": 4,
    "nodes": 1,
    "nultile_count": 18,
    "sim_stop_cause": "Stop due to user request",
    "sim_time": 11.24799108505249,
    "simulated_tile_count": 20,
    "sunset_count": 0,
    "threads": 16,
    "tile_count": 38,
    "tile_cycles_per_second": 803000.2808237334,
    "tile_cycles_per_second_per_thread": 50187.51755148334,
    "total_time": 11.26802110671997
}
