{
    "cycle_count": 6889134,
    "cycles_per_second": 39728.246542112465,
    "fabric_x": 5,
    "fabric_y": 4,
    "hwtile_count": 16,
    "idle_ce_cycles": 61887,
    "idle_wavelet_cycles": 61883,
    "init_time": 0.054533958435058594,
    "iotile_count": 4,
    "nodes": 1,
    "nultile_count": 18,
    "sim_stop_cause": "Stop due to user request",
    "sim_time": 173.4064450263977,
    "simulated_tile_count": 20,
    "sunset_count": 0,
    "threads": 16,
    "tile_count": 38,
    "tile_cycles_per_second": 794564.9308422493,
    "tile_cycles_per_second_per_thread": 49660.30817764058,
    "total_time": 173.46097898483276
}
