{
    "cycle_count": 246964,
    "cycles_per_second": 24498.331271099774,
    "fabric_x": 5,
    "fabric_y": 4,
    "hwtile_count": 16,
    "idle_ce_cycles": 55,
    "idle_wavelet_cycles": 50,
    "init_time": 0.008797168731689453,
    "iotile_count": 4,
    "nodes": 1,
    "nultile_count": 18,
    "sim_stop_cause": "Stopped due to idleness",
    "sim_time": 10.080849885940552,
    "simulated_tile_count": 20,
    "sunset_count": 0,
    "threads": 16,
    "tile_count": 38,
    "tile_cycles_per_second": 489966.6254219955,
    "tile_cycles_per_second_per_thread": 30622.914088874717,
    "total_time": 10.089647054672241
}
