{
    "cycle_count": 453831,
    "cycles_per_second": 37420.04700629233,
    "fabric_x": 5,
    "fabric_y": 4,
    "hwtile_count": 16,
    "idle_ce_cycles": 65612,
    "idle_wavelet_cycles": 65608,
    "init_time": 0.019759178161621094,
    "iotile_count": 4,
    "nodes": 1,
    "nultile_count": 18,
    "sim_stop_cause": "Stop due to user request",
    "sim_time": 12.128017902374268,
    "simulated_tile_count": 20,
    "sunset_count": 0,
    "threads": 16,
    "tile_count": 38,
    "tile_cycles_per_second": 748400.9401258465,
    "tile_cycles_per_second_per_thread": 46775.05875786541,
    "total_time": 12.147777080535889
}
