{
    "cycle_count": 55950,
    "cycles_per_second": 51759.45404854955,
    "fabric_x": 5,
    "fabric_y": 2,
    "hwtile_count": 10,
    "idle_ce_cycles": 53326,
    "idle_wavelet_cycles": 53322,
    "init_time": 0.003058910369873047,
    "iotile_count": 2,
    "nodes": 1,
    "nultile_count": 12,
    "sim_stop_cause": "Stop due to user request",
    "sim_time": 1.0809619426727295,
    "simulated_tile_count": 12,
    "sunset_count": 0,
    "threads": 16,
    "tile_count": 24,
    "tile_cycles_per_second": 621113.4485825946,
    "tile_cycles_per_second_per_thread": 38819.590536412165,
    "total_time": 1.0840208530426025
}
