{
    "cycle_count": 11963554,
    "cycles_per_second": 39445.16390753628,
    "fabric_x": 5,
    "fabric_y": 4,
    "hwtile_count": 16,
    "idle_ce_cycles": 60428,
    "idle_wavelet_cycles": 60424,
    "init_time": 0.007992029190063477,
    "iotile_count": 4,
    "nodes": 1,
    "nultile_count": 18,
    "sim_stop_cause": "Stop due to user request",
    "sim_time": 303.2958369255066,
    "simulated_tile_count": 20,
    "sunset_count": 0,
    "threads": 16,
    "tile_count": 38,
    "tile_cycles_per_second": 788903.2781507255,
    "tile_cycles_per_second_per_thread": 49306.454884420345,
    "total_time": 303.30382895469666
}
