{
    "cycle_count": 186894,
    "cycles_per_second": 67282.90515524443,
    "fabric_x": 11,
    "fabric_y": 3,
    "hwtile_count": 13,
    "idle_ce_cycles": 111067,
    "idle_wavelet_cycles": 111122,
    "init_time": 0.010699033737182617,
    "iotile_count": 4,
    "nodes": 1,
    "nultile_count": 44,
    "sim_stop_cause": "Stop due to user request",
    "sim_time": 2.77773380279541,
    "simulated_tile_count": 17,
    "sunset_count": 0,
    "threads": 5,
    "tile_count": 61,
    "tile_cycles_per_second": 1143809.3876391554,
    "tile_cycles_per_second_per_thread": 228761.87752783106,
    "total_time": 2.7884328365325928
}
