{
    "cycle_count": 233175,
    "cycles_per_second": 38562.36848569634,
    "fabric_x": 5,
    "fabric_y": 4,
    "hwtile_count": 16,
    "idle_ce_cycles": 41630,
    "idle_wavelet_cycles": 41626,
    "init_time": 0.011262893676757813,
    "iotile_count": 4,
    "nodes": 1,
    "nultile_count": 18,
    "sim_stop_cause": "Stop due to user request",
    "sim_time": 6.046698093414307,
    "simulated_tile_count": 20,
    "sunset_count": 0,
    "threads": 16,
    "tile_count": 38,
    "tile_cycles_per_second": 771247.3697139267,
    "tile_cycles_per_second_per_thread": 48202.96060712042,
    "total_time": 6.0579609870910645
}
