{
    "cycle_count": 120369,
    "cycles_per_second": 72446.10829258997,
    "fabric_x": 11,
    "fabric_y": 3,
    "hwtile_count": 13,
    "idle_ce_cycles": 93034,
    "idle_wavelet_cycles": 93089,
    "init_time": 0.009597063064575195,
    "iotile_count": 4,
    "nodes": 1,
    "nultile_count": 44,
    "sim_stop_cause": "Stop due to user request",
    "sim_time": 1.6614971160888672,
    "simulated_tile_count": 17,
    "sunset_count": 0,
    "threads": 5,
    "tile_count": 61,
    "tile_cycles_per_second": 1231583.8409740294,
    "tile_cycles_per_second_per_thread": 246316.7681948059,
    "total_time": 1.6710941791534424
}
