{
    "cycle_count": 322711,
    "cycles_per_second": 24675.47907276432,
    "fabric_x": 23,
    "fabric_y": 3,
    "hwtile_count": 25,
    "idle_ce_cycles": 88426,
    "idle_wavelet_cycles": 88486,
    "init_time": 0.013148069381713867,
    "iotile_count": 4,
    "nodes": 1,
    "nultile_count": 92,
    "sim_stop_cause": "Stop due to user request",
    "sim_time": 13.078206062316895,
    "simulated_tile_count": 29,
    "sunset_count": 0,
    "threads": 5,
    "tile_count": 121,
    "tile_cycles_per_second": 715588.8931101653,
    "tile_cycles_per_second_per_thread": 143117.77862203305,
    "total_time": 13.091354131698608
}
