{
    "cycle_count": 6927887,
    "cycles_per_second": 34635.16326787608,
    "fabric_x": 5,
    "fabric_y": 4,
    "hwtile_count": 16,
    "idle_ce_cycles": 45756,
    "idle_wavelet_cycles": 45752,
    "init_time": 0.23697686195373535,
    "iotile_count": 4,
    "nodes": 1,
    "nultile_count": 18,
    "sim_stop_cause": "Stop due to user request",
    "sim_time": 200.02466702461243,
    "simulated_tile_count": 20,
    "sunset_count": 0,
    "threads": 16,
    "tile_count": 38,
    "tile_cycles_per_second": 692703.2653575216,
    "tile_cycles_per_second_per_thread": 43293.9540848451,
    "total_time": 200.26164388656616
}
