{
    "cycle_count": 6942962,
    "cycles_per_second": 34647.36994956619,
    "fabric_x": 5,
    "fabric_y": 4,
    "hwtile_count": 16,
    "idle_ce_cycles": 64143,
    "idle_wavelet_cycles": 64139,
    "init_time": 0.26142215728759766,
    "iotile_count": 4,
    "nodes": 1,
    "nultile_count": 18,
    "sim_stop_cause": "Stop due to user request",
    "sim_time": 200.38929390907288,
    "simulated_tile_count": 20,
    "sunset_count": 0,
    "threads": 16,
    "tile_count": 38,
    "tile_cycles_per_second": 692947.3989913239,
    "tile_cycles_per_second_per_thread": 43309.21243695774,
    "total_time": 200.65071606636047
}
