{
    "cycle_count": 203541,
    "cycles_per_second": 59995.15172136132,
    "fabric_x": 11,
    "fabric_y": 3,
    "hwtile_count": 13,
    "idle_ce_cycles": 114330,
    "idle_wavelet_cycles": 114385,
    "init_time": 0.009285926818847656,
    "iotile_count": 4,
    "nodes": 1,
    "nultile_count": 44,
    "sim_stop_cause": "Stop due to user request",
    "sim_time": 3.3926241397857666,
    "simulated_tile_count": 17,
    "sunset_count": 0,
    "threads": 5,
    "tile_count": 61,
    "tile_cycles_per_second": 1019917.5792631424,
    "tile_cycles_per_second_per_thread": 203983.51585262848,
    "total_time": 3.4019100666046143
}
