{
    "cycle_count": 56173,
    "cycles_per_second": 54920.00078135253,
    "fabric_x": 5,
    "fabric_y": 4,
    "hwtile_count": 16,
    "idle_ce_cycles": 55514,
    "idle_wavelet_cycles": 55510,
    "init_time": 0.004130125045776367,
    "iotile_count": 4,
    "nodes": 1,
    "nultile_count": 18,
    "sim_stop_cause": "Stop due to user request",
    "sim_time": 1.0228149890899658,
    "simulated_tile_count": 20,
    "sunset_count": 0,
    "threads": 16,
    "tile_count": 38,
    "tile_cycles_per_second": 1098400.0156270505,
    "tile_cycles_per_second_per_thread": 68650.00097669066,
    "total_time": 1.0269451141357422
}
