{
    "cycle_count": 257414,
    "cycles_per_second": 36337.8466236682,
    "fabric_x": 5,
    "fabric_y": 4,
    "hwtile_count": 16,
    "idle_ce_cycles": 64770,
    "idle_wavelet_cycles": 64766,
    "init_time": 0.01027989387512207,
    "iotile_count": 4,
    "nodes": 1,
    "nultile_count": 18,
    "sim_stop_cause": "Stop due to user request",
    "sim_time": 7.083909034729004,
    "simulated_tile_count": 20,
    "sunset_count": 0,
    "threads": 16,
    "tile_count": 38,
    "tile_cycles_per_second": 726756.932473364,
    "tile_cycles_per_second_per_thread": 45422.30827958525,
    "total_time": 7.094188928604126
}
