{
    "cycle_count": 107224,
    "cycles_per_second": 100441.28052757517,
    "fabric_x": 11,
    "fabric_y": 3,
    "hwtile_count": 13,
    "idle_ce_cycles": 104163,
    "idle_wavelet_cycles": 104223,
    "init_time": 0.05484890937805176,
    "iotile_count": 4,
    "nodes": 1,
    "nultile_count": 44,
    "sim_stop_cause": "Stop due to user request",
    "sim_time": 1.0675292015075684,
    "simulated_tile_count": 17,
    "sunset_count": 0,
    "threads": 5,
    "tile_count": 61,
    "tile_cycles_per_second": 1707501.768968778,
    "tile_cycles_per_second_per_thread": 341500.3537937556,
    "total_time": 1.1223781108856201
}
