{
    "cycle_count": 255672,
    "cycles_per_second": 36716.33465607392,
    "fabric_x": 5,
    "fabric_y": 4,
    "hwtile_count": 16,
    "idle_ce_cycles": 64005,
    "idle_wavelet_cycles": 64001,
    "init_time": 0.010339975357055664,
    "iotile_count": 4,
    "nodes": 1,
    "nultile_count": 18,
    "sim_stop_cause": "Stop due to user request",
    "sim_time": 6.963440179824829,
    "simulated_tile_count": 20,
    "sunset_count": 0,
    "threads": 16,
    "tile_count": 38,
    "tile_cycles_per_second": 734326.6931214784,
    "tile_cycles_per_second_per_thread": 45895.4183200924,
    "total_time": 6.973780155181885
}
