{
    "cycle_count": 634015,
    "cycles_per_second": 14889.150410123682,
    "fabric_x": 204,
    "fabric_y": 3,
    "hwtile_count": 206,
    "idle_ce_cycles": 50,
    "idle_wavelet_cycles": 72,
    "init_time": 0.626802921295166,
    "iotile_count": 4,
    "nodes": 1,
    "nultile_count": 816,
    "sim_stop_cause": "Stopped due to idleness",
    "sim_time": 42.58234906196594,
    "simulated_tile_count": 210,
    "sunset_count": 0,
    "threads": 5,
    "tile_count": 1026,
    "tile_cycles_per_second": 3126721.586125973,
    "tile_cycles_per_second_per_thread": 625344.3172251947,
    "total_time": 43.20915198326111
}
