{
    "cycle_count": 228232,
    "cycles_per_second": 34099.73248922275,
    "fabric_x": 5,
    "fabric_y": 4,
    "hwtile_count": 16,
    "idle_ce_cycles": 36702,
    "idle_wavelet_cycles": 36698,
    "init_time": 0.004792928695678711,
    "iotile_count": 4,
    "nodes": 1,
    "nultile_count": 18,
    "sim_stop_cause": "Stop due to user request",
    "sim_time": 6.693073034286499,
    "simulated_tile_count": 20,
    "sunset_count": 0,
    "threads": 16,
    "tile_count": 38,
    "tile_cycles_per_second": 681994.649784455,
    "tile_cycles_per_second_per_thread": 42624.665611528435,
    "total_time": 6.697865962982178
}
