{
    "cycle_count": 347130,
    "cycles_per_second": 29383.42557834876,
    "fabric_x": 5,
    "fabric_y": 4,
    "hwtile_count": 16,
    "idle_ce_cycles": 38511,
    "idle_wavelet_cycles": 38507,
    "init_time": 0.006118059158325195,
    "iotile_count": 4,
    "nodes": 1,
    "nultile_count": 18,
    "sim_stop_cause": "Stop due to user request",
    "sim_time": 11.81380295753479,
    "simulated_tile_count": 20,
    "sunset_count": 0,
    "threads": 16,
    "tile_count": 38,
    "tile_cycles_per_second": 587668.5115669752,
    "tile_cycles_per_second_per_thread": 36729.28197293595,
    "total_time": 11.819921016693115
}
