{
    "cycle_count": 47219,
    "cycles_per_second": 44015.797298390506,
    "fabric_x": 5,
    "fabric_y": 4,
    "hwtile_count": 16,
    "idle_ce_cycles": 44861,
    "idle_wavelet_cycles": 44857,
    "init_time": 0.004011869430541992,
    "iotile_count": 4,
    "nodes": 1,
    "nultile_count": 18,
    "sim_stop_cause": "Stop due to user request",
    "sim_time": 1.0727739334106445,
    "simulated_tile_count": 20,
    "sunset_count": 0,
    "threads": 16,
    "tile_count": 38,
    "tile_cycles_per_second": 880315.9459678101,
    "tile_cycles_per_second_per_thread": 55019.74662298813,
    "total_time": 1.0767858028411865
}
