{
    "cycle_count": 53355,
    "cycles_per_second": 53162.44270573009,
    "fabric_x": 5,
    "fabric_y": 2,
    "hwtile_count": 10,
    "idle_ce_cycles": 53229,
    "idle_wavelet_cycles": 53225,
    "init_time": 0.002577066421508789,
    "iotile_count": 2,
    "nodes": 1,
    "nultile_count": 12,
    "sim_stop_cause": "Stop due to user request",
    "sim_time": 1.003622055053711,
    "simulated_tile_count": 12,
    "sunset_count": 0,
    "threads": 16,
    "tile_count": 24,
    "tile_cycles_per_second": 637949.3124687611,
    "tile_cycles_per_second_per_thread": 39871.83202929757,
    "total_time": 1.0061991214752197
}
