{
  "schemaVersion": 1,
  "generatedAt": "2026-02-21T03:37:01.851890+00:00",
  "sourceReport": "bench/out/dawn-vs-fawn.amd.vulkan.release.i16w1.json",
  "bootstrapIterations": 1000,
  "bootstrapSeed": 1337,
  "workloads": [
    {
      "id": "buffer_upload_1kb",
      "domain": "upload",
      "comparable": true,
      "leftSampleCount": 15,
      "rightSampleCount": 15,
      "leftStatsMs": {
        "count": 15.0,
        "minMs": 0.004005242,
        "maxMs": 0.007472536,
        "p5Ms": 0.004005242,
        "p50Ms": 0.005904975999999999,
        "p95Ms": 0.006491011999999999,
        "p99Ms": 0.006491011999999999,
        "meanMs": 0.005624066133333333
      },
      "rightStatsMs": {
        "count": 15.0,
        "minMs": 0.007200176908999999,
        "maxMs": 0.007508237302999999,
        "p5Ms": 0.007200176908999999,
        "p50Ms": 0.007369719162999999,
        "p95Ms": 0.007482996903,
        "p99Ms": 0.007482996903,
        "meanMs": 0.007378282585933333
      },
      "deltaPercent": {
        "p5Percent": 44.37300568276912,
        "p50Percent": 19.87515576378823,
        "p95Percent": 13.256518957027835,
        "p99Percent": 13.256518957027835,
        "meanPercent": 23.77540345153501
      },
      "distribution": {
        "ksStatistic": 0.9333333333333333,
        "ksAsymptoticPValue": 8.771328871406984e-07,
        "wassersteinMs": 0.0017542164525999999,
        "probabilityLeftFaster": 0.9422222222222222
      },
      "bootstrapDeltaCI95": {
        "p50": {
          "lower": 17.330896718558286,
          "upper": 33.14102344303755
        },
        "p95": {
          "lower": -0.5458124358631812,
          "upper": 19.076272802247342
        },
        "p99": {
          "lower": -0.5458124358631812,
          "upper": 19.076272802247342
        }
      },
      "leftSamplesMs": [
        0.006073744,
        0.006286692,
        0.006491011999999999,
        0.004831660000000001,
        0.007472536,
        0.005894774,
        0.005981192,
        0.0042712060000000005,
        0.005904975999999999,
        0.004976924000000001,
        0.00605552,
        0.00496894,
        0.004005242,
        0.006303563999999999,
        0.00484301
      ],
      "rightSamplesMs": [
        0.0073646421799999995,
        0.007482996903,
        0.007344863975,
        0.007389331997,
        0.007347054412,
        0.007431971376,
        0.007292099223,
        0.007338880154,
        0.007200176908999999,
        0.0074207142769999995,
        0.007388795734,
        0.007362180408999999,
        0.0074325747739999995,
        0.007369719162999999,
        0.007508237302999999
      ]
    },
    {
      "id": "buffer_upload_64kb",
      "domain": "upload",
      "comparable": true,
      "leftSampleCount": 15,
      "rightSampleCount": 15,
      "leftStatsMs": {
        "count": 15.0,
        "minMs": 0.00363277,
        "maxMs": 0.006189536000000001,
        "p5Ms": 0.00363277,
        "p50Ms": 0.0047645840000000005,
        "p95Ms": 0.00583562,
        "p99Ms": 0.00583562,
        "meanMs": 0.004926692
      },
      "rightStatsMs": {
        "count": 15.0,
        "minMs": 0.008600730009,
        "maxMs": 0.008808030296999999,
        "p5Ms": 0.008600730009,
        "p50Ms": 0.008735829462,
        "p95Ms": 0.008790157124,
        "p99Ms": 0.008790157124,
        "meanMs": 0.008723576321466666
      },
      "deltaPercent": {
        "p5Percent": 57.76207372864178,
        "p50Percent": 45.45928328013415,
        "p95Percent": 33.61188067882369,
        "p99Percent": 33.61188067882369,
        "meanPercent": 43.52440079103141
      },
      "distribution": {
        "ksStatistic": 1.0,
        "ksAsymptoticPValue": 1.0054168109701315e-07,
        "wassersteinMs": 0.0037968843214666666,
        "probabilityLeftFaster": 1.0
      },
      "bootstrapDeltaCI95": {
        "p50": {
          "lower": 34.56777765013896,
          "upper": 51.560354899944905
        },
        "p95": {
          "lower": 29.51869634597199,
          "upper": 38.84787156290136
        },
        "p99": {
          "lower": 29.51869634597199,
          "upper": 38.84787156290136
        }
      },
      "leftSamplesMs": [
        0.0057915219999999995,
        0.006189536000000001,
        0.004666118,
        0.00363277,
        0.004544830000000001,
        0.00583562,
        0.004124458,
        0.00574131,
        0.004097646,
        0.00527605,
        0.005386298,
        0.0047645840000000005,
        0.005135282,
        0.004488126,
        0.00422623
      ],
      "rightSamplesMs": [
        0.008735829462,
        0.008668389028999999,
        0.008774438333,
        0.008748397549,
        0.008724733617,
        0.008652030675,
        0.008790157124,
        0.008746957813999999,
        0.008600730009,
        0.008785858709,
        0.008730971608,
        0.008611570235,
        0.008781812593,
        0.008808030296999999,
        0.008693737768
      ]
    },
    {
      "id": "buffer_upload_1mb",
      "domain": "upload",
      "comparable": true,
      "leftSampleCount": 15,
      "rightSampleCount": 15,
      "leftStatsMs": {
        "count": 15.0,
        "minMs": 0.0671758,
        "maxMs": 0.07634338,
        "p5Ms": 0.0671758,
        "p50Ms": 0.07181424,
        "p95Ms": 0.07528388,
        "p99Ms": 0.07528388,
        "meanMs": 0.07203146133333332
      },
      "rightStatsMs": {
        "count": 15.0,
        "minMs": 0.11207475817099999,
        "maxMs": 0.114444909425,
        "p5Ms": 0.11207475817099999,
        "p50Ms": 0.113827625393,
        "p95Ms": 0.11444183732599998,
        "p99Ms": 0.11444183732599998,
        "meanMs": 0.11355188942333333
      },
      "deltaPercent": {
        "p5Percent": 40.06161503600538,
        "p50Percent": 36.90965637554596,
        "p95Percent": 34.21647034069743,
        "p99Percent": 34.21647034069743,
        "meanPercent": 36.56515827333133
      },
      "distribution": {
        "ksStatistic": 1.0,
        "ksAsymptoticPValue": 1.0054168109701315e-07,
        "wassersteinMs": 0.041520428089999985,
        "probabilityLeftFaster": 1.0
      },
      "bootstrapDeltaCI95": {
        "p50": {
          "lower": 35.70917738303135,
          "upper": 37.596632432801854
        },
        "p95": {
          "lower": 33.16331648618388,
          "upper": 36.39048297290703
        },
        "p99": {
          "lower": 33.08476835377569,
          "upper": 36.39219047335098
        }
      },
      "leftSamplesMs": [
        0.0727959,
        0.07257758,
        0.0671758,
        0.0715869,
        0.07634338,
        0.07325058000000001,
        0.07167238000000001,
        0.0695612,
        0.07097004,
        0.07511628,
        0.0692161,
        0.07191568,
        0.07181424,
        0.07528388,
        0.07119198
      ],
      "rightSamplesMs": [
        0.11404454091399999,
        0.114369274854,
        0.11444183732599998,
        0.114444909425,
        0.11422377052,
        0.112764598436,
        0.113827625393,
        0.113401716477,
        0.113096425475,
        0.114083554743,
        0.11408968947999999,
        0.112300643977,
        0.11288592700599999,
        0.11207475817099999,
        0.113229069153
      ]
    },
    {
      "id": "buffer_upload_4mb",
      "domain": "upload",
      "comparable": true,
      "leftSampleCount": 15,
      "rightSampleCount": 15,
      "leftStatsMs": {
        "count": 15.0,
        "minMs": 0.34044468,
        "maxMs": 0.39338596000000003,
        "p5Ms": 0.34044468,
        "p50Ms": 0.36888005999999995,
        "p95Ms": 0.38844714,
        "p99Ms": 0.38844714,
        "meanMs": 0.366051472
      },
      "rightStatsMs": {
        "count": 15.0,
        "minMs": 0.547981977778,
        "maxMs": 0.5523887933330001,
        "p5Ms": 0.547981977778,
        "p50Ms": 0.549979081111,
        "p95Ms": 0.551357256667,
        "p99Ms": 0.551357256667,
        "meanMs": 0.5498895932327332
      },