{
  "schemaVersion": 1,
  "generatedAt": "2026-02-21T03:20:14.462189+00:00",
  "sourceReport": "bench/out/dawn-vs-fawn.amd.vulkan.json",
  "bootstrapIterations": 1000,
  "bootstrapSeed": 1337,
  "workloads": [
    {
      "id": "buffer_upload_1kb",
      "domain": "upload",
      "comparable": true,
      "leftSampleCount": 7,
      "rightSampleCount": 7,
      "leftStatsMs": {
        "count": 7.0,
        "minMs": 0.004781356,
        "maxMs": 0.006195465999999999,
        "p5Ms": 0.004781356,
        "p50Ms": 0.005764724000000001,
        "p95Ms": 0.00611169,
        "p99Ms": 0.00611169,
        "meanMs": 0.0056834948571428566
      },
      "rightStatsMs": {
        "count": 7.0,
        "minMs": 0.007257290702,
        "maxMs": 0.007484480843,
        "p5Ms": 0.007257290702,
        "p50Ms": 0.007328992892999999,
        "p95Ms": 0.007400555285,
        "p99Ms": 0.007400555285,
        "meanMs": 0.007346980830714286
      },
      "deltaPercent": {
        "p5Percent": 34.11651542796364,
        "p50Percent": 21.343572245704433,
        "p95Percent": 17.4157915908333,
        "p99Percent": 17.4157915908333,
        "meanPercent": 22.64176281251713
      },
      "distribution": {
        "ksStatistic": 1.0,
        "ksAsymptoticPValue": 0.0004488653224853145,
        "wassersteinMs": 0.0016634859735714283,
        "probabilityLeftFaster": 1.0
      },
      "bootstrapDeltaCI95": {
        "p50": {
          "lower": 16.440847997653762,
          "upper": 26.606538234861816
        },
        "p95": {
          "lower": 15.466339093910756,
          "upper": 24.866157187034933
        },
        "p99": {
          "lower": 15.466339093910756,
          "upper": 25.292104609584555
        }
      },
      "leftSamplesMs": [
        0.00611169,
        0.006195465999999999,
        0.00540967,
        0.006015004,
        0.004781356,
        0.005764724000000001,
        0.005506554
      ],
      "rightSamplesMs": [
        0.007257290702,
        0.007400555285,
        0.007314207784,
        0.007370779181,
        0.007484480843,
        0.007328992892999999,
        0.007272559127
      ]
    },
    {
      "id": "buffer_upload_64kb",
      "domain": "upload",
      "comparable": true,
      "leftSampleCount": 7,
      "rightSampleCount": 7,
      "leftStatsMs": {
        "count": 7.0,
        "minMs": 0.003712682,
        "maxMs": 0.006789818,
        "p5Ms": 0.003712682,
        "p50Ms": 0.004960132,
        "p95Ms": 0.005813278000000001,
        "p99Ms": 0.005813278000000001,
        "meanMs": 0.0051150685714285715
      },
      "rightStatsMs": {
        "count": 7.0,
        "minMs": 0.00868337773,
        "maxMs": 0.008898718549999999,
        "p5Ms": 0.00868337773,
        "p50Ms": 0.00877813016,
        "p95Ms": 0.008806044847999999,
        "p99Ms": 0.008806044847999999,
        "meanMs": 0.008783055123285715
      },
      "deltaPercent": {
        "p5Percent": 57.2438040191072,
        "p50Percent": 43.49443549376579,
        "p95Percent": 33.985369137425025,
        "p99Percent": 33.985369137425025,
        "meanPercent": 41.762080510374396
      },
      "distribution": {
        "ksStatistic": 1.0,
        "ksAsymptoticPValue": 0.0004488653224853145,
        "wassersteinMs": 0.0036679865518571423,
        "probabilityLeftFaster": 1.0
      },
      "bootstrapDeltaCI95": {
        "p50": {
          "lower": 33.731535322287485,
          "upper": 47.3676294632843
        },
        "p95": {
          "lower": 22.816304096013273,
          "upper": 44.26015417691797
        },
        "p99": {
          "lower": 22.650748209001257,
          "upper": 44.26015417691797
        }
      },
      "leftSamplesMs": [
        0.003712682,
        0.004630048,
        0.004960132,
        0.005813278000000001,
        0.005040822,
        0.0048587,
        0.006789818
      ],
      "rightSamplesMs": [
        0.008772314295,
        0.008806044847999999,
        0.008898718549999999,
        0.008745841388000001,
        0.008796958892,
        0.00877813016,
        0.00868337773
      ]
    },
    {
      "id": "buffer_upload_1mb",
      "domain": "upload",
      "comparable": true,
      "leftSampleCount": 7,
      "rightSampleCount": 7,
      "leftStatsMs": {
        "count": 7.0,
        "minMs": 0.06743734,
        "maxMs": 0.08179346000000001,
        "p5Ms": 0.06743734,
        "p50Ms": 0.0719344,
        "p95Ms": 0.0771638,
        "p99Ms": 0.0771638,
        "meanMs": 0.07256498
      },
      "rightStatsMs": {
        "count": 7.0,
        "minMs": 0.112387387168,
        "maxMs": 0.114575018851,
        "p5Ms": 0.112387387168,
        "p50Ms": 0.11393859659099999,
        "p95Ms": 0.11444394136399999,
        "p99Ms": 0.11444394136399999,
        "meanMs": 0.113665976091
      },
      "deltaPercent": {
        "p5Percent": 39.99563322956101,
        "p50Percent": 36.86564329186928,
        "p95Percent": 32.575023998366945,
        "p99Percent": 32.575023998366945,
        "meanPercent": 36.15945378245368
      },
      "distribution": {
        "ksStatistic": 1.0,
        "ksAsymptoticPValue": 0.0004488653224853145,
        "wassersteinMs": 0.04110099609099999,
        "probabilityLeftFaster": 1.0
      },
      "bootstrapDeltaCI95": {
        "p50": {
          "lower": 31.74263932375701,
          "upper": 40.2648421002779
        },
        "p95": {
          "lower": 28.212684334168042,
          "upper": 39.980514025918964
        },
        "p99": {
          "lower": 28.212684334168042,
          "upper": 37.21633151677884
        }
      },
      "leftSamplesMs": [
        0.06824346,
        0.0771638,
        0.07299704,
        0.06743734,
        0.06838536,
        0.08179346000000001,
        0.0719344
      ],
      "rightSamplesMs": [
        0.11444394136399999,
        0.11393859659099999,
        0.113048320702,
        0.11424337425299999,
        0.114575018851,
        0.112387387168,
        0.113025193708
      ]
    },
    {
      "id": "buffer_upload_4mb",
      "domain": "upload",
      "comparable": true,
      "leftSampleCount": 7,
      "rightSampleCount": 7,
      "leftStatsMs": {
        "count": 7.0,
        "minMs": 0.2956014,
        "maxMs": 0.37172928,
        "p5Ms": 0.2956014,
        "p50Ms": 0.35429042000000005,
        "p95Ms": 0.3682913,
        "p99Ms": 0.3682913,
        "meanMs": 0.3445320142857143
      },
      "rightStatsMs": {
        "count": 7.0,
        "minMs": 0.548497840556,
        "maxMs": 0.552665301111,
        "p5Ms": 0.548497840556,
        "p50Ms": 0.5508442672220001,
        "p95Ms": 0.551691135,
        "p99Ms": 0.551691135,
        "meanMs": 0.5504812680952857
      },
      "deltaPercent": {
        "p5Percent": 46.107098671463234,
        "p50Percent": 35.682289699274534,
        "p95Percent": 33.24320862977071,
        "p99Percent": 33.24320862977071,
        "meanPercent": 37.41258163464386
      },
      "distribution": {
        "ksStatistic": 1.0,
        "ksAsymptoticPValue": 0.0004488653224853145,
        "wassersteinMs": 0.20594925380957144,
        "probabilityLeftFaster": 1.0
      },
      "bootstrapDeltaCI95": {
        "p50": {
          "lower": 32.926875205371395,
          "upper": 43.94942735660914
        },
        "p95": {
          "lower": 32.609916655835704,
          "upper": 36.49220790396825
        },
        "p99": {
          "lower": 32.609916655835704,
          "upper": 35.89421675509846
        }
      },
      "leftSamplesMs": [
        0.3682913,
        0.37172928,
        0.35429042000000005,
        0.3091796,
        0.2956014,
        0.35031424,
        0.36231786
      ],
      "rightSamplesMs": [
        0.548497840556,
        0.552665301111,
        0.551608280556,
        0.551691135,
        0.5490892233329999,
        0.548972828889,
        0.5508442672220001
      ]
    },
    {
      "id": "buffer_upload_16mb",
      "domain": "upload",
      "comparable": true,
      "leftSampleCount": 7,