{
  "schemaVersion": 1,
  "metric": "executionSubmitWaitTotalNs",
  "left": {
    "label": "submitEvery100",
    "stats": {
      "count": 30,
      "minNs": 408924,
      "p5Ns": 415999,
      "p50Ns": 500337,
      "p95Ns": 1084952,
      "p99Ns": 1108558,
      "maxNs": 1133183,
      "meanNs": 615347.9333333333,
      "stdevNs": 225406.63886909414
    }
  },
  "right": {
    "label": "submitEvery50",
    "stats": {
      "count": 30,
      "minNs": 486130,
      "p5Ns": 514313,
      "p50Ns": 621716,
      "p95Ns": 1264669,
      "p99Ns": 1289434,
      "maxNs": 1540824,
      "meanNs": 750636.0,
      "stdevNs": 282462.1389143449
    }
  },
  "deltaPercent": {
    "p5": 19.11559692249661,
    "p50": 19.523222821995894,
    "p95": 14.210595815980309,
    "p99": 14.027550072357329,
    "mean": 18.02312527865259
  }
}
