{
  "schemaVersion": 3,
  "left": {
    "runtime": "fawn_upload64_submit100",
    "command": "env LD_LIBRARY_PATH=bench/vendor/dawn/out/Release: zig/zig-out/bin/fawn-zig-runtime --commands /tmp/upload_64kb_repeat500.commands.json --quirks examples/quirks/amd_radv_noop_list.json --vendor amd --api vulkan --family gfx11 --driver 24.0.0 --backend native --execute --upload-buffer-usage copy-dst --upload-submit-every 100 --queue-wait-mode process-events",
    "iterations": 20,
    "timingsMs": [
      33.9109031483531,
      33.813941990956664,
      33.09647785499692,
      35.43672105297446,
      35.13426403515041,
      33.81557483226061,
      33.38414686731994,
      34.16007990017533,
      34.26141897216439,
      34.27732991985977,
      33.16265111789107,
      31.645340146496892,
      31.904985895380378,
      32.15018520131707,
      31.714218901470304,
      33.199951983988285,
      34.32178287766874,
      32.68672991544008,
      33.79127010703087,
      33.879625145345926
    ],
    "p5Ms": 31.645340146496892,
    "p50Ms": 33.79127010703087,
    "p95Ms": 35.13426403515041,
    "p99Ms": 35.13426403515041,
    "meanMs": 33.48737999331206,
    "medianMs": 33.802606048993766,
    "minMs": 31.645340146496892,
    "maxMs": 35.43672105297446,
    "meta": {}
  },
  "right": {
    "runtime": "fawn_upload64_submit50",
    "command": "env LD_LIBRARY_PATH=bench/vendor/dawn/out/Release: zig/zig-out/bin/fawn-zig-runtime --commands /tmp/upload_64kb_repeat500.commands.json --quirks examples/quirks/amd_radv_noop_list.json --vendor amd --api vulkan --family gfx11 --driver 24.0.0 --backend native --execute --upload-buffer-usage copy-dst --upload-submit-every 50 --queue-wait-mode process-events",
    "iterations": 20,
    "timingsMs": [
      33.77261501736939,
      34.58912391215563,
      33.419724088162184,
      34.14143598638475,
      33.80368207581341,
      36.192046012729406,
      36.44650289788842,
      34.98691809363663,
      33.67305803112686,
      33.57407194562256,
      31.772999092936516,
      31.1213789973408,
      30.485698021948338,
      30.87436594069004,
      29.694186057895422,
      32.09805814549327,
      28.9188539609313,
      28.36487698368728,
      29.84439698047936,
      25.921129155904055
    ],
    "p5Ms": 25.921129155904055,
    "p50Ms": 32.09805814549327,
    "p95Ms": 36.192046012729406,
    "p99Ms": 36.192046012729406,
    "meanMs": 32.18475606990978,
    "medianMs": 32.758891116827726,
    "minMs": 25.921129155904055,
    "maxMs": 36.44650289788842,
    "meta": {}
  },
  "deltaPercentConvention": {
    "baseline": "right",
    "formula": "((rightMs - leftMs) / rightMs) * 100",
    "positive": "left faster",
    "negative": "left slower",
    "zero": "parity"
  },
  "delta": {
    "p5Percent": -22.083185327939443,
    "p50Percent": -5.27512273129624,
    "p95Percent": 2.9226918456252964,
    "p99Percent": 2.9226918456252964,
    "meanPercent": -4.047331974717467,
    "p50LeftMs": 33.79127010703087,
    "p50RightMs": 32.09805814549327
  }
}
