{
  "schemaVersion": 4,
  "generatedAtUtc": "2026-02-26T19:18:17.763369Z",
  "outputTimestamp": "",
  "left": {
    "runtime": "zig_vulkan",
    "command": "env LD_LIBRARY_PATH=bench/vendor/dawn/out/Release: zig/zig-out/bin/doe-zig-runtime --commands examples/draw_call_proxy_commands.json --quirks examples/quirks/amd_radv_noop_list.json --vendor amd --api vulkan --family gfx11 --driver 24.0.0 --backend native --backend-lane vulkan_app --execute",
    "iterations": 12,
    "timingsMs": [
      1.857738010585308,
      1.5795337967574596,
      2.1853221114724874,
      1.5291618183255196,
      1.4769379049539566,
      2.06414214335382,
      1.58085604198277,
      1.463813940063119,
      2.7010368648916483,
      1.686678035184741,
      1.4627519994974136,
      1.3664579018950462
    ],
    "p10Ms": 1.4627519994974136,
    "p50Ms": 1.5795337967574596,
    "p95Ms": 2.1853221114724874,
    "p99Ms": 2.1853221114724874,
    "meanMs": 1.7462025474136074,
    "medianMs": 1.5801949193701148,
    "minMs": 1.3664579018950462,
    "maxMs": 2.7010368648916483,
    "meta": {}
  },
  "right": {
    "runtime": "dawn_oracle",
    "command": "env LD_LIBRARY_PATH=bench/vendor/dawn/out/Release: zig/zig-out/bin/doe-zig-runtime --commands examples/draw_call_proxy_commands.json --quirks examples/quirks/amd_radv_noop_list.json --vendor amd --api vulkan --family gfx11 --driver 24.0.0 --backend native --backend-lane vulkan_oracle --execute",
    "iterations": 12,
    "timingsMs": [
      30.136537039652467,
      30.732786981388927,
      29.154236195608974,
      34.04255793429911,
      31.63497312925756,
      31.325300922617316,
      29.7737589571625,
      30.47105297446251,
      33.07454288005829,
      30.991075793281198,
      31.577348010614514,
      30.473907943814993
    ],
    "p10Ms": 29.7737589571625,
    "p50Ms": 30.732786981388927,
    "p95Ms": 33.07454288005829,
    "p99Ms": 33.07454288005829,
    "meanMs": 31.115673230184864,
    "medianMs": 30.861931387335062,
    "minMs": 29.154236195608974,
    "maxMs": 34.04255793429911,
    "meta": {}
  },
  "deltaPercentConvention": {
    "baseline": "right",
    "formula": "((rightMs - leftMs) / rightMs) * 100",
    "positive": "left faster",
    "negative": "left slower",
    "zero": "parity"
  },
  "delta": {
    "p10Percent": 95.08711009045928,
    "p50Percent": 94.86042773239541,
    "p95Percent": 93.3927367661668,
    "p99Percent": 93.3927367661668,
    "meanPercent": 94.38802903444929,
    "p50LeftMs": 1.5795337967574596,
    "p50RightMs": 30.732786981388927
  }
}
