{
  "schemaVersion": 4,
  "generatedAtUtc": "2026-02-26T19:20:12.909687Z",
  "outputTimestamp": "",
  "left": {
    "runtime": "zig_vulkan",
    "command": "env LD_LIBRARY_PATH=bench/vendor/dawn/out/Release: zig/zig-out/bin/doe-zig-runtime --commands examples/dispatch_commands.json --quirks examples/quirks/amd_radv_noop_list.json --vendor amd --api vulkan --family gfx11 --driver 24.0.0 --backend native --backend-lane vulkan_app --execute",
    "iterations": 6,
    "timingsMs": [
      8.455051109194756,
      3.4560670610517263,
      2.6564481668174267,
      2.757551847025752,
      2.0751969423145056,
      2.6414308231323957
    ],
    "p10Ms": 2.0751969423145056,
    "p50Ms": 2.6564481668174267,
    "p95Ms": 3.4560670610517263,
    "p99Ms": 3.4560670610517263,
    "meanMs": 3.6736243249227605,
    "medianMs": 2.7070000069215894,
    "minMs": 2.0751969423145056,
    "maxMs": 8.455051109194756,
    "meta": {}
  },
  "right": {
    "runtime": "dawn_oracle",
    "command": "env LD_LIBRARY_PATH=bench/vendor/dawn/out/Release: zig/zig-out/bin/doe-zig-runtime --commands examples/dispatch_commands.json --quirks examples/quirks/amd_radv_noop_list.json --vendor amd --api vulkan --family gfx11 --driver 24.0.0 --backend native --backend-lane vulkan_oracle --execute",
    "iterations": 6,
    "timingsMs": [
      29.05544708482921,
      29.549218947067857,
      29.20258603990078,
      29.97335302643478,
      31.932998914271593,
      29.271631967276335
    ],
    "p10Ms": 29.05544708482921,
    "p50Ms": 29.271631967276335,
    "p95Ms": 29.97335302643478,
    "p99Ms": 29.97335302643478,
    "meanMs": 29.83087266329676,
    "medianMs": 29.410425457172096,
    "minMs": 29.05544708482921,
    "maxMs": 31.932998914271593,
    "meta": {}
  },
  "deltaPercentConvention": {
    "baseline": "right",
    "formula": "((rightMs - leftMs) / rightMs) * 100",
    "positive": "left faster",
    "negative": "left slower",
    "zero": "parity"
  },
  "delta": {
    "p10Percent": 92.85780412789437,
    "p50Percent": 90.92483750210049,
    "p95Percent": 88.46953472971919,
    "p99Percent": 88.46953472971919,
    "meanPercent": 87.68515971226445,
    "p50LeftMs": 2.6564481668174267,
    "p50RightMs": 29.271631967276335
  }
}
