{
  "schemaVersion": 4,
  "generatedAtUtc": "2026-02-26T19:18:16.757001Z",
  "outputTimestamp": "",
  "left": {
    "runtime": "doe_vulkan",
    "command": "env LD_LIBRARY_PATH=bench/vendor/dawn/out/Release: zig/zig-out/bin/doe-zig-runtime --commands examples/upload_1mb_commands.json --quirks examples/quirks/amd_radv_noop_list.json --vendor amd --api vulkan --family gfx11 --driver 24.0.0 --backend native --backend-lane vulkan_doe_app --execute",
    "iterations": 12,
    "timingsMs": [
      8.56601889245212,
      2.3251548409461975,
      2.0933349151164293,
      2.5844061747193336,
      2.14920612052083,
      1.8303280230611563,
      1.8276139162480831,
      1.815310912206769,
      2.4577751755714417,
      2.743734046816826,
      2.257753163576126,
      1.9221850670874119
    ],
    "p10Ms": 1.8276139162480831,
    "p50Ms": 2.14920612052083,
    "p95Ms": 2.743734046816826,
    "p99Ms": 2.743734046816826,
    "meanMs": 2.7144017706935606,
    "medianMs": 2.203479642048478,
    "minMs": 1.815310912206769,
    "maxMs": 8.56601889245212,
    "meta": {}
  },
  "right": {
    "runtime": "dawn_delegate",
    "command": "env LD_LIBRARY_PATH=bench/vendor/dawn/out/Release: zig/zig-out/bin/doe-zig-runtime --commands examples/upload_1mb_commands.json --quirks examples/quirks/amd_radv_noop_list.json --vendor amd --api vulkan --family gfx11 --driver 24.0.0 --backend native --backend-lane vulkan_dawn_release --execute",
    "iterations": 12,
    "timingsMs": [
      32.20848902128637,
      33.88727200217545,
      32.753237057477236,
      31.215798808261752,
      31.67765703983605,
      32.33167203143239,
      33.99326419457793,
      32.91081194765866,
      30.163823161274195,
      31.931686913594604,
      33.25028787367046,
      33.552544889971614
    ],
    "p10Ms": 31.215798808261752,
    "p50Ms": 32.33167203143239,
    "p95Ms": 33.88727200217545,
    "p99Ms": 33.88727200217545,
    "meanMs": 32.48971207843473,
    "medianMs": 32.54245454445481,
    "minMs": 30.163823161274195,
    "maxMs": 33.99326419457793,
    "meta": {}
  },
  "deltaPercentConvention": {
    "baseline": "right",
    "formula": "((rightMs - leftMs) / rightMs) * 100",
    "positive": "left faster",
    "negative": "left slower",
    "zero": "parity"
  },
  "delta": {
    "p10Percent": 94.14522778201538,
    "p50Percent": 93.35262921623291,
    "p95Percent": 91.90334929692574,
    "p99Percent": 91.90334929692574,
    "meanPercent": 91.64534987524478,
    "p50LeftMs": 2.14920612052083,
    "p50RightMs": 32.33167203143239
  }
}
