{
  "schemaVersion": 4,
  "generatedAtUtc": "2026-02-26T19:18:16.263041Z",
  "outputTimestamp": "",
  "left": {
    "runtime": "zig_vulkan",
    "command": "env LD_LIBRARY_PATH=bench/vendor/dawn/out/Release: zig/zig-out/bin/doe-zig-runtime --commands examples/upload_64kb_commands.json --quirks examples/quirks/amd_radv_noop_list.json --vendor amd --api vulkan --family gfx11 --driver 24.0.0 --backend native --backend-lane vulkan_app --execute",
    "iterations": 12,
    "timingsMs": [
      8.25728802010417,
      2.9911519959568977,
      2.645445056259632,
      2.6958270464092493,
      2.3572430945932865,
      1.958169974386692,
      2.3906829301267862,
      2.007368952035904,
      1.8112128600478172,
      1.8108929507434368,
      1.9389241933822632,
      2.413074020296335
    ],
    "p10Ms": 1.8112128600478172,
    "p50Ms": 2.3572430945932865,
    "p95Ms": 2.9911519959568977,
    "p99Ms": 2.9911519959568977,
    "meanMs": 2.7731067578618727,
    "medianMs": 2.3739630123600364,
    "minMs": 1.8108929507434368,
    "maxMs": 8.25728802010417,
    "meta": {}
  },
  "right": {
    "runtime": "dawn_oracle",
    "command": "env LD_LIBRARY_PATH=bench/vendor/dawn/out/Release: zig/zig-out/bin/doe-zig-runtime --commands examples/upload_64kb_commands.json --quirks examples/quirks/amd_radv_noop_list.json --vendor amd --api vulkan --family gfx11 --driver 24.0.0 --backend native --backend-lane vulkan_oracle --execute",
    "iterations": 12,
    "timingsMs": [
      29.819434974342585,
      35.67699296399951,
      31.32085595279932,
      32.81261189840734,
      30.5199280846864,
      31.7201130092144,
      29.547946061939,
      28.60523690469563,
      30.749794794246554,
      32.714907079935074,
      32.38579002209008,
      32.31789800338447
    ],
    "p10Ms": 29.547946061939,
    "p50Ms": 31.32085595279932,
    "p95Ms": 32.81261189840734,
    "p99Ms": 32.81261189840734,
    "meanMs": 31.515959145811696,
    "medianMs": 31.52048448100686,
    "minMs": 28.60523690469563,
    "maxMs": 35.67699296399951,
    "meta": {}
  },
  "deltaPercentConvention": {
    "baseline": "right",
    "formula": "((rightMs - leftMs) / rightMs) * 100",
    "positive": "left faster",
    "negative": "left slower",
    "zero": "parity"
  },
  "delta": {
    "p10Percent": 93.87025799948627,
    "p50Percent": 92.47388673494217,
    "p95Percent": 90.88413929004511,
    "p99Percent": 90.88413929004511,
    "meanPercent": 91.20094443252759,
    "p50LeftMs": 2.3572430945932865,
    "p50RightMs": 31.32085595279932
  }
}
