{
  "schemaVersion": 1,
  "generatedAt": "2026-02-23T16:09:23.645903+00:00",
  "sourceReport": "bench/out/dawn-vs-fawn.amd.vulkan.release.1kb.20260223T160737Z.json",
  "bootstrapIterations": 1000,
  "bootstrapSeed": 1337,
  "workloads": [
    {
      "id": "buffer_upload_1kb",
      "domain": "upload",
      "comparable": true,
      "leftSampleCount": 15,
      "rightSampleCount": 15,
      "leftStatsMs": {
        "count": 15.0,
        "minMs": 0.001885566,
        "maxMs": 0.0034095360000000003,
        "p5Ms": 0.001885566,
        "p50Ms": 0.0021664699999999998,
        "p95Ms": 0.0031278820000000002,
        "p99Ms": 0.0031278820000000002,
        "meanMs": 0.002394326
      },
      "rightStatsMs": {
        "count": 15.0,
        "minMs": 0.007146369253,
        "maxMs": 0.007447339554999999,
        "p5Ms": 0.007146369253,
        "p50Ms": 0.007401090159,
        "p95Ms": 0.007444271311,
        "p99Ms": 0.007444271311,
        "meanMs": 0.007378225355866666
      },
      "deltaPercent": {
        "p5Percent": 73.61504935938692,
        "p50Percent": 70.7276907393772,
        "p95Percent": 57.9826974417483,
        "p99Percent": 57.9826974417483,
        "meanPercent": 67.54875482223927
      },
      "distribution": {
        "ksStatistic": 1.0,
        "ksAsymptoticPValue": 1.0054168109701315e-07,
        "wassersteinMs": 0.004983899355866667,
        "probabilityLeftFaster": 1.0
      },
      "bootstrapDeltaCI95": {
        "p50": {
          "lower": 61.88435757536408,
          "upper": 72.09023850647989
        },
        "p95": {
          "lower": 54.18706623270408,
          "upper": 69.84609623236871
        },
        "p99": {
          "lower": 54.18706623270408,
          "upper": 66.15577977362682
        }
      },
      "leftSamplesMs": [
        0.0031278820000000002,
        0.0030744419999999997,
        0.0034095360000000003,
        0.002835686,
        0.001885566,
        0.001963064,
        0.0020764,
        0.0020288840000000003,
        0.002244144,
        0.00215491,
        0.002047502,
        0.002218986,
        0.0021609240000000003,
        0.002520494,
        0.0021664699999999998
      ],
      "rightSamplesMs": [
        0.007362458813999999,
        0.007397605015,
        0.007244116342,
        0.007401090159,
        0.007444271311,
        0.00740239068,
        0.007394089509,
        0.00743969095,
        0.007146369253,
        0.007427160458,
        0.0074429597359999995,
        0.0074423000659999995,
        0.007447339554999999,
        0.007385056719,
        0.007296481771
      ]
    }
  ]
}
