{
  "artifactKind": "run-receipt",
  "execution": {
    "aggregates": {
      "measuredMs": {
        "count": 2,
        "maxMs": 2006.483175093308,
        "meanMs": 1987.9906536079943,
        "minMs": 1969.4981321226805,
        "p10Ms": 1969.4981321226805,
        "p50Ms": 1969.4981321226805,
        "p95Ms": 1969.4981321226805,
        "p99Ms": 1969.4981321226805,
        "stdevMs": 18.492521485313773
      },
      "measuredRawMs": {
        "count": 2,
        "maxMs": 2006.483175093308,
        "meanMs": 1987.9906536079943,
        "minMs": 1969.4981321226805,
        "p10Ms": 1969.4981321226805,
        "p50Ms": 1969.4981321226805,
        "p95Ms": 1969.4981321226805,
        "p99Ms": 1969.4981321226805,
        "stdevMs": 18.492521485313773
      },
      "wallMs": {
        "count": 2,
        "maxMs": 2006.483175093308,
        "meanMs": 1987.9906536079943,
        "minMs": 1969.4981321226805,
        "p10Ms": 1969.4981321226805,
        "p50Ms": 1969.4981321226805,
        "p95Ms": 1969.4981321226805,
        "p99Ms": 1969.4981321226805,
        "stdevMs": 18.492521485313773
      }
    },
    "returnCodes": [
      0
    ],
    "success": true,
    "timedSampleCount": 2,
    "timingClasses": [
      "process-wall"
    ],
    "timingSources": [
      "wall-time"
    ]
  },
  "executorId": "browser_ort_webgpu_doe",
  "generatedAt": "2026-04-20T20:35:33.934808+00:00",
  "hostIdentity": {
    "adapter": {
      "architecture": "rdna-3",
      "description": "",
      "device": "",
      "vendor": "amd"
    },
    "api": "webgpu",
    "arch": "x86_64",
    "driver": "24.0.0",
    "hostname": "128",
    "kernel": "7.0.0-10-generic",
    "os": "linux"
  },
  "invocation": {
    "command": [
      "python3",
      "bench/executors/run-browser-ort-bench.py",
      "--mode",
      "doe",
      "--scenario",
      "bench/vendor-browser/ort_browser_sentiment_medium_commands.json",
      "--trace-jsonl",
      "bench/out/browser-ort-webgpu-compare/20260420T203522Z/browser.workspace/isolated-runs/browser_ort_webgpu_doe/browser_ort_webgpu_compare_sentiment_medium/browser_ort_webgpu_doe.run001.ndjson",
      "--trace-meta",
      "bench/out/browser-ort-webgpu-compare/20260420T203522Z/browser.workspace/isolated-runs/browser_ort_webgpu_doe/browser_ort_webgpu_compare_sentiment_medium/browser_ort_webgpu_doe.run001.meta.json",
      "--workload",
      "browser_ort_webgpu_compare_sentiment_medium"
    ],
    "iterations": 3,
    "resourceProbe": "none",
    "resourceSampleMs": 100,
    "resourceSampleTargetCount": 0,
    "warmup": 1
  },
  "normalization": {
    "allowNoExecution": false,
    "commandRepeat": 1,
    "ignoreFirstOps": 0,
    "timingDivisor": 1.0,
    "timingNormalizationNote": "",
    "uploadBufferUsage": "copy-dst-copy-src",
    "uploadSubmitEvery": 1
  },
  "product": "browser_ort_webgpu_doe",
  "runtimeIdentity": {
    "binaryPath": "/usr/bin/python3",
    "binarySha256": "fa9796cd3a30878e11a2f40372f773d3fcd913fff35e5bee8dd9a036e22e93ab",
    "executionBackend": "browser_ort_webgpu_doe",
    "packageLockHash": "",
    "packageName": "doe",
    "packageVersion": "",
    "providerId": "doe",
    "providerName": "doe",
    "runtimeHost": "browser"
  },
  "samples": [
    {
      "command": [
        "python3",
        "bench/executors/run-browser-ort-bench.py",
        "--mode",
        "doe",
        "--scenario",
        "bench/vendor-browser/ort_browser_sentiment_medium_commands.json",
        "--trace-jsonl",
        "bench/out/browser-ort-webgpu-compare/20260420T203522Z/browser.workspace/isolated-runs/browser_ort_webgpu_doe/browser_ort_webgpu_compare_sentiment_medium/browser_ort_webgpu_doe.run001.ndjson",
        "--trace-meta",
        "bench/out/browser-ort-webgpu-compare/20260420T203522Z/browser.workspace/isolated-runs/browser_ort_webgpu_doe/browser_ort_webgpu_compare_sentiment_medium/browser_ort_webgpu_doe.run001.meta.json",
        "--workload",
        "browser_ort_webgpu_compare_sentiment_medium"
      ],
      "commandRepeat": 1,
      "measuredMs": 1969.4981321226805,
      "measuredRawMs": 1969.4981321226805,
      "resource": {
        "gpuMemoryProbe": "none",
        "gpuMemoryProbeAvailable": false,
        "processCpuMs": 850.2300000000002,
        "processPeakRssKb": 219824,
        "processWallMs": 1969.4981321226805,
        "resourceSampleCount": 21,
        "resourceSampleMs": 100,
        "resourceSampleTargetCount": 0,
        "resourceSamplingTruncated": false
      },
      "returnCode": 0,
      "runIndex": 1,
      "strictNormalizationUnit": "",
      "subphasesMs": {
        "encodeMs": null,
        "executionMs": null,
        "gpuTimestampMs": null,
        "setupMs": null,
        "submitWaitMs": null
      },
      "success": true,
      "timing": {
        "source": "wall-time",
        "timingConfiguredDivisor": 1.0,
        "timingNormalizationDivisor": 1.0,
        "timingNormalizedMs": 1969.4981321226805,
        "timingRawMs": 1969.4981321226805,
        "timingSelectionPolicy": "forced-process-wall",
        "uploadBufferUsage": "copy-dst-copy-src",
        "uploadSubmitEvery": 1,
        "wallTimeMs": 1969.4981321226805,
        "workloadUnitNormalizationDivisor": 1.0,
        "workloadUnitNormalizationSource": "selected-process-wall"
      },
      "timingClass": "process-wall",
      "timingNormalizationDivisor": 1.0,
      "timingSource": "wall-time",
      "traceArtifacts": {
        "jsonlPath": "bench/out/browser-ort-webgpu-compare/20260420T203522Z/browser.workspace/isolated-runs/browser_ort_webgpu_doe/browser_ort_webgpu_compare_sentiment_medium/browser_ort_webgpu_doe.run001.ndjson",
        "metaPath": "bench/out/browser-ort-webgpu-compare/20260420T203522Z/browser.workspace/isolated-runs/browser_ort_webgpu_doe/browser_ort_webgpu_compare_sentiment_medium/browser_ort_webgpu_doe.run001.meta.json"
      },
      "traceMeta": {
        "adapterInfo": {
          "architecture": "rdna-3",
          "description": "",
          "device": "",
          "features": [
            "depth32float-stencil8",
            "chromium-experimental-subgroup-matrix",
            "rg11b10ufloat-renderable",
            "texture-formats-tier1",
            "bgra8unorm-storage",
            "chromium-experimental-multi-draw-indirect",
            "texture-compression-bc",
            "dual-source-blending",
            "core-features-and-limits",
            "chromium-experimental-timestamp-query-inside-passes",
            "float32-filterable",
            "indirect-first-instance",
            "float32-blendable",
            "depth-clip-control",
            "texture-compression-bc-sliced-3d",
            "clip-distances",
            "shader-f16",
            "timestamp-query",
            "texture-formats-tier2",
            "primitive-index",
            "texture-component-swizzle",
            "subgroups"
          ],
          "isFallbackAdapter": null,
          "vendor": "amd"
        },
        "benchmarkLane": "browser-ort-webgpu-compare",
        "browserLaunchArgs": [
          "--no-sandbox",
          "--disable-setuid-sandbox",
          "--disable-dev-shm-usage",
          "--ignore-gpu-blocklist",
          "--enable-unsafe-webgpu",
          "--unsafely-treat-insecure-origin-as-secure=http://127.0.0.1:40143",
          "--use-angle=vulkan",
          "--use-webgpu-runtime=doe",
          "--doe-webgpu-library-path=/home/x/deco/doe/runtime/zig/zig-out/lib/libwebgpu_doe.so"
        ],
        "browserTask": "sentiment_medium",
        "browserTaskConfig": {
          "dtype": "uint8",
          "expectedLabels": [
            "POSITIVE",
            "NEGATIVE"
          ],
          "inputPayload": [
            "I love deterministic benchmark surfaces because they make cross-runtime comparisons easier.",
            "Benchmark drift across lanes is frustrating when you cannot reproduce prior numbers."
          ],
          "modelId": "Xenova/distilbert-base-uncased-finetuned-sst-2-english",