{
  "type": "comparison_report",
  "timestamp": "2026-03-06T21:55:19.088Z",
  "iterations": 50,
  "warmup": 5,
  "platform": "linux",
  "arch": "x64",
  "nodeVersion": "v20.18.1",
  "claimable": 2,
  "total": 4,
  "comparisons": [
    {
      "workload": "compute_e2e_65536",
      "domain": "compute",
      "comparable": true,
      "status": "compared",
      "doeMedianMs": 0.032461000000012064,
      "dawnMedianMs": 0.07113499999999817,
      "speedup": 2.19,
      "pctFaster": 54.4,
      "claimable": true,
      "doeP95Ms": 0.03681900000000837,
      "dawnP95Ms": 0.16865799999999354,
      "doeP99Ms": 0.08139400000001729,
      "dawnP99Ms": 0.1929930000000013
    },
    {
      "workload": "compute_e2e_4096",
      "domain": "compute",
      "comparable": true,
      "status": "compared",
      "doeMedianMs": 0.03427499999997963,
      "dawnMedianMs": 0.072496000000001,
      "speedup": 2.12,
      "pctFaster": 52.7,
      "claimable": true,
      "doeP95Ms": 0.07969999999997412,
      "dawnP95Ms": 0.15467100000000755,
      "doeP99Ms": 0.1750300000000209,
      "dawnP99Ms": 1.705223999999987
    },
    {
      "workload": "compute_dispatch_simple",
      "domain": "compute",
      "comparable": false,
      "status": "compared",
      "doeMedianMs": 0.01573999999999387,
      "dawnMedianMs": 0.02336400000001504,
      "speedup": 1.48,
      "pctFaster": 32.6,
      "claimable": false,
      "doeP95Ms": 0.056847000000004755,
      "dawnP95Ms": 0.0851600000000019,
      "doeP99Ms": 1.0043740000000128,
      "dawnP99Ms": 0.14112599999998565
    },
    {
      "workload": "compute_e2e_256",
      "domain": "compute",
      "comparable": true,
      "status": "compared",
      "doeMedianMs": 0.050014000000004444,
      "dawnMedianMs": 0.0712039999999945,
      "speedup": 1.42,
      "pctFaster": 29.8,
      "claimable": false,
      "doeP95Ms": 0.20509699999999498,
      "dawnP95Ms": 0.15020300000000475,
      "doeP99Ms": 2.0757630000000233,
      "dawnP99Ms": 0.17820599999998876
    }
  ]
}