{
  "schemaVersion": 1,
  "generatedAt": "2026-02-23T15:19:16.797664+00:00",
  "sourceReport": "bench/out/dawn-vs-fawn.amd.vulkan.release.json",
  "bootstrapIterations": 1000,
  "bootstrapSeed": 1337,
  "workloads": [
    {
      "id": "buffer_upload_1kb",
      "domain": "upload",
      "comparable": true,
      "leftSampleCount": 15,
      "rightSampleCount": 15,
      "leftStatsMs": {
        "count": 15.0,
        "minMs": 0.009430928,
        "maxMs": 0.016438012000000002,
        "p5Ms": 0.009430928,
        "p50Ms": 0.012768624000000001,
        "p95Ms": 0.016350484000000002,
        "p99Ms": 0.016350484000000002,
        "meanMs": 0.012934153466666666
      },
      "rightStatsMs": {
        "count": 15.0,
        "minMs": 0.007098179444,
        "maxMs": 0.007472467211,
        "p5Ms": 0.007098179444,
        "p50Ms": 0.0072495025949999995,
        "p95Ms": 0.007389049839,
        "p99Ms": 0.007389049839,
        "meanMs": 0.0072606647252
      },
      "deltaPercent": {
        "p5Percent": -32.86404034166595,
        "p50Percent": -76.13103564934998,
        "p95Percent": -121.27992578559738,
        "p99Percent": -121.27992578559738,
        "meanPercent": -78.14007334308342
      },
      "distribution": {
        "ksStatistic": 1.0,
        "ksAsymptoticPValue": 1.0054168109701315e-07,
        "wassersteinMs": 0.005673488741466667,
        "probabilityLeftFaster": 0.0
      },
      "bootstrapDeltaCI95": {
        "p50": {
          "lower": -105.71802656057254,
          "upper": -57.37769574182742
        },
        "p95": {
          "lower": -123.64976778223331,
          "upper": -97.83519395358643
        },
        "p99": {
          "lower": -124.77371685243975,
          "upper": -97.83519395358643
        }
      },
      "leftSamplesMs": [
        0.014129016,
        0.015018846,
        0.016438012000000002,
        0.016350484000000002,
        0.009980606,
        0.013402796,
        0.012090192,
        0.010542856,
        0.009845940000000001,
        0.012768624000000001,
        0.01478317,
        0.01526319,
        0.012458394,
        0.011509248,
        0.009430928
      ],
      "rightSamplesMs": [
        0.007250416269,
        0.007213083343,
        0.0072917182409999995,
        0.007186132517,
        0.007222417603,
        0.007472467211,
        0.007349890037,
        0.007098179444,
        0.007237882085,
        0.007129935721,
        0.007122172368999999,
        0.0072495025949999995,
        0.007313137955,
        0.007389049839,
        0.007383985649
      ]
    },
    {
      "id": "buffer_upload_64kb",
      "domain": "upload",
      "comparable": true,
      "leftSampleCount": 15,
      "rightSampleCount": 15,
      "leftStatsMs": {
        "count": 15.0,
        "minMs": 0.0054469079999999994,
        "maxMs": 0.007888018,
        "p5Ms": 0.0054469079999999994,
        "p50Ms": 0.006881748,
        "p95Ms": 0.007718158,
        "p99Ms": 0.007718158,
        "meanMs": 0.006738852133333333
      },
      "rightStatsMs": {
        "count": 15.0,
        "minMs": 0.008752846964,
        "maxMs": 0.008990596441999999,
        "p5Ms": 0.008752846964,
        "p50Ms": 0.00884759612,
        "p95Ms": 0.008970774568,
        "p99Ms": 0.008970774568,
        "meanMs": 0.008865601971933333
      },
      "deltaPercent": {
        "p5Percent": 37.76987050724357,
        "p50Percent": 22.219008342347347,
        "p95Percent": 13.963304489539372,
        "p99Percent": 13.963304489539372,
        "meanPercent": 23.98878096865674
      },
      "distribution": {
        "ksStatistic": 1.0,
        "ksAsymptoticPValue": 1.0054168109701315e-07,
        "wassersteinMs": 0.0021267498385999996,
        "probabilityLeftFaster": 1.0
      },
      "bootstrapDeltaCI95": {
        "p50": {
          "lower": 15.774198675764575,
          "upper": 31.224119110749264
        },
        "p95": {
          "lower": 11.50261653888054,
          "upper": 17.473025325493534
        },
        "p99": {
          "lower": 11.50261653888054,
          "upper": 17.42904758277279
        }
      },
      "leftSamplesMs": [
        0.005961934,
        0.006253366,
        0.007080898,
        0.0054469079999999994,
        0.007407254,
        0.007698722,
        0.00545562,
        0.005951634,
        0.006881748,
        0.006097208,
        0.007367138,
        0.0063668959999999995,
        0.007888018,
        0.00750728,
        0.007718158
      ],
      "rightSamplesMs": [
        0.008904544714,
        0.008837216838,
        0.008990596441999999,
        0.008817009297,
        0.008823644250999999,
        0.008824285191,
        0.00884759612,
        0.008856431248,
        0.008752846964,
        0.008970774568,
        0.008865328835,
        0.008810974545,
        0.008926945436999999,
        0.008913278214,
        0.008842556914999999
      ]
    },
    {
      "id": "buffer_upload_1mb",
      "domain": "upload",
      "comparable": true,
      "leftSampleCount": 15,
      "rightSampleCount": 15,
      "leftStatsMs": {
        "count": 15.0,
        "minMs": 0.07136664,
        "maxMs": 0.08669746,
        "p5Ms": 0.07136664,
        "p50Ms": 0.07471526,
        "p95Ms": 0.0808281,
        "p99Ms": 0.0808281,
        "meanMs": 0.076161076
      },
      "rightStatsMs": {
        "count": 15.0,
        "minMs": 0.120376624337,
        "maxMs": 0.12380665828199999,
        "p5Ms": 0.120376624337,
        "p50Ms": 0.122575988889,
        "p95Ms": 0.1237799555,
        "p99Ms": 0.1237799555,
        "meanMs": 0.12247032417699999
      },
      "deltaPercent": {
        "p5Percent": 40.71387165650555,
        "p50Percent": 39.045761998576076,
        "p95Percent": 34.700170416525964,
        "p99Percent": 34.700170416525964,
        "meanPercent": 37.81262806985931
      },
      "distribution": {
        "ksStatistic": 1.0,
        "ksAsymptoticPValue": 1.0054168109701315e-07,
        "wassersteinMs": 0.046309248177,
        "probabilityLeftFaster": 1.0
      },
      "bootstrapDeltaCI95": {
        "p50": {
          "lower": 34.72593449988335,
          "upper": 40.83223695164211
        },
        "p95": {
          "lower": 29.5641071835376,
          "upper": 35.55672267146679
        },
        "p99": {
          "lower": 29.5641071835376,
          "upper": 35.55672267146679
        }
      },
      "leftSamplesMs": [
        0.07278826,
        0.07542995999999999,
        0.07446248,
        0.07246477999999999,
        0.0808281,
        0.07590362,
        0.07136664,
        0.07224184,
        0.08009116000000001,
        0.073045,
        0.07976786,
        0.0722652,
        0.08034852,
        0.08669746,
        0.07471526
      ],
      "rightSamplesMs": [
        0.12067275402399999,
        0.123175293129,
        0.122196537301,
        0.12380665828199999,
        0.121863665399,
        0.12226570121199999,
        0.122575988889,
        0.1237799555,
        0.123020131656,
        0.123087046296,
        0.122525991852,
        0.122699818659,
        0.12304296740699999,
        0.121965728712,
        0.120376624337
      ]
    },
    {
      "id": "buffer_upload_4mb",
      "domain": "upload",
      "comparable": true,
      "leftSampleCount": 15,
      "rightSampleCount": 15,
      "leftStatsMs": {
        "count": 15.0,
        "minMs": 0.29861038,
        "maxMs": 0.38328048000000003,
        "p5Ms": 0.29861038,
        "p50Ms": 0.34187544000000003,
        "p95Ms": 0.36752708,
        "p99Ms": 0.36752708,
        "meanMs": 0.34078944
      },
      "rightStatsMs": {
        "count": 15.0,
        "minMs": 0.565286715882,
        "maxMs": 0.5759121235289999,
        "p5Ms": 0.565286715882,
        "p50Ms": 0.567734186857,
        "p95Ms": 0.5713959674289999,
        "p99Ms": 0.5713959674289999,
        "meanMs": 0.5685761413342
      },
      "deltaPercent": {
        "p5Percent": 47.17541176709112,
        "p50Percent": 39.782481324114606,