level	targets	status	latestReview	prerequisites	nextAction
file	bench/compiler/bench.zig	verified	compiler_stage_file_004		Continue with bench/entrypoints/metal_compute_bench.zig in TSV order; directory and relationship reviews remain separate.
file	bench/compiler/bench_compilation.zig	verified	compilation_file_002		Continue with bench/entrypoints/metal_compute_bench.zig in TSV order; directory and relationship reviews remain separate.
file	bench/entrypoints/bench_compilation.zig	retired	compilation_entrypoint_file_001		Retired source path; continue the compiler implementation review. This removal does not complete its directory review.
file	bench/entrypoints/host_hotpath_bench.zig	retired	host_entry_file_001		Complete the replacement entrypoint review at bench/host_hotpath/host_hotpath_bench.zig, including dependent allocation and input fixes; keep case/support file coverage separate.
file	bench/entrypoints/metal_compute_bench.zig	pending			Read and review the complete scope.
file	bench/entrypoints/metal_staged_write_bench.zig	pending			Read and review the complete scope.
file	bench/entrypoints/runtime_compile_report.zig	pending			Read and review the complete scope.
file	bench/host_hotpath/host_hotpath_bench.zig	verified	host_main_file_002		Continue with bench/entrypoints/metal_compute_bench.zig in TSV order. Host directory and relationship reviews require their separate passes.
file	bench/host_hotpath/host_hotpath_bench_cases.zig	verified	host_cases_file_001		Continue with bench/entrypoints/metal_compute_bench.zig in TSV order. Host directory and relationship reviews require their separate passes.
file	bench/host_hotpath/host_hotpath_bench_lexer.zig	verified	host_lexer_file_001		Continue with bench/entrypoints/metal_compute_bench.zig in TSV order. Host directory and relationship reviews require their separate passes.
file	bench/host_hotpath/host_hotpath_bench_support.zig	verified	host_support_file_001		Continue with bench/entrypoints/metal_compute_bench.zig in TSV order. Host directory and relationship reviews require their separate passes.
file	build.zig	verified	build_file_005		Continue with bench/entrypoints/metal_compute_bench.zig in TSV order; directory and relationship reviews remain separate.
file	src/app/mod.zig	pending			Read and review the complete scope.
file	src/app/prepare.zig	pending			Read and review the complete scope.
file	src/app/request.zig	pending			Read and review the complete scope.
file	src/app/runner.zig	pending			Read and review the complete scope.
file	src/backend/backend_policy.zig	pending			Read and review the complete scope.
file	src/backend/backend_telemetry.zig	pending			Read and review the complete scope.
file	src/backend/common/artifact_policy.zig	pending			Read and review the complete scope.
file	src/backend/common/artifact_state.zig	pending			Read and review the complete scope.
file	src/backend/common/path_utils.zig	pending			Read and review the complete scope.
file	src/backend/common/shader_artifact_manifest.zig	pending			Read and review the complete scope.
file	src/backend/common/submit_count_policy.zig	pending			Read and review the complete scope.
file	src/backend/common/timing.zig	pending			Read and review the complete scope.
file	src/backend/d3d12/artifact_emit.zig	pending			Read and review the complete scope.
file	src/backend/d3d12/commands/d3d12_async_diagnostics.zig	pending			Read and review the complete scope.
file	src/backend/d3d12/commands/d3d12_dispatch.zig	pending			Read and review the complete scope.
file	src/backend/d3d12/commands/d3d12_gpu_timestamps.zig	pending			Read and review the complete scope.
file	src/backend/d3d12/commands/d3d12_map_async.zig	pending			Read and review the complete scope.
file	src/backend/d3d12/commands/d3d12_native_render_pass.zig	pending			Read and review the complete scope.
file	src/backend/d3d12/commands/d3d12_render.zig	pending			Read and review the complete scope.
file	src/backend/d3d12/commands/d3d12_render_bind_groups.zig	pending			Read and review the complete scope.
file	src/backend/d3d12/commands/d3d12_render_vertex.zig	pending			Read and review the complete scope.
file	src/backend/d3d12/commands/d3d12_streaming_copy.zig	pending			Read and review the complete scope.
file	src/backend/d3d12/d3d12_bridge_decls.zig	pending			Read and review the complete scope.
file	src/backend/d3d12/d3d12_constants.zig	pending			Read and review the complete scope.
file	src/backend/d3d12/d3d12_descriptors.zig	pending			Read and review the complete scope.
file	src/backend/d3d12/d3d12_device_caps.zig	pending			Read and review the complete scope.
file	src/backend/d3d12/d3d12_formats.zig	pending			Read and review the complete scope.
file	src/backend/d3d12/d3d12_native_runtime.zig	pending			Read and review the complete scope.
file	src/backend/d3d12/d3d12_query_set.zig	pending			Read and review the complete scope.
file	src/backend/d3d12/d3d12_runtime_compute.zig	pending			Read and review the complete scope.
file	src/backend/d3d12/d3d12_runtime_upload.zig	pending			Read and review the complete scope.
file	src/backend/d3d12/mod.zig	pending			Read and review the complete scope.
file	src/backend/d3d12/resources/d3d12_depth_stencil.zig	pending			Read and review the complete scope.
file	src/backend/d3d12/resources/d3d12_sampler.zig	pending			Read and review the complete scope.
file	src/backend/d3d12/resources/d3d12_texture.zig	pending			Read and review the complete scope.
file	src/backend/d3d12/resources/d3d12_texture_view.zig	pending			Read and review the complete scope.
file	src/backend/d3d12/surface/d3d12_surface.zig	pending			Read and review the complete scope.
file	src/backend/dawn_delegate_backend.zig	pending			Read and review the complete scope.
file	src/backend/dropin_capabilities.zig	pending			Read and review the complete scope.
file	src/backend/dropin_external_texture.zig	pending			Read and review the complete scope.
file	src/backend/dropin_lifecycle.zig	pending			Read and review the complete scope.
file	src/backend/dropin_pipeline_cache.zig	pending			Read and review the complete scope.
file	src/backend/dropin_queue_submit.zig	pending			Read and review the complete scope.
file	src/backend/dropin_render_state.zig	pending			Read and review the complete scope.
file	src/backend/dropin_resource_ops.zig	pending			Read and review the complete scope.
file	src/backend/dropin_surface_ops.zig	pending			Read and review the complete scope.
file	src/backend/metal/artifact_emit.zig	pending			Read and review the complete scope.
file	src/backend/metal/backend_execute.zig	pending			Read and review the complete scope.
file	src/backend/metal/metal_async_runtime.zig	pending			Read and review the complete scope.
file	src/backend/metal/metal_bridge_decls.zig	pending			Read and review the complete scope.
file	src/backend/metal/metal_buffer_pool.zig	pending			Read and review the complete scope.
file	src/backend/metal/metal_cleanup.zig	pending			Read and review the complete scope.
file	src/backend/metal/metal_copy_runtime.zig	pending			Read and review the complete scope.
file	src/backend/metal/metal_deferred_release.zig	pending			Read and review the complete scope.
file	src/backend/metal/metal_dispatch_runtime.zig	pending			Read and review the complete scope.
file	src/backend/metal/metal_external_texture.zig	pending			Read and review the complete scope.
file	src/backend/metal/metal_gpu_timestamps.zig	pending			Read and review the complete scope.
file	src/backend/metal/metal_kernel_dispatch.zig	pending			Read and review the complete scope.
file	src/backend/metal/metal_native_runtime.zig	pending			Read and review the complete scope.
file	src/backend/metal/metal_pipeline_cache.zig	pending			Read and review the complete scope.
file	src/backend/metal/metal_render_state_bridge_decls.zig	pending			Read and review the complete scope.
file	src/backend/metal/metal_resource_commands.zig	pending			Read and review the complete scope.
file	src/backend/metal/metal_runtime_limits.zig	pending			Read and review the complete scope.
file	src/backend/metal/metal_runtime_queue_ops.zig	pending			Read and review the complete scope.
file	src/backend/metal/metal_runtime_render_ops.zig	pending			Read and review the complete scope.
file	src/backend/metal/metal_runtime_resources.zig	pending			Read and review the complete scope.
file	src/backend/metal/metal_surface_runtime.zig	pending			Read and review the complete scope.
file	src/backend/metal/metal_upload.zig	pending			Read and review the complete scope.
file	src/backend/metal/mod.zig	pending			Read and review the complete scope.
file	src/backend/metal/render_state.zig	pending			Read and review the complete scope.
file	src/backend/metal_package_pipeline_cache.zig	pending			Read and review the complete scope.
file	src/backend/ports/capture.zig	pending			Read and review the complete scope.
file	src/backend/ports/compute.zig	pending			Read and review the complete scope.
file	src/backend/ports/factory.zig	pending			Read and review the complete scope.
file	src/backend/ports/lifecycle.zig	pending			Read and review the complete scope.
file	src/backend/ports/mod.zig	pending			Read and review the complete scope.
file	src/backend/ports/provider_adapter.zig	pending			Read and review the complete scope.
file	src/backend/ports/queue.zig	pending			Read and review the complete scope.
file	src/backend/ports/readback.zig	pending			Read and review the complete scope.
file	src/backend/ports/render.zig	pending			Read and review the complete scope.
file	src/backend/ports/resource.zig	pending			Read and review the complete scope.
file	src/backend/ports/spatial.zig	pending			Read and review the complete scope.
file	src/backend/ports/surface.zig	pending			Read and review the complete scope.
file	src/backend/ports/telemetry.zig	pending			Read and review the complete scope.
file	src/backend/ports/transfer.zig	pending			Read and review the complete scope.
file	src/backend/vulkan/artifact_emit.zig	pending			Read and review the complete scope.
file	src/backend/vulkan/backend_execute.zig	pending			Read and review the complete scope.
file	src/backend/vulkan/mod.zig	pending			Read and review the complete scope.
file	src/backend/vulkan/native_runtime.zig	pending			Read and review the complete scope.
file	src/backend/vulkan/vk_adapter_probe.zig	pending			Read and review the complete scope.
file	src/backend/vulkan/vk_async_dispatch.zig	pending			Read and review the complete scope.
file	src/backend/vulkan/vk_async_probes.zig	pending			Read and review the complete scope.
file	src/backend/vulkan/vk_capability_structs.zig	pending			Read and review the complete scope.
file	src/backend/vulkan/vk_command_buffers.zig	pending			Read and review the complete scope.
file	src/backend/vulkan/vk_compute_program.zig	pending			Read and review the complete scope.
file	src/backend/vulkan/vk_compute_sync.zig	pending			Read and review the complete scope.
file	src/backend/vulkan/vk_constants.zig	pending			Read and review the complete scope.
file	src/backend/vulkan/vk_descriptor_identity.zig	pending			Read and review the complete scope.
file	src/backend/vulkan/vk_descriptors.zig	pending			Read and review the complete scope.
file	src/backend/vulkan/vk_device.zig	pending			Read and review the complete scope.
file	src/backend/vulkan/vk_device_caps.zig	pending			Read and review the complete scope.
file	src/backend/vulkan/vk_dispatch_indirect.zig	pending			Read and review the complete scope.
file	src/backend/vulkan/vk_dispatch_repeat.zig	pending			Read and review the complete scope.
file	src/backend/vulkan/vk_feature_caps.zig	pending			Read and review the complete scope.
file	src/backend/vulkan/vk_feature_probe.zig	pending			Read and review the complete scope.
file	src/backend/vulkan/vk_formats.zig	pending			Read and review the complete scope.
file	src/backend/vulkan/vk_functions.zig	pending			Read and review the complete scope.
file	src/backend/vulkan/vk_memory_policy.zig	pending			Read and review the complete scope.
file	src/backend/vulkan/vk_metrics.zig	pending			Read and review the complete scope.
file	src/backend/vulkan/vk_pipeline.zig	pending			Read and review the complete scope.
file	src/backend/vulkan/vk_pipeline_cache.zig	pending			Read and review the complete scope.
file	src/backend/vulkan/vk_pipeline_cache_persistent.zig	pending			Read and review the complete scope.
file	src/backend/vulkan/vk_render.zig	pending			Read and review the complete scope.
file	src/backend/vulkan/vk_render_pipeline.zig	pending			Read and review the complete scope.
file	src/backend/vulkan/vk_resources.zig	pending			Read and review the complete scope.
file	src/backend/vulkan/vk_runtime_probe_ops.zig	pending			Read and review the complete scope.
file	src/backend/vulkan/vk_runtime_surface_ops.zig	pending			Read and review the complete scope.
file	src/backend/vulkan/vk_samplers.zig	pending			Read and review the complete scope.
file	src/backend/vulkan/vk_shader_source.zig	pending			Read and review the complete scope.
file	src/backend/vulkan/vk_shared_pipeline.zig	pending			Read and review the complete scope.
file	src/backend/vulkan/vk_spirv_inspect.zig	pending			Read and review the complete scope.
file	src/backend/vulkan/vk_structs.zig	pending			Read and review the complete scope.
file	src/backend/vulkan/vk_sync.zig	pending			Read and review the complete scope.
file	src/backend/vulkan/vk_texture_commands.zig	pending			Read and review the complete scope.
file	src/backend/vulkan/vk_timestamp.zig	pending			Read and review the complete scope.
file	src/backend/vulkan/vk_upload.zig	pending			Read and review the complete scope.
file	src/backend/vulkan/vulkan_errors.zig	pending			Read and review the complete scope.
file	src/backend/vulkan/vulkan_surface.zig	pending			Read and review the complete scope.
file	src/backend/vulkan/vulkan_timing.zig	pending			Read and review the complete scope.
file	src/backend/vulkan/vulkan_types.zig	pending			Read and review the complete scope.
file	src/backend/webgpu_backend.zig	pending			Read and review the complete scope.
file	src/backend/webgpu_backend_lifecycle.zig	pending			Read and review the complete scope.
file	src/backend/webgpu_backend_ops.zig	pending			Read and review the complete scope.
file	src/backend/webgpu_backend_support.zig	pending			Read and review the complete scope.
file	src/backend/webgpu_backend_types.zig	pending			Read and review the complete scope.
file	src/cli/doe_plan_executor_cli.zig	pending			Read and review the complete scope.
file	src/cli/entrypoints/main.zig	pending			Read and review the complete scope.
file	src/cli/entrypoints/main_doe_plan_executor.zig	pending			Read and review the complete scope.
file	src/cli/entrypoints/main_emit_csl.zig	pending			Read and review the complete scope.
file	src/cli/entrypoints/main_emit_dxil.zig	pending			Read and review the complete scope.
file	src/cli/entrypoints/main_emit_hlsl.zig	pending			Read and review the complete scope.
file	src/cli/entrypoints/main_emit_ir_digest.zig	pending			Read and review the complete scope.
file	src/cli/entrypoints/main_emit_msl.zig	pending			Read and review the complete scope.
file	src/cli/entrypoints/main_emit_spirv.zig	pending			Read and review the complete scope.
file	src/cli/entrypoints/main_emit_tsir_attention_canary.zig	pending			Read and review the complete scope.
file	src/cli/entrypoints/main_usage.zig	pending			Read and review the complete scope.
file	src/cli/entrypoints/main_webgpu_plan_executor.zig	pending			Read and review the complete scope.
file	src/cli/entrypoints/module_runner.zig	pending			Read and review the complete scope.
file	src/cli/module_runner_cli.zig	pending			Read and review the complete scope.
file	src/cli/runtime_cli.zig	pending			Read and review the complete scope.
file	src/cli/runtime_cli_args.zig	pending			Read and review the complete scope.
file	src/cli/runtime_cli_artifacts.zig	pending			Read and review the complete scope.
file	src/cli/runtime_cli_inputs.zig	pending			Read and review the complete scope.
file	src/cli/runtime_cli_samples.zig	pending			Read and review the complete scope.
file	src/command/command_json.zig	pending			Read and review the complete scope.
file	src/command/command_json_extra.zig	pending			Read and review the complete scope.
file	src/command/command_json_raw.zig	pending			Read and review the complete scope.
file	src/command/command_kind.zig	pending			Read and review the complete scope.
file	src/command/command_parse_copy.zig	pending			Read and review the complete scope.
file	src/command/command_parse_dispatch.zig	pending			Read and review the complete scope.
file	src/command/command_parse_helpers.zig	pending			Read and review the complete scope.
file	src/command/command_parse_render.zig	pending			Read and review the complete scope.
file	src/command/command_stream.zig	pending			Read and review the complete scope.
file	src/compat/webgpu_ffi.zig	pending			Read and review the complete scope.
file	src/compiler/mod.zig	pending			Read and review the complete scope.
file	src/compiler/targets/mod.zig	pending			Read and review the complete scope.
file	src/compiler/targets/msl.zig	pending			Read and review the complete scope.
file	src/compiler/targets/spir_v.zig	pending			Read and review the complete scope.
file	src/compiler/targets/types.zig	pending			Read and review the complete scope.
file	src/compiler/targets/webgpu_generic.zig	pending			Read and review the complete scope.
file	src/compiler/targets/wse3.zig	pending			Read and review the complete scope.
file	src/compiler/tsir/collective_synthesis.zig	pending			Read and review the complete scope.
file	src/compiler/tsir/digest.zig	pending			Read and review the complete scope.
file	src/compiler/tsir/emit_csl.zig	pending			Read and review the complete scope.
file	src/compiler/tsir/emit_csl_f16_pack.zig	pending			Read and review the complete scope.
file	src/compiler/tsir/emit_dtype_routing.zig	pending			Read and review the complete scope.
file	src/compiler/tsir/emit_dxil.zig	pending			Read and review the complete scope.
file	src/compiler/tsir/emit_kernel_body.zig	pending			Read and review the complete scope.
file	src/compiler/tsir/emit_kernel_body_attention.zig	pending			Read and review the complete scope.
file	src/compiler/tsir/emit_kernel_body_conv1d.zig	pending			Read and review the complete scope.
file	src/compiler/tsir/emit_kernel_body_gated.zig	pending			Read and review the complete scope.
file	src/compiler/tsir/emit_kernel_body_kv.zig	pending			Read and review the complete scope.
file	src/compiler/tsir/emit_kernel_body_l2_normalize.zig	pending			Read and review the complete scope.
file	src/compiler/tsir/emit_kernel_body_linear_attention.zig	pending			Read and review the complete scope.
file	src/compiler/tsir/emit_kernel_context.zig	pending			Read and review the complete scope.
file	src/compiler/tsir/emit_msl.zig	pending			Read and review the complete scope.
file	src/compiler/tsir/emit_semantic_metadata.zig	pending			Read and review the complete scope.
file	src/compiler/tsir/emit_spir_v.zig	pending			Read and review the complete scope.
file	src/compiler/tsir/emit_text_skeleton.zig	pending			Read and review the complete scope.
file	src/compiler/tsir/emit_webgpu.zig	pending			Read and review the complete scope.
file	src/compiler/tsir/family_hint.zig	pending			Read and review the complete scope.
file	src/compiler/tsir/frontend.zig	pending			Read and review the complete scope.
file	src/compiler/tsir/frontend_body.zig	pending			Read and review the complete scope.
file	src/compiler/tsir/frontend_collectives.zig	pending			Read and review the complete scope.
file	src/compiler/tsir/frontend_expr.zig	pending			Read and review the complete scope.
file	src/compiler/tsir/frontend_rejections.zig	pending			Read and review the complete scope.
file	src/compiler/tsir/frontend_types.zig	pending			Read and review the complete scope.
file	src/compiler/tsir/mod.zig	pending			Read and review the complete scope.
file	src/compiler/tsir/planner.zig	pending			Read and review the complete scope.
file	src/compiler/tsir/planner_support.zig	pending			Read and review the complete scope.
file	src/compiler/tsir/reference_extended_ops.zig	pending			Read and review the complete scope.
file	src/compiler/tsir/reference_inputs.zig	pending			Read and review the complete scope.
file	src/compiler/tsir/reference_interpreter.zig	pending			Read and review the complete scope.
file	src/compiler/tsir/reference_reduction.zig	pending			Read and review the complete scope.
file	src/compiler/tsir/reference_scalar.zig	pending			Read and review the complete scope.
file	src/compiler/tsir/reference_types.zig	pending			Read and review the complete scope.
file	src/compiler/tsir/schema.zig	pending			Read and review the complete scope.
file	src/compiler/tsir/tools/tsir_bootstrap_manifest_inputs.zig	pending			Read and review the complete scope.
file	src/compiler/tsir/tools/tsir_bootstrap_oracle.zig	pending			Read and review the complete scope.
file	src/compiler/wgsl/emit/csl/csl_compile_sections.zig	pending			Read and review the complete scope.
file	src/compiler/wgsl/emit/csl/csl_spec.zig	pending			Read and review the complete scope.
file	src/compiler/wgsl/emit/csl/csl_storage_emit.zig	pending			Read and review the complete scope.
file	src/compiler/wgsl/emit/csl/csl_text_buffer.zig	pending			Read and review the complete scope.
file	src/compiler/wgsl/emit/csl/emit_csl.zig	pending			Read and review the complete scope.
file	src/compiler/wgsl/emit/csl/emit_csl_attention.zig	pending			Read and review the complete scope.
file	src/compiler/wgsl/emit/csl/emit_csl_classify.zig	pending			Read and review the complete scope.
file	src/compiler/wgsl/emit/csl/emit_csl_core.zig	pending			Read and review the complete scope.
file	src/compiler/wgsl/emit/csl/emit_csl_dense_gemv.zig	pending			Read and review the complete scope.
file	src/compiler/wgsl/emit/csl/emit_csl_dequant.zig	pending			Read and review the complete scope.
file	src/compiler/wgsl/emit/csl/emit_csl_elementwise.zig	pending			Read and review the complete scope.
file	src/compiler/wgsl/emit/csl/emit_csl_exec_v1.zig	pending			Read and review the complete scope.
file	src/compiler/wgsl/emit/csl/emit_csl_fused.zig	pending			Read and review the complete scope.
file	src/compiler/wgsl/emit/csl/emit_csl_fused_ffn.zig	pending			Read and review the complete scope.
file	src/compiler/wgsl/emit/csl/emit_csl_gather.zig	pending			Read and review the complete scope.
file	src/compiler/wgsl/emit/csl/emit_csl_host.zig	pending			Read and review the complete scope.
file	src/compiler/wgsl/emit/csl/emit_csl_host_compile_rewrite.zig	pending			Read and review the complete scope.
file	src/compiler/wgsl/emit/csl/emit_csl_host_compile_source.zig	pending			Read and review the complete scope.
file	src/compiler/wgsl/emit/csl/emit_csl_host_plan.zig	pending			Read and review the complete scope.
file	src/compiler/wgsl/emit/csl/emit_csl_host_runtime.zig	pending			Read and review the complete scope.
file	src/compiler/wgsl/emit/csl/emit_csl_ir_walk.zig	pending			Read and review the complete scope.
file	src/compiler/wgsl/emit/csl/emit_csl_kv_cache.zig	pending			Read and review the complete scope.
file	src/compiler/wgsl/emit/csl/emit_csl_layout.zig	pending			Read and review the complete scope.
file	src/compiler/wgsl/emit/csl/emit_csl_linear_attn.zig	pending			Read and review the complete scope.
file	src/compiler/wgsl/emit/csl/emit_csl_maps.zig	pending			Read and review the complete scope.
file	src/compiler/wgsl/emit/csl/emit_csl_matmul.zig	pending			Read and review the complete scope.
file	src/compiler/wgsl/emit/csl/emit_csl_matmul_q4k.zig	pending			Read and review the complete scope.
file	src/compiler/wgsl/emit/csl/emit_csl_mem_plan.zig	pending			Read and review the complete scope.
file	src/compiler/wgsl/emit/csl/emit_csl_reduce_dist.zig	pending			Read and review the complete scope.
file	src/compiler/wgsl/emit/csl/emit_csl_reduction.zig	pending			Read and review the complete scope.
file	src/compiler/wgsl/emit/csl/emit_csl_rmsnorm_pack.zig	pending			Read and review the complete scope.
file	src/compiler/wgsl/emit/csl/emit_csl_rope.zig	pending			Read and review the complete scope.
file	src/compiler/wgsl/emit/csl/emit_csl_sample.zig	pending			Read and review the complete scope.
file	src/compiler/wgsl/emit/csl/emit_csl_semantic_ops.zig	pending			Read and review the complete scope.
file	src/compiler/wgsl/emit/csl/emit_csl_simulator.zig	pending			Read and review the complete scope.
file	src/compiler/wgsl/emit/csl/emit_csl_toolchain.zig	pending			Read and review the complete scope.
file	src/compiler/wgsl/emit/csl/emit_csl_validate.zig	pending			Read and review the complete scope.
file	src/compiler/wgsl/emit/dxil/dxil_bitcode.zig	pending			Read and review the complete scope.
file	src/compiler/wgsl/emit/dxil/dxil_builder.zig	pending			Read and review the complete scope.
file	src/compiler/wgsl/emit/dxil/dxil_container.zig	pending			Read and review the complete scope.
file	src/compiler/wgsl/emit/dxil/dxil_serialize.zig	pending			Read and review the complete scope.
file	src/compiler/wgsl/emit/dxil/dxil_spec.zig	pending			Read and review the complete scope.
file	src/compiler/wgsl/emit/dxil/dxil_validate.zig	pending			Read and review the complete scope.
file	src/compiler/wgsl/emit/dxil/emit_dxil.zig	pending			Read and review the complete scope.
file	src/compiler/wgsl/emit/dxil/emit_dxil_native.zig	pending			Read and review the complete scope.
file	src/compiler/wgsl/emit/hlsl/emit_hlsl.zig	pending			Read and review the complete scope.
file	src/compiler/wgsl/emit/hlsl/emit_hlsl_builtins.zig	pending			Read and review the complete scope.
file	src/compiler/wgsl/emit/hlsl/emit_hlsl_maps.zig	pending			Read and review the complete scope.
file	src/compiler/wgsl/emit/hlsl/emit_hlsl_stage.zig	pending			Read and review the complete scope.
file	src/compiler/wgsl/emit/hlsl/emit_hlsl_texture.zig	pending			Read and review the complete scope.
file	src/compiler/wgsl/emit/msl/emit_msl.zig	pending			Read and review the complete scope.
file	src/compiler/wgsl/emit/msl/emit_msl_fragment.zig	pending			Read and review the complete scope.
file	src/compiler/wgsl/emit/msl/emit_msl_ir.zig	pending			Read and review the complete scope.
file	src/compiler/wgsl/emit/msl/emit_msl_ir_builtins.zig	pending			Read and review the complete scope.
file	src/compiler/wgsl/emit/msl/emit_msl_maps.zig	pending			Read and review the complete scope.
file	src/compiler/wgsl/emit/msl/emit_msl_shared.zig	pending			Read and review the complete scope.
file	src/compiler/wgsl/emit/msl/emit_msl_stage.zig	pending			Read and review the complete scope.
file	src/compiler/wgsl/emit/msl/emit_msl_subgroups.zig	pending			Read and review the complete scope.
file	src/compiler/wgsl/emit/msl/emit_msl_texture.zig	pending			Read and review the complete scope.
file	src/compiler/wgsl/emit/msl/emit_msl_vertex.zig	pending			Read and review the complete scope.
file	src/compiler/wgsl/emit/msl/emit_msl_workgroup_zero.zig	pending			Read and review the complete scope.
file	src/compiler/wgsl/emit/operator_text.zig	pending			Read and review the complete scope.
file	src/compiler/wgsl/emit/spirv/emit_spirv.zig	pending			Read and review the complete scope.
file	src/compiler/wgsl/emit/spirv/emit_spirv_builtins.zig	pending			Read and review the complete scope.
file	src/compiler/wgsl/emit/spirv/emit_spirv_fn.zig	pending			Read and review the complete scope.
file	src/compiler/wgsl/emit/spirv/emit_spirv_fn_helpers.zig	pending			Read and review the complete scope.
file	src/compiler/wgsl/emit/spirv/emit_spirv_matrix.zig	pending			Read and review the complete scope.
file	src/compiler/wgsl/emit/spirv/emit_spirv_shared.zig	pending			Read and review the complete scope.
file	src/compiler/wgsl/emit/spirv/emit_spirv_stages.zig	pending			Read and review the complete scope.
file	src/compiler/wgsl/emit/spirv/emit_spirv_texture.zig	pending			Read and review the complete scope.
file	src/compiler/wgsl/emit/spirv/spirv_builder.zig	pending			Read and review the complete scope.
file	src/compiler/wgsl/emit/spirv/spirv_spec.zig	pending			Read and review the complete scope.
file	src/compiler/wgsl/emit/toolchain.zig	pending			Read and review the complete scope.
file	src/compiler/wgsl/frontend/ast.zig	pending			Read and review the complete scope.
file	src/compiler/wgsl/frontend/lexer.zig	pending			Read and review the complete scope.
file	src/compiler/wgsl/frontend/parser.zig	pending			Read and review the complete scope.
file	src/compiler/wgsl/frontend/parser_attrs.zig	pending			Read and review the complete scope.
file	src/compiler/wgsl/frontend/parser_decl.zig	pending			Read and review the complete scope.
file	src/compiler/wgsl/frontend/parser_expr.zig	pending			Read and review the complete scope.
file	src/compiler/wgsl/frontend/parser_stmt.zig	pending			Read and review the complete scope.
file	src/compiler/wgsl/frontend/sema.zig	pending			Read and review the complete scope.
file	src/compiler/wgsl/frontend/sema_attrs.zig	pending			Read and review the complete scope.
file	src/compiler/wgsl/frontend/sema_expr.zig	pending			Read and review the complete scope.
file	src/compiler/wgsl/frontend/sema_helpers.zig	pending			Read and review the complete scope.
file	src/compiler/wgsl/frontend/sema_resolve.zig	pending			Read and review the complete scope.
file	src/compiler/wgsl/frontend/sema_type_syntax.zig	pending			Read and review the complete scope.
file	src/compiler/wgsl/frontend/sema_types.zig	pending			Read and review the complete scope.
file	src/compiler/wgsl/frontend/sema_typeutils.zig	pending			Read and review the complete scope.
file	src/compiler/wgsl/frontend/token.zig	pending			Read and review the complete scope.
file	src/compiler/wgsl/ir/ir.zig	pending			Read and review the complete scope.
file	src/compiler/wgsl/ir/ir_builder.zig	pending			Read and review the complete scope.
file	src/compiler/wgsl/ir/ir_const_eval.zig	pending			Read and review the complete scope.
file	src/compiler/wgsl/ir/ir_digest.zig	pending			Read and review the complete scope.
file	src/compiler/wgsl/ir/ir_opt_rewrite.zig	pending			Read and review the complete scope.
file	src/compiler/wgsl/ir/ir_query.zig	pending			Read and review the complete scope.
file	src/compiler/wgsl/ir/ir_transform_float_fusion.zig	pending			Read and review the complete scope.
file	src/compiler/wgsl/ir/ir_transform_robustness.zig	pending			Read and review the complete scope.
file	src/compiler/wgsl/ir/ir_validate.zig	pending			Read and review the complete scope.
file	src/compiler/wgsl/ir/layout_utils.zig	pending			Read and review the complete scope.
file	src/compiler/wgsl/mod.zig	pending			Read and review the complete scope.
file	src/compiler/wgsl/pipeline/analysis.zig	pending			Read and review the complete scope.
file	src/compiler/wgsl/pipeline/binding_reflection.zig	pending			Read and review the complete scope.
file	src/compiler/wgsl/pipeline/diagnostic.zig	pending			Read and review the complete scope.
file	src/compiler/wgsl/pipeline/overrides.zig	pending			Read and review the complete scope.
file	src/compiler/wgsl/pipeline/translate_csl.zig	pending			Read and review the complete scope.
file	src/compiler/wgsl/pipeline/translate_dxil.zig	pending			Read and review the complete scope.
file	src/compiler/wgsl/pipeline/translate_hlsl.zig	pending			Read and review the complete scope.
file	src/compiler/wgsl/pipeline/translate_msl.zig	pending			Read and review the complete scope.
file	src/compiler/wgsl/pipeline/translate_spirv.zig	pending			Read and review the complete scope.
file	src/compiler/wgsl/proof/dispatch_proof_loop_match.zig	pending			Read and review the complete scope.
file	src/compiler/wgsl/proof/dispatch_proof_match.zig	pending			Read and review the complete scope.
file	src/compiler/wgsl/proof/dispatch_uniform_bounds.zig	pending			Read and review the complete scope.
file	src/compiler/wgsl/proof/robustness_static_bounds.zig	pending			Read and review the complete scope.
file	src/compiler/wgsl/runtime/runtime_compile.zig	pending			Read and review the complete scope.
file	src/compiler/wgsl/runtime/runtime_compile_report.zig	pending			Read and review the complete scope.
file	src/compiler/wgsl/runtime/runtime_compute_translation.zig	pending			Read and review the complete scope.
file	src/compiler/wgsl/runtime/runtime_graphics_translation.zig	pending			Read and review the complete scope.
file	src/compiler/wgsl/runtime/runtime_translation_info.zig	pending			Read and review the complete scope.
file	src/compiler/wgsl/runtime/shader_info.zig	pending			Read and review the complete scope.
file	src/composition/backend_factory.zig	pending			Read and review the complete scope.
file	src/composition/execution_session.zig	pending			Read and review the complete scope.
file	src/composition/mod.zig	pending			Read and review the complete scope.
file	src/contracts/artifact.zig	pending			Read and review the complete scope.
file	src/contracts/backend.zig	pending			Read and review the complete scope.
file	src/contracts/binding.zig	pending			Read and review the complete scope.
file	src/contracts/capability.zig	pending			Read and review the complete scope.
file	src/contracts/command.zig	pending			Read and review the complete scope.
file	src/contracts/command_metadata.zig	pending			Read and review the complete scope.
file	src/contracts/command_recording.zig	pending			Read and review the complete scope.
file	src/contracts/command_storage.zig	pending			Read and review the complete scope.
file	src/contracts/compute.zig	pending			Read and review the complete scope.
file	src/contracts/error.zig	pending			Read and review the complete scope.
file	src/contracts/evidence.zig	pending			Read and review the complete scope.
file	src/contracts/evidence_observer.zig	pending			Read and review the complete scope.
file	src/contracts/exactness.zig	pending			Read and review the complete scope.
file	src/contracts/execution.zig	pending			Read and review the complete scope.
file	src/contracts/execution_report.zig	pending			Read and review the complete scope.
file	src/contracts/identity.zig	pending			Read and review the complete scope.
file	src/contracts/mod.zig	pending			Read and review the complete scope.
file	src/contracts/model/model_async_types.zig	pending			Read and review the complete scope.
file	src/contracts/model/model_binding_value_types.zig	pending			Read and review the complete scope.
file	src/contracts/model/model_compute_types.zig	pending			Read and review the complete scope.
file	src/contracts/model/model_gpu_types.zig	pending			Read and review the complete scope.
file	src/contracts/model/model_policy.zig	pending			Read and review the complete scope.
file	src/contracts/model/model_profile.zig	pending			Read and review the complete scope.
file	src/contracts/model/model_quirks.zig	pending			Read and review the complete scope.
file	src/contracts/model/model_render_types.zig	pending			Read and review the complete scope.
file	src/contracts/model/model_resource_types.zig	pending			Read and review the complete scope.
file	src/contracts/model/model_surface_control_types.zig	pending			Read and review the complete scope.
file	src/contracts/model/model_texture_format_value_types.zig	pending			Read and review the complete scope.
file	src/contracts/model/model_texture_layout_value_types.zig	pending			Read and review the complete scope.
file	src/contracts/model/model_texture_types.zig	pending			Read and review the complete scope.
file	src/contracts/model/model_texture_value_types.zig	pending			Read and review the complete scope.
file	src/contracts/numeric_stability/annotation.zig	pending			Read and review the complete scope.
file	src/contracts/ownership.zig	pending			Read and review the complete scope.
file	src/contracts/prepared_operation.zig	pending			Read and review the complete scope.
file	src/contracts/primitives/byte_scan.zig	pending			Read and review the complete scope.
file	src/contracts/promotion_receipt.zig	pending			Read and review the complete scope.
file	src/contracts/render_command.zig	pending			Read and review the complete scope.
file	src/contracts/resource_lease.zig	pending			Read and review the complete scope.
file	src/contracts/runtime_configuration.zig	pending			Read and review the complete scope.
file	src/contracts/runtime_telemetry.zig	pending			Read and review the complete scope.
file	src/contracts/runtime_types.zig	pending			Read and review the complete scope.
file	src/contracts/semantic.zig	pending			Read and review the complete scope.
file	src/contracts/shader_abi/dispatch_info.zig	pending			Read and review the complete scope.
file	src/contracts/spatial_operation.zig	pending			Read and review the complete scope.
file	src/contracts/specialization_policy.zig	pending			Read and review the complete scope.
file	src/contracts/texture.zig	pending			Read and review the complete scope.
file	src/contracts/texture_copy.zig	pending			Read and review the complete scope.
file	src/contracts/texture_format.zig	pending			Read and review the complete scope.
file	src/contracts/texture_format_layout.zig	pending			Read and review the complete scope.
file	src/contracts/vertex_format.zig	pending			Read and review the complete scope.
file	src/contracts/workload_profile.zig	pending			Read and review the complete scope.
file	src/core/abi/generated/webgpu_upstream.zig	pending			Read and review the complete scope.
file	src/core/abi/procs/wgpu_async_procs.zig	pending			Read and review the complete scope.
file	src/core/abi/procs/wgpu_p0_procs.zig	pending			Read and review the complete scope.
file	src/core/abi/procs/wgpu_p1_capability_procs.zig	pending			Read and review the complete scope.
file	src/core/abi/procs/wgpu_p1_resource_table_procs.zig	pending			Read and review the complete scope.
file	src/core/abi/procs/wgpu_p2_lifecycle_procs.zig	pending			Read and review the complete scope.
file	src/core/abi/procs/wgpu_texture_procs.zig	pending			Read and review the complete scope.
file	src/core/abi/procs/wgpu_types_procs.zig	pending			Read and review the complete scope.
file	src/core/abi/wgpu_binding_base_types.zig	pending			Read and review the complete scope.
file	src/core/abi/wgpu_callback_descriptor_types.zig	pending			Read and review the complete scope.
file	src/core/abi/wgpu_copy_descriptor_types.zig	pending			Read and review the complete scope.
file	src/core/abi/wgpu_core_base_types.zig	pending			Read and review the complete scope.
file	src/core/abi/wgpu_execution_types.zig	pending			Read and review the complete scope.
file	src/core/abi/wgpu_feature_base_types.zig	pending			Read and review the complete scope.
file	src/core/abi/wgpu_handle_types.zig	pending			Read and review the complete scope.
file	src/core/abi/wgpu_loader.zig	pending			Read and review the complete scope.
file	src/core/abi/wgpu_pipeline_descriptor_types.zig	pending			Read and review the complete scope.
file	src/core/abi/wgpu_proc_types.zig	pending			Read and review the complete scope.
file	src/core/abi/wgpu_record_types.zig	pending			Read and review the complete scope.
file	src/core/abi/wgpu_runtime_abi.zig	pending			Read and review the complete scope.
file	src/core/abi/wgpu_runtime_records.zig	pending			Read and review the complete scope.
file	src/core/abi/wgpu_runtime_state_defs.zig	pending			Read and review the complete scope.
file	src/core/abi/wgpu_state_contract_types.zig	pending			Read and review the complete scope.
file	src/core/abi/wgpu_state_types.zig	pending			Read and review the complete scope.
file	src/core/abi/wgpu_texture_base_types.zig	pending			Read and review the complete scope.
file	src/core/abi/wgpu_type_callbacks.zig	pending			Read and review the complete scope.
file	src/core/abi/wgpu_type_proc_aliases.zig	pending			Read and review the complete scope.
file	src/core/abi/wgpu_type_records.zig	pending			Read and review the complete scope.
file	src/core/command_dispatch.zig	pending			Read and review the complete scope.
file	src/core/compute/dispatch_preconditions.zig	pending			Read and review the complete scope.
file	src/core/compute/wgpu_commands_compute.zig	pending			Read and review the complete scope.
file	src/core/queue/wgpu_ffi_capture.zig	pending			Read and review the complete scope.
file	src/core/queue/wgpu_ffi_sync.zig	pending			Read and review the complete scope.
file	src/core/resource/wgpu_commands_copy.zig	pending			Read and review the complete scope.
file	src/core/resource/wgpu_resource_normalizers.zig	pending			Read and review the complete scope.
file	src/core/resource/wgpu_resources.zig	pending			Read and review the complete scope.
file	src/core/resource/wgpu_texture_commands.zig	pending			Read and review the complete scope.
file	src/core/runtime/wgpu_capability_runtime.zig	pending			Read and review the complete scope.
file	src/core/surface.zig	pending			Read and review the complete scope.
file	src/dropin/dropin_abi_procs.zig	pending			Read and review the complete scope.
file	src/dropin/dropin_behavior_policy.zig	pending			Read and review the complete scope.
file	src/dropin/dropin_browser_shared_memory.zig	pending			Read and review the complete scope.
file	src/dropin/dropin_diagnostics.zig	pending			Read and review the complete scope.
file	src/dropin/dropin_proc_manifest.zig	pending			Read and review the complete scope.
file	src/dropin/dropin_router.zig	pending			Read and review the complete scope.
file	src/dropin/dropin_runtime_config.zig	pending			Read and review the complete scope.
file	src/dropin/dropin_symbol_ownership.zig	pending			Read and review the complete scope.
file	src/dropin/root.zig	pending			Read and review the complete scope.
file	src/dropin/wgpu_dropin_ext_a.zig	pending			Read and review the complete scope.
file	src/dropin/wgpu_dropin_ext_a_core.zig	pending			Read and review the complete scope.
file	src/dropin/wgpu_dropin_ext_a_exports.zig	pending			Read and review the complete scope.
file	src/dropin/wgpu_dropin_ext_a_pipeline.zig	pending			Read and review the complete scope.
file	src/dropin/wgpu_dropin_ext_b.zig	pending			Read and review the complete scope.
file	src/dropin/wgpu_dropin_ext_c.zig	pending			Read and review the complete scope.
file	src/dropin/wgpu_dropin_lib.zig	pending			Read and review the complete scope.
file	src/evidence/mod.zig	pending			Read and review the complete scope.
file	src/evidence/oracle.zig	pending			Read and review the complete scope.
file	src/evidence/port.zig	pending			Read and review the complete scope.
file	src/evidence/receipt.zig	pending			Read and review the complete scope.
file	src/evidence/replay.zig	pending			Read and review the complete scope.
file	src/evidence/trace.zig	pending			Read and review the complete scope.
file	src/full/command/wgpu_commands.zig	pending			Read and review the complete scope.
file	src/full/command_dispatch.zig	pending			Read and review the complete scope.
file	src/full/lifecycle/wgpu_async_diagnostics_command.zig	pending			Read and review the complete scope.
file	src/full/lifecycle/wgpu_async_pixel_local_storage.zig	pending			Read and review the complete scope.
file	src/full/modules/rendering/effects_pipeline.zig	pending			Read and review the complete scope.
file	src/full/modules/rendering/path_engine.zig	pending			Read and review the complete scope.
file	src/full/modules/rendering/sdf_renderer.zig	pending			Read and review the complete scope.
file	src/full/modules/services/compute_services.zig	pending			Read and review the complete scope.
file	src/full/modules/services/resource_scheduler.zig	pending			Read and review the complete scope.
file	src/full/render/wgpu_pipeline_layout_pls.zig	pending			Read and review the complete scope.
file	src/full/render/wgpu_render_api.zig	pending			Read and review the complete scope.
file	src/full/render/wgpu_render_assets.zig	pending			Read and review the complete scope.
file	src/full/render/wgpu_render_commands.zig	pending			Read and review the complete scope.
file	src/full/render/wgpu_render_constants.zig	pending			Read and review the complete scope.
file	src/full/render/wgpu_render_draw_loops.zig	pending			Read and review the complete scope.
file	src/full/render/wgpu_render_indexing.zig	pending			Read and review the complete scope.
file	src/full/render/wgpu_render_p0.zig	pending			Read and review the complete scope.
file	src/full/render/wgpu_render_resources.zig	pending			Read and review the complete scope.
file	src/full/render/wgpu_render_temp_texture.zig	pending			Read and review the complete scope.
file	src/full/render/wgpu_render_types.zig	pending			Read and review the complete scope.
file	src/full/render/wgpu_sampler_commands.zig	pending			Read and review the complete scope.
file	src/full/surface/wgpu_ffi_surface.zig	pending			Read and review the complete scope.
file	src/full/surface/wgpu_surface_commands.zig	pending			Read and review the complete scope.
file	src/full/surface/wgpu_surface_macos.zig	pending			Read and review the complete scope.
file	src/full/surface/wgpu_surface_procs.zig	pending			Read and review the complete scope.
file	src/full/surface_api.zig	pending			Read and review the complete scope.
file	src/integrations/onnxruntime/ort_ep_anchor.zig	pending			Read and review the complete scope.
file	src/integrations/onnxruntime/ort_ep_session_smoke_anchor.zig	pending			Read and review the complete scope.
file	src/integrations/onnxruntime/ort_ep_smoke_anchor.zig	pending			Read and review the complete scope.
file	src/integrations/onnxruntime/ort_incumbent_session_smoke_anchor.zig	pending			Read and review the complete scope.
file	src/mod.zig	pending			Read and review the complete scope.
file	src/native/api/doe_native_api_core_exports.zig	pending			Read and review the complete scope.
file	src/native/api/doe_native_api_misc_exports.zig	pending			Read and review the complete scope.
file	src/native/api/doe_native_api_render_exports.zig	pending			Read and review the complete scope.
file	src/native/cache/doe_cache_adapter_native.zig	pending			Read and review the complete scope.
file	src/native/cache/doe_metal_library_cache.zig	pending			Read and review the complete scope.
file	src/native/cache/doe_package_metal_pipeline_cache.zig	pending			Read and review the complete scope.
file	src/native/command/doe_buffer_copy.zig	pending			Read and review the complete scope.
file	src/native/command/doe_buffer_texture_copy.zig	pending			Read and review the complete scope.
file	src/native/command/doe_command_recording.zig	pending			Read and review the complete scope.
file	src/native/command/doe_command_references.zig	pending			Read and review the complete scope.
file	src/native/command/doe_command_storage.zig	pending			Read and review the complete scope.
file	src/native/command/doe_encoder_native.zig	pending			Read and review the complete scope.
file	src/native/command/doe_immediates_external_native.zig	pending			Read and review the complete scope.
file	src/native/compute/doe_compute_bind_groups.zig	pending			Read and review the complete scope.
file	src/native/compute/doe_compute_ext_native.zig	pending			Read and review the complete scope.
file	src/native/compute/doe_compute_fast.zig	pending			Read and review the complete scope.
file	src/native/compute/doe_compute_fast_vulkan.zig	pending			Read and review the complete scope.
file	src/native/compute/doe_compute_preconditions_native.zig	pending			Read and review the complete scope.
file	src/native/compute/doe_compute_program_native.zig	pending			Read and review the complete scope.
file	src/native/compute/doe_compute_recorded.zig	pending			Read and review the complete scope.
file	src/native/diagnostics/doe_error_scope_native.zig	pending			Read and review the complete scope.
file	src/native/diagnostics/doe_metal_browser_trace.zig	pending			Read and review the complete scope.
file	src/native/diagnostics/doe_program_identity_trace.zig	pending			Read and review the complete scope.
file	src/native/lifecycle/doe_canvas_event_native.zig	pending			Read and review the complete scope.
file	src/native/lifecycle/doe_instance_device_native.zig	pending			Read and review the complete scope.
file	src/native/mod.zig	pending			Read and review the complete scope.
file	src/native/queue/doe_queue_copy_native.zig	pending			Read and review the complete scope.
file	src/native/queue/doe_queue_flush_breakdown.zig	pending			Read and review the complete scope.
file	src/native/queue/doe_queue_lifecycle.zig	pending			Read and review the complete scope.
file	src/native/queue/doe_queue_submit_d3d12.zig	pending			Read and review the complete scope.
file	src/native/queue/doe_queue_submit_metal.zig	pending			Read and review the complete scope.
file	src/native/queue/doe_queue_submit_native.zig	pending			Read and review the complete scope.
file	src/native/queue/doe_queue_submit_shared.zig	pending			Read and review the complete scope.
file	src/native/queue/doe_queue_submit_vulkan.zig	pending			Read and review the complete scope.
file	src/native/queue/doe_submission_validation.zig	pending			Read and review the complete scope.
file	src/native/render/doe_bundle_native.zig	pending			Read and review the complete scope.
file	src/native/render/doe_render_native.zig	pending			Read and review the complete scope.
file	src/native/render/doe_render_pass_controls_native.zig	pending			Read and review the complete scope.
file	src/native/render/doe_render_pipeline_native.zig	pending			Read and review the complete scope.
file	src/native/render/doe_render_state_native.zig	pending			Read and review the complete scope.
file	src/native/resource/doe_bind_group_native.zig	pending			Read and review the complete scope.
file	src/native/resource/doe_buffer_ops_native.zig	pending			Read and review the complete scope.
file	src/native/resource/doe_command_texture_native.zig	pending			Read and review the complete scope.
file	src/native/resource/doe_external_texture_native.zig	pending			Read and review the complete scope.
file	src/native/resource/doe_query_native.zig	pending			Read and review the complete scope.
file	src/native/resource/doe_texture_sampler_native.zig	pending			Read and review the complete scope.
file	src/native/resource/doe_texture_validation.zig	pending			Read and review the complete scope.
file	src/native/shader/doe_shader_compilation_info_native.zig	pending			Read and review the complete scope.
file	src/native/shader/doe_shader_native.zig	pending			Read and review the complete scope.
file	src/native/shader/doe_shader_translation_cache.zig	pending			Read and review the complete scope.
file	src/native/shader/shader_binding_reflection.zig	pending			Read and review the complete scope.
file	src/native/shader/shader_diagnostic.zig	pending			Read and review the complete scope.
file	src/native/support/doe_adapter_info_native.zig	pending			Read and review the complete scope.
file	src/native/support/doe_device_caps.zig	pending			Read and review the complete scope.
file	src/native/support/doe_future_ids.zig	pending			Read and review the complete scope.
file	src/native/support/doe_label_store.zig	pending			Read and review the complete scope.
file	src/native/support/doe_native_command_types.zig	pending			Read and review the complete scope.
file	src/native/support/doe_native_exports.zig	pending			Read and review the complete scope.
file	src/native/support/doe_native_object_helpers.zig	pending			Read and review the complete scope.
file	src/native/support/doe_native_object_types.zig	pending			Read and review the complete scope.
file	src/native/support/doe_native_runtime_helpers.zig	pending			Read and review the complete scope.
file	src/native/support/doe_native_shared_types.zig	pending			Read and review the complete scope.
file	src/native/surface/doe_surface_native.zig	pending			Read and review the complete scope.
file	src/native/vulkan/vulkan_compute_bindings.zig	pending			Read and review the complete scope.
file	src/native/vulkan/vulkan_compute_native.zig	pending			Read and review the complete scope.
file	src/native/vulkan/vulkan_feature_cache.zig	pending			Read and review the complete scope.
file	src/native/vulkan/vulkan_lifetime.zig	pending			Read and review the complete scope.
file	src/native/vulkan/vulkan_pipeline_hash.zig	pending			Read and review the complete scope.
file	src/native/vulkan/vulkan_render_native.zig	pending			Read and review the complete scope.
file	src/native/vulkan/vulkan_render_pass_native.zig	pending			Read and review the complete scope.
file	src/native/vulkan/vulkan_render_pipeline_native.zig	pending			Read and review the complete scope.
file	src/native/vulkan/vulkan_render_shared.zig	pending			Read and review the complete scope.
file	src/native/vulkan/vulkan_sampler_native.zig	pending			Read and review the complete scope.
file	src/native/vulkan/vulkan_texture_native.zig	pending			Read and review the complete scope.
file	src/plan/dawn_plan_types.zig	pending			Read and review the complete scope.
file	src/plan/doe_plan_executor.zig	pending			Read and review the complete scope.
file	src/plan/mod.zig	pending			Read and review the complete scope.
file	src/plan/plan_validation.zig	pending			Read and review the complete scope.
file	src/plan/synthetic_assets.zig	pending			Read and review the complete scope.
file	src/plan/webgpu_plan_executor.zig	pending			Read and review the complete scope.
file	src/plan/webgpu_plan_executor_cli.zig	pending			Read and review the complete scope.
file	src/plan/webgpu_plan_executor_config.zig	pending			Read and review the complete scope.
file	src/plan/webgpu_plan_executor_core.zig	pending			Read and review the complete scope.
file	src/plan/webgpu_plan_executor_emit.zig	pending			Read and review the complete scope.
file	src/plan/webgpu_plan_executor_support.zig	pending			Read and review the complete scope.
file	src/quirk/mod.zig	pending			Read and review the complete scope.
file	src/quirk/quirk_actions.zig	pending			Read and review the complete scope.
file	src/quirk/quirk_json.zig	pending			Read and review the complete scope.
file	src/quirk/runtime.zig	pending			Read and review the complete scope.
file	src/quirk/toggle_registry.zig	pending			Read and review the complete scope.
file	src/runtime/cache/pipeline_cache.zig	pending			Read and review the complete scope.
file	src/runtime/callback_dispatch.zig	pending			Read and review the complete scope.
file	src/runtime/device/multi_adapter.zig	pending			Read and review the complete scope.
file	src/runtime/diagnostics/error_scope.zig	pending			Read and review the complete scope.
file	src/runtime/env_flags.zig	pending			Read and review the complete scope.
file	src/runtime/execution.zig	pending			Read and review the complete scope.
file	src/runtime/execution_receipt.zig	pending			Read and review the complete scope.
file	src/runtime/mod.zig	pending			Read and review the complete scope.
file	src/runtime/numeric_stability/mod.zig	pending			Read and review the complete scope.
file	src/runtime/numeric_stability/policy.zig	pending			Read and review the complete scope.
file	src/runtime/numeric_stability/runtime.zig	pending			Read and review the complete scope.
file	src/runtime/numeric_stability/runtime_decode.zig	pending			Read and review the complete scope.
file	src/runtime/numeric_stability/runtime_eval.zig	pending			Read and review the complete scope.
file	src/runtime/numeric_stability/runtime_plan.zig	pending			Read and review the complete scope.
file	src/runtime/numeric_stability/service/numeric_stability.zig	pending			Read and review the complete scope.
file	src/runtime/numeric_stability/service/numeric_stability_eval.zig	pending			Read and review the complete scope.
file	src/runtime/numeric_stability/service/numeric_stability_io.zig	pending			Read and review the complete scope.
file	src/runtime/numeric_stability/service/numeric_stability_types.zig	pending			Read and review the complete scope.
file	src/runtime/numeric_stability/trace_meta.zig	pending			Read and review the complete scope.
file	src/runtime/output_oracle.zig	pending			Read and review the complete scope.
file	src/runtime/pipeline_singleflight.zig	pending			Read and review the complete scope.
file	src/runtime/process_roots.zig	pending			Read and review the complete scope.
file	src/runtime/queue/gpu_timeline.zig	pending			Read and review the complete scope.
file	src/runtime/queue/multi_queue.zig	pending			Read and review the complete scope.
file	src/runtime/render/render_bundle.zig	pending			Read and review the complete scope.
file	src/runtime/security/wgpu_sandbox_guard.zig	pending			Read and review the complete scope.
file	src/runtime/simd/f32_ops.zig	pending			Read and review the complete scope.
file	src/runtime/task_pool.zig	pending			Read and review the complete scope.
file	src/runtime/trace/command_output.zig	pending			Read and review the complete scope.
file	src/runtime/trace/operator_artifacts.zig	pending			Read and review the complete scope.
file	src/runtime/trace/replay.zig	pending			Read and review the complete scope.
file	src/runtime/trace/trace.zig	pending			Read and review the complete scope.
file	src/runtime/trace/trace_determinism.zig	pending			Read and review the complete scope.
file	src/runtime/trace/trace_jsonl_emit.zig	pending			Read and review the complete scope.
file	src/runtime/trace/trace_text.zig	pending			Read and review the complete scope.
file	src/spatial/csl/csl_bundle_emitter.zig	pending			Read and review the complete scope.
file	src/spatial/csl/csl_dense_gemv_host_plan.zig	pending			Read and review the complete scope.
file	src/spatial/csl/csl_host_plan_bindings.zig	pending			Read and review the complete scope.
file	src/spatial/csl/csl_host_plan_materialize.zig	pending			Read and review the complete scope.
file	src/spatial/csl/csl_host_plan_tool.zig	pending			Read and review the complete scope.
file	src/spatial/csl/csl_host_plan_tool_config.zig	pending			Read and review the complete scope.
file	src/spatial/csl/csl_pe_program_metadata.zig	pending			Read and review the complete scope.
file	src/spatial/csl/csl_sim_runner.zig	pending			Read and review the complete scope.
file	src/tooling/tooling_io_context.zig	pending			Read and review the complete scope.
file	src/verification/lean_proof.zig	pending			Read and review the complete scope.
file	test_suite.zig	pending			Read and review the complete scope.
file	test_suite_core.zig	pending			Read and review the complete scope.
file	test_suite_d3d12.zig	pending			Read and review the complete scope.
file	test_suite_full.zig	pending			Read and review the complete scope.
file	test_suite_wgsl.zig	pending			Read and review the complete scope.
file	tests/backend/backend_identity_test.zig	pending			Read and review the complete scope.
file	tests/backend/backend_runtime_config_policy_test.zig	pending			Read and review the complete scope.
file	tests/backend/backend_runtime_policy_test.zig	pending			Read and review the complete scope.
file	tests/backend/backend_selection_policy_test.zig	pending			Read and review the complete scope.
file	tests/backend/backend_telemetry_test.zig	pending			Read and review the complete scope.
file	tests/backend/backend_vulkan_doe_app_lane_policy_test.zig	pending			Read and review the complete scope.
file	tests/backend/common_artifact_meta_test.zig	pending			Read and review the complete scope.
file	tests/backend/common_capabilities_test.zig	pending			Read and review the complete scope.
file	tests/backend/common_command_info_test.zig	pending			Read and review the complete scope.
file	tests/backend/common_errors_test.zig	pending			Read and review the complete scope.
file	tests/backend/common_timing_test.zig	pending			Read and review the complete scope.
file	tests/backend/d3d12_descriptors_formats_test.zig	pending			Read and review the complete scope.
file	tests/backend/metal_pipeline_cache_test.zig	pending			Read and review the complete scope.
file	tests/backend/vulkan_upload_test.zig	pending			Read and review the complete scope.
file	tests/core/capability_runtime_test.zig	pending			Read and review the complete scope.
file	tests/core/command_json_test.zig	pending			Read and review the complete scope.
file	tests/core/command_scope_test.zig	pending			Read and review the complete scope.
file	tests/core/dispatch_preconditions_test.zig	pending			Read and review the complete scope.
file	tests/core/doe_shader_native_test.zig	pending			Read and review the complete scope.
file	tests/core/error_scope_test.zig	pending			Read and review the complete scope.
file	tests/core/execution_test.zig	pending			Read and review the complete scope.
file	tests/core/gpu_timeline_test.zig	pending			Read and review the complete scope.
file	tests/core/handle_safety_test.zig	pending			Read and review the complete scope.
file	tests/core/hexagonal_architecture_test.zig	pending			Read and review the complete scope.
file	tests/core/hexagonal_composition_test.zig	pending			Read and review the complete scope.
file	tests/core/hlsl_subsystem_test.zig	pending			Read and review the complete scope.
file	tests/core/lean_proof_application_test.zig	pending			Read and review the complete scope.
file	tests/core/lean_proof_test.zig	pending			Read and review the complete scope.
file	tests/core/model_test.zig	pending			Read and review the complete scope.
file	tests/core/msl_subsystem_test.zig	pending			Read and review the complete scope.
file	tests/core/multi_adapter_test.zig	pending			Read and review the complete scope.
file	tests/core/multi_queue_test.zig	pending			Read and review the complete scope.
file	tests/core/native_api_core_test.zig	pending			Read and review the complete scope.
file	tests/core/native_shader_render_test.zig	pending			Read and review the complete scope.
file	tests/core/pipeline_cache_test.zig	pending			Read and review the complete scope.
file	tests/core/precompiled_shader_test.zig	pending			Read and review the complete scope.
file	tests/core/proof_matching_test.zig	pending			Read and review the complete scope.
file	tests/core/quirk_registry_build_test.zig	pending			Read and review the complete scope.
file	tests/core/remaining_modules_test.zig	pending			Read and review the complete scope.
file	tests/core/render_bundle_test.zig	pending			Read and review the complete scope.
file	tests/core/runtime_integration_test.zig	pending			Read and review the complete scope.
file	tests/core/spirv_subsystem_test.zig	pending			Read and review the complete scope.
file	tests/core/surface_test.zig	pending			Read and review the complete scope.
file	tests/core/trace_test.zig	pending			Read and review the complete scope.
file	tests/core/webgpu_ffi_test.zig	pending			Read and review the complete scope.
file	tests/core/webgpu_generated_abi_test.zig	pending			Read and review the complete scope.
file	tests/core/wgpu_resources_test.zig	pending			Read and review the complete scope.
file	tests/core/wgsl_cross_backend_test.zig	pending			Read and review the complete scope.
file	tests/core/wgsl_parser_ir_test.zig	pending			Read and review the complete scope.
file	tests/d3d12/d3d12_mod_integration_test.zig	pending			Read and review the complete scope.
file	tests/d3d12/d3d12_mod_test_support.zig	pending			Read and review the complete scope.
file	tests/d3d12/d3d12_native_unit_test.zig	pending			Read and review the complete scope.
file	tests/d3d12/d3d12_timing_semantics_test.zig	pending			Read and review the complete scope.
file	tests/dropin/dropin_behavior_policy_test.zig	pending			Read and review the complete scope.
file	tests/dropin/dropin_loader_test.zig	pending			Read and review the complete scope.
file	tests/dropin/dropin_proc_manifest_test.zig	pending			Read and review the complete scope.
file	tests/dropin/dropin_router_test.zig	pending			Read and review the complete scope.
file	tests/dropin/dropin_symbol_ownership_test.zig	pending			Read and review the complete scope.
file	tests/full/command_scope_test.zig	pending			Read and review the complete scope.
file	tests/full/surface_api_test.zig	pending			Read and review the complete scope.
file	tests/metal/metal_library_cache_test.zig	pending			Read and review the complete scope.
file	tests/metal/metal_mod_integration_test.zig	pending			Read and review the complete scope.
file	tests/metal/metal_native_unit_test.zig	pending			Read and review the complete scope.
file	tests/metal/metal_render_state_test.zig	pending			Read and review the complete scope.
file	tests/metal/metal_resources_test.zig	pending			Read and review the complete scope.
file	tests/metal/metal_timing_semantics_test.zig	pending			Read and review the complete scope.
file	tests/modules/module_promotions_test.zig	pending			Read and review the complete scope.
file	tests/support/provider_harness.zig	pending			Read and review the complete scope.
file	tests/vulkan/vulkan_mod_integration_test.zig	pending			Read and review the complete scope.
file	tests/vulkan/vulkan_mod_test_support.zig	pending			Read and review the complete scope.
file	tests/vulkan/vulkan_native_runtime_test.zig	pending			Read and review the complete scope.
file	tests/vulkan/vulkan_native_unit_test.zig	pending			Read and review the complete scope.
file	tests/vulkan/vulkan_render_pipeline_test.zig	pending			Read and review the complete scope.
file	tests/vulkan/vulkan_timing_semantics_test.zig	pending			Read and review the complete scope.
file	tests/wgsl/coverage_builtin_spec_test.zig	pending			Read and review the complete scope.
file	tests/wgsl/coverage_builtin_test.zig	pending			Read and review the complete scope.
file	tests/wgsl/coverage_expr_stmt_test.zig	pending			Read and review the complete scope.
file	tests/wgsl/coverage_resource_test.zig	pending			Read and review the complete scope.
file	tests/wgsl/coverage_stage_texture_test.zig	pending			Read and review the complete scope.
file	tests/wgsl/coverage_type_decl_test.zig	pending			Read and review the complete scope.
file	tests/wgsl/emit_csl_builtin_shim_test.zig	pending			Read and review the complete scope.
file	tests/wgsl/emit_csl_classify_reduction_test.zig	pending			Read and review the complete scope.
file	tests/wgsl/emit_csl_classify_test.zig	pending			Read and review the complete scope.
file	tests/wgsl/emit_csl_exec_v1_test.zig	pending			Read and review the complete scope.
file	tests/wgsl/emit_csl_ir_walk_loop_test.zig	pending			Read and review the complete scope.
file	tests/wgsl/emit_csl_matmul_q4k_test.zig	pending			Read and review the complete scope.
file	tests/wgsl/emit_csl_reduction_layout_test.zig	pending			Read and review the complete scope.
file	tests/wgsl/emit_dxil_test.zig	pending			Read and review the complete scope.
file	tests/wgsl/emit_hlsl_codegen_test.zig	pending			Read and review the complete scope.
file	tests/wgsl/emit_hlsl_map_test.zig	pending			Read and review the complete scope.
file	tests/wgsl/emit_hlsl_stage_test.zig	pending			Read and review the complete scope.
file	tests/wgsl/emit_spirv_builder_test.zig	pending			Read and review the complete scope.
file	tests/wgsl/emit_spirv_builtin_test.zig	pending			Read and review the complete scope.
file	tests/wgsl/emit_spirv_if_termination_test.zig	pending			Read and review the complete scope.
file	tests/wgsl/emit_spirv_mixed_binary_test.zig	pending			Read and review the complete scope.
file	tests/wgsl/emit_spirv_stage_test.zig	pending			Read and review the complete scope.
file	tests/wgsl/exec_v1_paired_gate_canary_test.zig	pending			Read and review the complete scope.
file	tests/wgsl/ir_transform_float_fusion_test.zig	pending			Read and review the complete scope.
file	tests/wgsl/ir_transform_robustness_guard_alias_test.zig	pending			Read and review the complete scope.
file	tests/wgsl/ir_transform_robustness_resource_test.zig	pending			Read and review the complete scope.
file	tests/wgsl/ir_transform_robustness_test.zig	pending			Read and review the complete scope.
file	tests/wgsl/ir_transform_robustness_test_support.zig	pending			Read and review the complete scope.
file	tests/wgsl/mod_api_proof_preconditions_test.zig	pending			Read and review the complete scope.
file	tests/wgsl/mod_api_stage_and_pointer_test.zig	pending			Read and review the complete scope.
file	tests/wgsl/mod_api_test.zig	pending			Read and review the complete scope.
file	tests/wgsl/mod_api_test_support.zig	pending			Read and review the complete scope.
file	tests/wgsl/mod_api_translation_basics_test.zig	pending			Read and review the complete scope.
file	tests/wgsl/mod_backend_translation_test.zig	pending			Read and review the complete scope.
file	tests/wgsl/mod_bounds_local_test.zig	pending			Read and review the complete scope.
file	tests/wgsl/mod_bounds_loop_test.zig	pending			Read and review the complete scope.
file	tests/wgsl/mod_bounds_tiled_test.zig	pending			Read and review the complete scope.
file	tests/wgsl/mod_cslc_validate_test.zig	pending			Read and review the complete scope.
file	tests/wgsl/mod_dxil_test.zig	pending			Read and review the complete scope.
file	tests/wgsl/mod_error_contract_test.zig	pending			Read and review the complete scope.
file	tests/wgsl/mod_feature_translation_test.zig	pending			Read and review the complete scope.
file	tests/wgsl/mod_override_test.zig	pending			Read and review the complete scope.
file	tests/wgsl/runtime_compile_test.zig	pending			Read and review the complete scope.
file	tests/wgsl/shader_emit_test.zig	pending			Read and review the complete scope.
file	tests/wgsl/shader_emit_test_support.zig	pending			Read and review the complete scope.
file	tests/wgsl/shader_sema_test.zig	pending			Read and review the complete scope.
file	tests/wgsl/translation_facade_test.zig	pending			Read and review the complete scope.
file	tests/wgsl/translation_test_support.zig	pending			Read and review the complete scope.
file	tests/wgsl/tsir_digest_test.zig	pending			Read and review the complete scope.
file	tests/wgsl/tsir_emit_backend_skeleton_test.zig	pending			Read and review the complete scope.
file	tests/wgsl/tsir_emit_csl_test.zig	pending			Read and review the complete scope.
file	tests/wgsl/tsir_emit_kernel_body_test.zig	pending			Read and review the complete scope.
file	tests/wgsl/tsir_emit_webgpu_test.zig	pending			Read and review the complete scope.
file	tests/wgsl/tsir_frontend_test.zig	pending			Read and review the complete scope.
file	tests/wgsl/tsir_pipeline_test.zig	pending			Read and review the complete scope.
file	tests/wgsl/tsir_planner_test.zig	pending			Read and review the complete scope.
file	tests/wgsl/tsir_reference_interpreter_test.zig	pending			Read and review the complete scope.
file	tests/wgsl/tsir_scaffold_test.zig	pending			Read and review the complete scope.
file	tools/source_ast_inventory.zig	pending			Read and review the complete scope.
directory	.	pending		file:build.zig;file:test_suite.zig;file:test_suite_core.zig;file:test_suite_d3d12.zig;file:test_suite_full.zig;file:test_suite_wgsl.zig	Read and review the complete scope.
directory	bench	pending			Read and review the complete scope.
directory	bench/compiler	pending		file:bench/compiler/bench.zig;file:bench/compiler/bench_compilation.zig	Read and review the complete scope.
directory	bench/entrypoints	pending		file:bench/entrypoints/metal_compute_bench.zig;file:bench/entrypoints/metal_staged_write_bench.zig;file:bench/entrypoints/runtime_compile_report.zig	Read and review the complete scope.
directory	bench/host_hotpath	pending		file:bench/host_hotpath/host_hotpath_bench.zig;file:bench/host_hotpath/host_hotpath_bench_cases.zig;file:bench/host_hotpath/host_hotpath_bench_lexer.zig;file:bench/host_hotpath/host_hotpath_bench_support.zig	Read and review the complete scope.
directory	src	pending		file:src/mod.zig	Read and review the complete scope.
directory	src/app	pending		file:src/app/mod.zig;file:src/app/prepare.zig;file:src/app/request.zig;file:src/app/runner.zig	Read and review the complete scope.
directory	src/backend	pending		file:src/backend/backend_policy.zig;file:src/backend/backend_telemetry.zig;file:src/backend/dawn_delegate_backend.zig;file:src/backend/dropin_capabilities.zig;file:src/backend/dropin_external_texture.zig;file:src/backend/dropin_lifecycle.zig;file:src/backend/dropin_pipeline_cache.zig;file:src/backend/dropin_queue_submit.zig;file:src/backend/dropin_render_state.zig;file:src/backend/dropin_resource_ops.zig;file:src/backend/dropin_surface_ops.zig;file:src/backend/metal_package_pipeline_cache.zig;file:src/backend/webgpu_backend.zig;file:src/backend/webgpu_backend_lifecycle.zig;file:src/backend/webgpu_backend_ops.zig;file:src/backend/webgpu_backend_support.zig;file:src/backend/webgpu_backend_types.zig	Read and review the complete scope.
directory	src/backend/common	pending		file:src/backend/common/artifact_policy.zig;file:src/backend/common/artifact_state.zig;file:src/backend/common/path_utils.zig;file:src/backend/common/shader_artifact_manifest.zig;file:src/backend/common/submit_count_policy.zig;file:src/backend/common/timing.zig	Read and review the complete scope.
directory	src/backend/d3d12	pending		file:src/backend/d3d12/artifact_emit.zig;file:src/backend/d3d12/d3d12_bridge_decls.zig;file:src/backend/d3d12/d3d12_constants.zig;file:src/backend/d3d12/d3d12_descriptors.zig;file:src/backend/d3d12/d3d12_device_caps.zig;file:src/backend/d3d12/d3d12_formats.zig;file:src/backend/d3d12/d3d12_native_runtime.zig;file:src/backend/d3d12/d3d12_query_set.zig;file:src/backend/d3d12/d3d12_runtime_compute.zig;file:src/backend/d3d12/d3d12_runtime_upload.zig;file:src/backend/d3d12/mod.zig	Read and review the complete scope.
directory	src/backend/d3d12/commands	pending		file:src/backend/d3d12/commands/d3d12_async_diagnostics.zig;file:src/backend/d3d12/commands/d3d12_dispatch.zig;file:src/backend/d3d12/commands/d3d12_gpu_timestamps.zig;file:src/backend/d3d12/commands/d3d12_map_async.zig;file:src/backend/d3d12/commands/d3d12_native_render_pass.zig;file:src/backend/d3d12/commands/d3d12_render.zig;file:src/backend/d3d12/commands/d3d12_render_bind_groups.zig;file:src/backend/d3d12/commands/d3d12_render_vertex.zig;file:src/backend/d3d12/commands/d3d12_streaming_copy.zig	Read and review the complete scope.
directory	src/backend/d3d12/resources	pending		file:src/backend/d3d12/resources/d3d12_depth_stencil.zig;file:src/backend/d3d12/resources/d3d12_sampler.zig;file:src/backend/d3d12/resources/d3d12_texture.zig;file:src/backend/d3d12/resources/d3d12_texture_view.zig	Read and review the complete scope.
directory	src/backend/d3d12/surface	pending		file:src/backend/d3d12/surface/d3d12_surface.zig	Read and review the complete scope.
directory	src/backend/metal	pending		file:src/backend/metal/artifact_emit.zig;file:src/backend/metal/backend_execute.zig;file:src/backend/metal/metal_async_runtime.zig;file:src/backend/metal/metal_bridge_decls.zig;file:src/backend/metal/metal_buffer_pool.zig;file:src/backend/metal/metal_cleanup.zig;file:src/backend/metal/metal_copy_runtime.zig;file:src/backend/metal/metal_deferred_release.zig;file:src/backend/metal/metal_dispatch_runtime.zig;file:src/backend/metal/metal_external_texture.zig;file:src/backend/metal/metal_gpu_timestamps.zig;file:src/backend/metal/metal_kernel_dispatch.zig;file:src/backend/metal/metal_native_runtime.zig;file:src/backend/metal/metal_pipeline_cache.zig;file:src/backend/metal/metal_render_state_bridge_decls.zig;file:src/backend/metal/metal_resource_commands.zig;file:src/backend/metal/metal_runtime_limits.zig;file:src/backend/metal/metal_runtime_queue_ops.zig;file:src/backend/metal/metal_runtime_render_ops.zig;file:src/backend/metal/metal_runtime_resources.zig;file:src/backend/metal/metal_surface_runtime.zig;file:src/backend/metal/metal_upload.zig;file:src/backend/metal/mod.zig;file:src/backend/metal/render_state.zig	Read and review the complete scope.
directory	src/backend/ports	pending		file:src/backend/ports/capture.zig;file:src/backend/ports/compute.zig;file:src/backend/ports/factory.zig;file:src/backend/ports/lifecycle.zig;file:src/backend/ports/mod.zig;file:src/backend/ports/provider_adapter.zig;file:src/backend/ports/queue.zig;file:src/backend/ports/readback.zig;file:src/backend/ports/render.zig;file:src/backend/ports/resource.zig;file:src/backend/ports/spatial.zig;file:src/backend/ports/surface.zig;file:src/backend/ports/telemetry.zig;file:src/backend/ports/transfer.zig	Read and review the complete scope.
directory	src/backend/vulkan	pending		file:src/backend/vulkan/artifact_emit.zig;file:src/backend/vulkan/backend_execute.zig;file:src/backend/vulkan/mod.zig;file:src/backend/vulkan/native_runtime.zig;file:src/backend/vulkan/vk_adapter_probe.zig;file:src/backend/vulkan/vk_async_dispatch.zig;file:src/backend/vulkan/vk_async_probes.zig;file:src/backend/vulkan/vk_capability_structs.zig;file:src/backend/vulkan/vk_command_buffers.zig;file:src/backend/vulkan/vk_compute_program.zig;file:src/backend/vulkan/vk_compute_sync.zig;file:src/backend/vulkan/vk_constants.zig;file:src/backend/vulkan/vk_descriptor_identity.zig;file:src/backend/vulkan/vk_descriptors.zig;file:src/backend/vulkan/vk_device.zig;file:src/backend/vulkan/vk_device_caps.zig;file:src/backend/vulkan/vk_dispatch_indirect.zig;file:src/backend/vulkan/vk_dispatch_repeat.zig;file:src/backend/vulkan/vk_feature_caps.zig;file:src/backend/vulkan/vk_feature_probe.zig;file:src/backend/vulkan/vk_formats.zig;file:src/backend/vulkan/vk_functions.zig;file:src/backend/vulkan/vk_memory_policy.zig;file:src/backend/vulkan/vk_metrics.zig;file:src/backend/vulkan/vk_pipeline.zig;file:src/backend/vulkan/vk_pipeline_cache.zig;file:src/backend/vulkan/vk_pipeline_cache_persistent.zig;file:src/backend/vulkan/vk_render.zig;file:src/backend/vulkan/vk_render_pipeline.zig;file:src/backend/vulkan/vk_resources.zig;file:src/backend/vulkan/vk_runtime_probe_ops.zig;file:src/backend/vulkan/vk_runtime_surface_ops.zig;file:src/backend/vulkan/vk_samplers.zig;file:src/backend/vulkan/vk_shader_source.zig;file:src/backend/vulkan/vk_shared_pipeline.zig;file:src/backend/vulkan/vk_spirv_inspect.zig;file:src/backend/vulkan/vk_structs.zig;file:src/backend/vulkan/vk_sync.zig;file:src/backend/vulkan/vk_texture_commands.zig;file:src/backend/vulkan/vk_timestamp.zig;file:src/backend/vulkan/vk_upload.zig;file:src/backend/vulkan/vulkan_errors.zig;file:src/backend/vulkan/vulkan_surface.zig;file:src/backend/vulkan/vulkan_timing.zig;file:src/backend/vulkan/vulkan_types.zig	Read and review the complete scope.
directory	src/cli	pending		file:src/cli/doe_plan_executor_cli.zig;file:src/cli/module_runner_cli.zig;file:src/cli/runtime_cli.zig;file:src/cli/runtime_cli_args.zig;file:src/cli/runtime_cli_artifacts.zig;file:src/cli/runtime_cli_inputs.zig;file:src/cli/runtime_cli_samples.zig	Read and review the complete scope.
directory	src/cli/entrypoints	pending		file:src/cli/entrypoints/main.zig;file:src/cli/entrypoints/main_doe_plan_executor.zig;file:src/cli/entrypoints/main_emit_csl.zig;file:src/cli/entrypoints/main_emit_dxil.zig;file:src/cli/entrypoints/main_emit_hlsl.zig;file:src/cli/entrypoints/main_emit_ir_digest.zig;file:src/cli/entrypoints/main_emit_msl.zig;file:src/cli/entrypoints/main_emit_spirv.zig;file:src/cli/entrypoints/main_emit_tsir_attention_canary.zig;file:src/cli/entrypoints/main_usage.zig;file:src/cli/entrypoints/main_webgpu_plan_executor.zig;file:src/cli/entrypoints/module_runner.zig	Read and review the complete scope.
directory	src/command	pending		file:src/command/command_json.zig;file:src/command/command_json_extra.zig;file:src/command/command_json_raw.zig;file:src/command/command_kind.zig;file:src/command/command_parse_copy.zig;file:src/command/command_parse_dispatch.zig;file:src/command/command_parse_helpers.zig;file:src/command/command_parse_render.zig;file:src/command/command_stream.zig	Read and review the complete scope.
directory	src/compat	pending		file:src/compat/webgpu_ffi.zig	Read and review the complete scope.
directory	src/compiler	pending		file:src/compiler/mod.zig	Read and review the complete scope.
directory	src/compiler/targets	pending		file:src/compiler/targets/mod.zig;file:src/compiler/targets/msl.zig;file:src/compiler/targets/spir_v.zig;file:src/compiler/targets/types.zig;file:src/compiler/targets/webgpu_generic.zig;file:src/compiler/targets/wse3.zig	Read and review the complete scope.
directory	src/compiler/tsir	pending		file:src/compiler/tsir/collective_synthesis.zig;file:src/compiler/tsir/digest.zig;file:src/compiler/tsir/emit_csl.zig;file:src/compiler/tsir/emit_csl_f16_pack.zig;file:src/compiler/tsir/emit_dtype_routing.zig;file:src/compiler/tsir/emit_dxil.zig;file:src/compiler/tsir/emit_kernel_body.zig;file:src/compiler/tsir/emit_kernel_body_attention.zig;file:src/compiler/tsir/emit_kernel_body_conv1d.zig;file:src/compiler/tsir/emit_kernel_body_gated.zig;file:src/compiler/tsir/emit_kernel_body_kv.zig;file:src/compiler/tsir/emit_kernel_body_l2_normalize.zig;file:src/compiler/tsir/emit_kernel_body_linear_attention.zig;file:src/compiler/tsir/emit_kernel_context.zig;file:src/compiler/tsir/emit_msl.zig;file:src/compiler/tsir/emit_semantic_metadata.zig;file:src/compiler/tsir/emit_spir_v.zig;file:src/compiler/tsir/emit_text_skeleton.zig;file:src/compiler/tsir/emit_webgpu.zig;file:src/compiler/tsir/family_hint.zig;file:src/compiler/tsir/frontend.zig;file:src/compiler/tsir/frontend_body.zig;file:src/compiler/tsir/frontend_collectives.zig;file:src/compiler/tsir/frontend_expr.zig;file:src/compiler/tsir/frontend_rejections.zig;file:src/compiler/tsir/frontend_types.zig;file:src/compiler/tsir/mod.zig;file:src/compiler/tsir/planner.zig;file:src/compiler/tsir/planner_support.zig;file:src/compiler/tsir/reference_extended_ops.zig;file:src/compiler/tsir/reference_inputs.zig;file:src/compiler/tsir/reference_interpreter.zig;file:src/compiler/tsir/reference_reduction.zig;file:src/compiler/tsir/reference_scalar.zig;file:src/compiler/tsir/reference_types.zig;file:src/compiler/tsir/schema.zig	Read and review the complete scope.
directory	src/compiler/tsir/tools	pending		file:src/compiler/tsir/tools/tsir_bootstrap_manifest_inputs.zig;file:src/compiler/tsir/tools/tsir_bootstrap_oracle.zig	Read and review the complete scope.
directory	src/compiler/wgsl	pending		file:src/compiler/wgsl/mod.zig	Read and review the complete scope.
directory	src/compiler/wgsl/emit	pending		file:src/compiler/wgsl/emit/operator_text.zig;file:src/compiler/wgsl/emit/toolchain.zig	Read and review the complete scope.
directory	src/compiler/wgsl/emit/csl	pending		file:src/compiler/wgsl/emit/csl/csl_compile_sections.zig;file:src/compiler/wgsl/emit/csl/csl_spec.zig;file:src/compiler/wgsl/emit/csl/csl_storage_emit.zig;file:src/compiler/wgsl/emit/csl/csl_text_buffer.zig;file:src/compiler/wgsl/emit/csl/emit_csl.zig;file:src/compiler/wgsl/emit/csl/emit_csl_attention.zig;file:src/compiler/wgsl/emit/csl/emit_csl_classify.zig;file:src/compiler/wgsl/emit/csl/emit_csl_core.zig;file:src/compiler/wgsl/emit/csl/emit_csl_dense_gemv.zig;file:src/compiler/wgsl/emit/csl/emit_csl_dequant.zig;file:src/compiler/wgsl/emit/csl/emit_csl_elementwise.zig;file:src/compiler/wgsl/emit/csl/emit_csl_exec_v1.zig;file:src/compiler/wgsl/emit/csl/emit_csl_fused.zig;file:src/compiler/wgsl/emit/csl/emit_csl_fused_ffn.zig;file:src/compiler/wgsl/emit/csl/emit_csl_gather.zig;file:src/compiler/wgsl/emit/csl/emit_csl_host.zig;file:src/compiler/wgsl/emit/csl/emit_csl_host_compile_rewrite.zig;file:src/compiler/wgsl/emit/csl/emit_csl_host_compile_source.zig;file:src/compiler/wgsl/emit/csl/emit_csl_host_plan.zig;file:src/compiler/wgsl/emit/csl/emit_csl_host_runtime.zig;file:src/compiler/wgsl/emit/csl/emit_csl_ir_walk.zig;file:src/compiler/wgsl/emit/csl/emit_csl_kv_cache.zig;file:src/compiler/wgsl/emit/csl/emit_csl_layout.zig;file:src/compiler/wgsl/emit/csl/emit_csl_linear_attn.zig;file:src/compiler/wgsl/emit/csl/emit_csl_maps.zig;file:src/compiler/wgsl/emit/csl/emit_csl_matmul.zig;file:src/compiler/wgsl/emit/csl/emit_csl_matmul_q4k.zig;file:src/compiler/wgsl/emit/csl/emit_csl_mem_plan.zig;file:src/compiler/wgsl/emit/csl/emit_csl_reduce_dist.zig;file:src/compiler/wgsl/emit/csl/emit_csl_reduction.zig;file:src/compiler/wgsl/emit/csl/emit_csl_rmsnorm_pack.zig;file:src/compiler/wgsl/emit/csl/emit_csl_rope.zig;file:src/compiler/wgsl/emit/csl/emit_csl_sample.zig;file:src/compiler/wgsl/emit/csl/emit_csl_semantic_ops.zig;file:src/compiler/wgsl/emit/csl/emit_csl_simulator.zig;file:src/compiler/wgsl/emit/csl/emit_csl_toolchain.zig;file:src/compiler/wgsl/emit/csl/emit_csl_validate.zig	Read and review the complete scope.
directory	src/compiler/wgsl/emit/dxil	pending		file:src/compiler/wgsl/emit/dxil/dxil_bitcode.zig;file:src/compiler/wgsl/emit/dxil/dxil_builder.zig;file:src/compiler/wgsl/emit/dxil/dxil_container.zig;file:src/compiler/wgsl/emit/dxil/dxil_serialize.zig;file:src/compiler/wgsl/emit/dxil/dxil_spec.zig;file:src/compiler/wgsl/emit/dxil/dxil_validate.zig;file:src/compiler/wgsl/emit/dxil/emit_dxil.zig;file:src/compiler/wgsl/emit/dxil/emit_dxil_native.zig	Read and review the complete scope.
directory	src/compiler/wgsl/emit/hlsl	pending		file:src/compiler/wgsl/emit/hlsl/emit_hlsl.zig;file:src/compiler/wgsl/emit/hlsl/emit_hlsl_builtins.zig;file:src/compiler/wgsl/emit/hlsl/emit_hlsl_maps.zig;file:src/compiler/wgsl/emit/hlsl/emit_hlsl_stage.zig;file:src/compiler/wgsl/emit/hlsl/emit_hlsl_texture.zig	Read and review the complete scope.
directory	src/compiler/wgsl/emit/msl	pending		file:src/compiler/wgsl/emit/msl/emit_msl.zig;file:src/compiler/wgsl/emit/msl/emit_msl_fragment.zig;file:src/compiler/wgsl/emit/msl/emit_msl_ir.zig;file:src/compiler/wgsl/emit/msl/emit_msl_ir_builtins.zig;file:src/compiler/wgsl/emit/msl/emit_msl_maps.zig;file:src/compiler/wgsl/emit/msl/emit_msl_shared.zig;file:src/compiler/wgsl/emit/msl/emit_msl_stage.zig;file:src/compiler/wgsl/emit/msl/emit_msl_subgroups.zig;file:src/compiler/wgsl/emit/msl/emit_msl_texture.zig;file:src/compiler/wgsl/emit/msl/emit_msl_vertex.zig;file:src/compiler/wgsl/emit/msl/emit_msl_workgroup_zero.zig	Read and review the complete scope.
directory	src/compiler/wgsl/emit/spirv	pending		file:src/compiler/wgsl/emit/spirv/emit_spirv.zig;file:src/compiler/wgsl/emit/spirv/emit_spirv_builtins.zig;file:src/compiler/wgsl/emit/spirv/emit_spirv_fn.zig;file:src/compiler/wgsl/emit/spirv/emit_spirv_fn_helpers.zig;file:src/compiler/wgsl/emit/spirv/emit_spirv_matrix.zig;file:src/compiler/wgsl/emit/spirv/emit_spirv_shared.zig;file:src/compiler/wgsl/emit/spirv/emit_spirv_stages.zig;file:src/compiler/wgsl/emit/spirv/emit_spirv_texture.zig;file:src/compiler/wgsl/emit/spirv/spirv_builder.zig;file:src/compiler/wgsl/emit/spirv/spirv_spec.zig	Read and review the complete scope.
directory	src/compiler/wgsl/frontend	pending		file:src/compiler/wgsl/frontend/ast.zig;file:src/compiler/wgsl/frontend/lexer.zig;file:src/compiler/wgsl/frontend/parser.zig;file:src/compiler/wgsl/frontend/parser_attrs.zig;file:src/compiler/wgsl/frontend/parser_decl.zig;file:src/compiler/wgsl/frontend/parser_expr.zig;file:src/compiler/wgsl/frontend/parser_stmt.zig;file:src/compiler/wgsl/frontend/sema.zig;file:src/compiler/wgsl/frontend/sema_attrs.zig;file:src/compiler/wgsl/frontend/sema_expr.zig;file:src/compiler/wgsl/frontend/sema_helpers.zig;file:src/compiler/wgsl/frontend/sema_resolve.zig;file:src/compiler/wgsl/frontend/sema_type_syntax.zig;file:src/compiler/wgsl/frontend/sema_types.zig;file:src/compiler/wgsl/frontend/sema_typeutils.zig;file:src/compiler/wgsl/frontend/token.zig	Read and review the complete scope.
directory	src/compiler/wgsl/ir	pending		file:src/compiler/wgsl/ir/ir.zig;file:src/compiler/wgsl/ir/ir_builder.zig;file:src/compiler/wgsl/ir/ir_const_eval.zig;file:src/compiler/wgsl/ir/ir_digest.zig;file:src/compiler/wgsl/ir/ir_opt_rewrite.zig;file:src/compiler/wgsl/ir/ir_query.zig;file:src/compiler/wgsl/ir/ir_transform_float_fusion.zig;file:src/compiler/wgsl/ir/ir_transform_robustness.zig;file:src/compiler/wgsl/ir/ir_validate.zig;file:src/compiler/wgsl/ir/layout_utils.zig	Read and review the complete scope.
directory	src/compiler/wgsl/pipeline	pending		file:src/compiler/wgsl/pipeline/analysis.zig;file:src/compiler/wgsl/pipeline/binding_reflection.zig;file:src/compiler/wgsl/pipeline/diagnostic.zig;file:src/compiler/wgsl/pipeline/overrides.zig;file:src/compiler/wgsl/pipeline/translate_csl.zig;file:src/compiler/wgsl/pipeline/translate_dxil.zig;file:src/compiler/wgsl/pipeline/translate_hlsl.zig;file:src/compiler/wgsl/pipeline/translate_msl.zig;file:src/compiler/wgsl/pipeline/translate_spirv.zig	Read and review the complete scope.
directory	src/compiler/wgsl/proof	pending		file:src/compiler/wgsl/proof/dispatch_proof_loop_match.zig;file:src/compiler/wgsl/proof/dispatch_proof_match.zig;file:src/compiler/wgsl/proof/dispatch_uniform_bounds.zig;file:src/compiler/wgsl/proof/robustness_static_bounds.zig	Read and review the complete scope.
directory	src/compiler/wgsl/runtime	pending		file:src/compiler/wgsl/runtime/runtime_compile.zig;file:src/compiler/wgsl/runtime/runtime_compile_report.zig;file:src/compiler/wgsl/runtime/runtime_compute_translation.zig;file:src/compiler/wgsl/runtime/runtime_graphics_translation.zig;file:src/compiler/wgsl/runtime/runtime_translation_info.zig;file:src/compiler/wgsl/runtime/shader_info.zig	Read and review the complete scope.
directory	src/composition	pending		file:src/composition/backend_factory.zig;file:src/composition/execution_session.zig;file:src/composition/mod.zig	Read and review the complete scope.
directory	src/contracts	pending		file:src/contracts/artifact.zig;file:src/contracts/backend.zig;file:src/contracts/binding.zig;file:src/contracts/capability.zig;file:src/contracts/command.zig;file:src/contracts/command_metadata.zig;file:src/contracts/command_recording.zig;file:src/contracts/command_storage.zig;file:src/contracts/compute.zig;file:src/contracts/error.zig;file:src/contracts/evidence.zig;file:src/contracts/evidence_observer.zig;file:src/contracts/exactness.zig;file:src/contracts/execution.zig;file:src/contracts/execution_report.zig;file:src/contracts/identity.zig;file:src/contracts/mod.zig;file:src/contracts/ownership.zig;file:src/contracts/prepared_operation.zig;file:src/contracts/promotion_receipt.zig;file:src/contracts/render_command.zig;file:src/contracts/resource_lease.zig;file:src/contracts/runtime_configuration.zig;file:src/contracts/runtime_telemetry.zig;file:src/contracts/runtime_types.zig;file:src/contracts/semantic.zig;file:src/contracts/spatial_operation.zig;file:src/contracts/specialization_policy.zig;file:src/contracts/texture.zig;file:src/contracts/texture_copy.zig;file:src/contracts/texture_format.zig;file:src/contracts/texture_format_layout.zig;file:src/contracts/vertex_format.zig;file:src/contracts/workload_profile.zig	Read and review the complete scope.
directory	src/contracts/model	pending		file:src/contracts/model/model_async_types.zig;file:src/contracts/model/model_binding_value_types.zig;file:src/contracts/model/model_compute_types.zig;file:src/contracts/model/model_gpu_types.zig;file:src/contracts/model/model_policy.zig;file:src/contracts/model/model_profile.zig;file:src/contracts/model/model_quirks.zig;file:src/contracts/model/model_render_types.zig;file:src/contracts/model/model_resource_types.zig;file:src/contracts/model/model_surface_control_types.zig;file:src/contracts/model/model_texture_format_value_types.zig;file:src/contracts/model/model_texture_layout_value_types.zig;file:src/contracts/model/model_texture_types.zig;file:src/contracts/model/model_texture_value_types.zig	Read and review the complete scope.
directory	src/contracts/numeric_stability	pending		file:src/contracts/numeric_stability/annotation.zig	Read and review the complete scope.
directory	src/contracts/primitives	pending		file:src/contracts/primitives/byte_scan.zig	Read and review the complete scope.
directory	src/contracts/shader_abi	pending		file:src/contracts/shader_abi/dispatch_info.zig	Read and review the complete scope.
directory	src/core	pending		file:src/core/command_dispatch.zig;file:src/core/surface.zig	Read and review the complete scope.
directory	src/core/abi	pending		file:src/core/abi/wgpu_binding_base_types.zig;file:src/core/abi/wgpu_callback_descriptor_types.zig;file:src/core/abi/wgpu_copy_descriptor_types.zig;file:src/core/abi/wgpu_core_base_types.zig;file:src/core/abi/wgpu_execution_types.zig;file:src/core/abi/wgpu_feature_base_types.zig;file:src/core/abi/wgpu_handle_types.zig;file:src/core/abi/wgpu_loader.zig;file:src/core/abi/wgpu_pipeline_descriptor_types.zig;file:src/core/abi/wgpu_proc_types.zig;file:src/core/abi/wgpu_record_types.zig;file:src/core/abi/wgpu_runtime_abi.zig;file:src/core/abi/wgpu_runtime_records.zig;file:src/core/abi/wgpu_runtime_state_defs.zig;file:src/core/abi/wgpu_state_contract_types.zig;file:src/core/abi/wgpu_state_types.zig;file:src/core/abi/wgpu_texture_base_types.zig;file:src/core/abi/wgpu_type_callbacks.zig;file:src/core/abi/wgpu_type_proc_aliases.zig;file:src/core/abi/wgpu_type_records.zig	Read and review the complete scope.
directory	src/core/abi/generated	pending		file:src/core/abi/generated/webgpu_upstream.zig	Read and review the complete scope.
directory	src/core/abi/procs	pending		file:src/core/abi/procs/wgpu_async_procs.zig;file:src/core/abi/procs/wgpu_p0_procs.zig;file:src/core/abi/procs/wgpu_p1_capability_procs.zig;file:src/core/abi/procs/wgpu_p1_resource_table_procs.zig;file:src/core/abi/procs/wgpu_p2_lifecycle_procs.zig;file:src/core/abi/procs/wgpu_texture_procs.zig;file:src/core/abi/procs/wgpu_types_procs.zig	Read and review the complete scope.
directory	src/core/compute	pending		file:src/core/compute/dispatch_preconditions.zig;file:src/core/compute/wgpu_commands_compute.zig	Read and review the complete scope.
directory	src/core/queue	pending		file:src/core/queue/wgpu_ffi_capture.zig;file:src/core/queue/wgpu_ffi_sync.zig	Read and review the complete scope.
directory	src/core/resource	pending		file:src/core/resource/wgpu_commands_copy.zig;file:src/core/resource/wgpu_resource_normalizers.zig;file:src/core/resource/wgpu_resources.zig;file:src/core/resource/wgpu_texture_commands.zig	Read and review the complete scope.
directory	src/core/runtime	pending		file:src/core/runtime/wgpu_capability_runtime.zig	Read and review the complete scope.
directory	src/dropin	pending		file:src/dropin/dropin_abi_procs.zig;file:src/dropin/dropin_behavior_policy.zig;file:src/dropin/dropin_browser_shared_memory.zig;file:src/dropin/dropin_diagnostics.zig;file:src/dropin/dropin_proc_manifest.zig;file:src/dropin/dropin_router.zig;file:src/dropin/dropin_runtime_config.zig;file:src/dropin/dropin_symbol_ownership.zig;file:src/dropin/root.zig;file:src/dropin/wgpu_dropin_ext_a.zig;file:src/dropin/wgpu_dropin_ext_a_core.zig;file:src/dropin/wgpu_dropin_ext_a_exports.zig;file:src/dropin/wgpu_dropin_ext_a_pipeline.zig;file:src/dropin/wgpu_dropin_ext_b.zig;file:src/dropin/wgpu_dropin_ext_c.zig;file:src/dropin/wgpu_dropin_lib.zig	Read and review the complete scope.
directory	src/evidence	pending		file:src/evidence/mod.zig;file:src/evidence/oracle.zig;file:src/evidence/port.zig;file:src/evidence/receipt.zig;file:src/evidence/replay.zig;file:src/evidence/trace.zig	Read and review the complete scope.
directory	src/full	pending		file:src/full/command_dispatch.zig;file:src/full/surface_api.zig	Read and review the complete scope.
directory	src/full/command	pending		file:src/full/command/wgpu_commands.zig	Read and review the complete scope.
directory	src/full/lifecycle	pending		file:src/full/lifecycle/wgpu_async_diagnostics_command.zig;file:src/full/lifecycle/wgpu_async_pixel_local_storage.zig	Read and review the complete scope.
directory	src/full/modules	pending			Read and review the complete scope.
directory	src/full/modules/rendering	pending		file:src/full/modules/rendering/effects_pipeline.zig;file:src/full/modules/rendering/path_engine.zig;file:src/full/modules/rendering/sdf_renderer.zig	Read and review the complete scope.
directory	src/full/modules/services	pending		file:src/full/modules/services/compute_services.zig;file:src/full/modules/services/resource_scheduler.zig	Read and review the complete scope.
directory	src/full/render	pending		file:src/full/render/wgpu_pipeline_layout_pls.zig;file:src/full/render/wgpu_render_api.zig;file:src/full/render/wgpu_render_assets.zig;file:src/full/render/wgpu_render_commands.zig;file:src/full/render/wgpu_render_constants.zig;file:src/full/render/wgpu_render_draw_loops.zig;file:src/full/render/wgpu_render_indexing.zig;file:src/full/render/wgpu_render_p0.zig;file:src/full/render/wgpu_render_resources.zig;file:src/full/render/wgpu_render_temp_texture.zig;file:src/full/render/wgpu_render_types.zig;file:src/full/render/wgpu_sampler_commands.zig	Read and review the complete scope.
directory	src/full/surface	pending		file:src/full/surface/wgpu_ffi_surface.zig;file:src/full/surface/wgpu_surface_commands.zig;file:src/full/surface/wgpu_surface_macos.zig;file:src/full/surface/wgpu_surface_procs.zig	Read and review the complete scope.
directory	src/integrations	pending			Read and review the complete scope.
directory	src/integrations/onnxruntime	pending		file:src/integrations/onnxruntime/ort_ep_anchor.zig;file:src/integrations/onnxruntime/ort_ep_session_smoke_anchor.zig;file:src/integrations/onnxruntime/ort_ep_smoke_anchor.zig;file:src/integrations/onnxruntime/ort_incumbent_session_smoke_anchor.zig	Read and review the complete scope.
directory	src/native	pending		file:src/native/mod.zig	Read and review the complete scope.
directory	src/native/api	pending		file:src/native/api/doe_native_api_core_exports.zig;file:src/native/api/doe_native_api_misc_exports.zig;file:src/native/api/doe_native_api_render_exports.zig	Read and review the complete scope.
directory	src/native/cache	pending		file:src/native/cache/doe_cache_adapter_native.zig;file:src/native/cache/doe_metal_library_cache.zig;file:src/native/cache/doe_package_metal_pipeline_cache.zig	Read and review the complete scope.
directory	src/native/command	pending		file:src/native/command/doe_buffer_copy.zig;file:src/native/command/doe_buffer_texture_copy.zig;file:src/native/command/doe_command_recording.zig;file:src/native/command/doe_command_references.zig;file:src/native/command/doe_command_storage.zig;file:src/native/command/doe_encoder_native.zig;file:src/native/command/doe_immediates_external_native.zig	Read and review the complete scope.
directory	src/native/compute	pending		file:src/native/compute/doe_compute_bind_groups.zig;file:src/native/compute/doe_compute_ext_native.zig;file:src/native/compute/doe_compute_fast.zig;file:src/native/compute/doe_compute_fast_vulkan.zig;file:src/native/compute/doe_compute_preconditions_native.zig;file:src/native/compute/doe_compute_program_native.zig;file:src/native/compute/doe_compute_recorded.zig	Read and review the complete scope.
directory	src/native/diagnostics	pending		file:src/native/diagnostics/doe_error_scope_native.zig;file:src/native/diagnostics/doe_metal_browser_trace.zig;file:src/native/diagnostics/doe_program_identity_trace.zig	Read and review the complete scope.
directory	src/native/lifecycle	pending		file:src/native/lifecycle/doe_canvas_event_native.zig;file:src/native/lifecycle/doe_instance_device_native.zig	Read and review the complete scope.
directory	src/native/queue	pending		file:src/native/queue/doe_queue_copy_native.zig;file:src/native/queue/doe_queue_flush_breakdown.zig;file:src/native/queue/doe_queue_lifecycle.zig;file:src/native/queue/doe_queue_submit_d3d12.zig;file:src/native/queue/doe_queue_submit_metal.zig;file:src/native/queue/doe_queue_submit_native.zig;file:src/native/queue/doe_queue_submit_shared.zig;file:src/native/queue/doe_queue_submit_vulkan.zig;file:src/native/queue/doe_submission_validation.zig	Read and review the complete scope.
directory	src/native/render	pending		file:src/native/render/doe_bundle_native.zig;file:src/native/render/doe_render_native.zig;file:src/native/render/doe_render_pass_controls_native.zig;file:src/native/render/doe_render_pipeline_native.zig;file:src/native/render/doe_render_state_native.zig	Read and review the complete scope.
directory	src/native/resource	pending		file:src/native/resource/doe_bind_group_native.zig;file:src/native/resource/doe_buffer_ops_native.zig;file:src/native/resource/doe_command_texture_native.zig;file:src/native/resource/doe_external_texture_native.zig;file:src/native/resource/doe_query_native.zig;file:src/native/resource/doe_texture_sampler_native.zig;file:src/native/resource/doe_texture_validation.zig	Read and review the complete scope.
directory	src/native/shader	pending		file:src/native/shader/doe_shader_compilation_info_native.zig;file:src/native/shader/doe_shader_native.zig;file:src/native/shader/doe_shader_translation_cache.zig;file:src/native/shader/shader_binding_reflection.zig;file:src/native/shader/shader_diagnostic.zig	Read and review the complete scope.
directory	src/native/support	pending		file:src/native/support/doe_adapter_info_native.zig;file:src/native/support/doe_device_caps.zig;file:src/native/support/doe_future_ids.zig;file:src/native/support/doe_label_store.zig;file:src/native/support/doe_native_command_types.zig;file:src/native/support/doe_native_exports.zig;file:src/native/support/doe_native_object_helpers.zig;file:src/native/support/doe_native_object_types.zig;file:src/native/support/doe_native_runtime_helpers.zig;file:src/native/support/doe_native_shared_types.zig	Read and review the complete scope.
directory	src/native/surface	pending		file:src/native/surface/doe_surface_native.zig	Read and review the complete scope.
directory	src/native/vulkan	pending		file:src/native/vulkan/vulkan_compute_bindings.zig;file:src/native/vulkan/vulkan_compute_native.zig;file:src/native/vulkan/vulkan_feature_cache.zig;file:src/native/vulkan/vulkan_lifetime.zig;file:src/native/vulkan/vulkan_pipeline_hash.zig;file:src/native/vulkan/vulkan_render_native.zig;file:src/native/vulkan/vulkan_render_pass_native.zig;file:src/native/vulkan/vulkan_render_pipeline_native.zig;file:src/native/vulkan/vulkan_render_shared.zig;file:src/native/vulkan/vulkan_sampler_native.zig;file:src/native/vulkan/vulkan_texture_native.zig	Read and review the complete scope.
directory	src/plan	pending		file:src/plan/dawn_plan_types.zig;file:src/plan/doe_plan_executor.zig;file:src/plan/mod.zig;file:src/plan/plan_validation.zig;file:src/plan/synthetic_assets.zig;file:src/plan/webgpu_plan_executor.zig;file:src/plan/webgpu_plan_executor_cli.zig;file:src/plan/webgpu_plan_executor_config.zig;file:src/plan/webgpu_plan_executor_core.zig;file:src/plan/webgpu_plan_executor_emit.zig;file:src/plan/webgpu_plan_executor_support.zig	Read and review the complete scope.
directory	src/quirk	pending		file:src/quirk/mod.zig;file:src/quirk/quirk_actions.zig;file:src/quirk/quirk_json.zig;file:src/quirk/runtime.zig;file:src/quirk/toggle_registry.zig	Read and review the complete scope.
directory	src/runtime	pending		file:src/runtime/callback_dispatch.zig;file:src/runtime/env_flags.zig;file:src/runtime/execution.zig;file:src/runtime/execution_receipt.zig;file:src/runtime/mod.zig;file:src/runtime/output_oracle.zig;file:src/runtime/pipeline_singleflight.zig;file:src/runtime/process_roots.zig;file:src/runtime/task_pool.zig	Read and review the complete scope.
directory	src/runtime/cache	pending		file:src/runtime/cache/pipeline_cache.zig	Read and review the complete scope.
directory	src/runtime/device	pending		file:src/runtime/device/multi_adapter.zig	Read and review the complete scope.
directory	src/runtime/diagnostics	pending		file:src/runtime/diagnostics/error_scope.zig	Read and review the complete scope.
directory	src/runtime/numeric_stability	pending		file:src/runtime/numeric_stability/mod.zig;file:src/runtime/numeric_stability/policy.zig;file:src/runtime/numeric_stability/runtime.zig;file:src/runtime/numeric_stability/runtime_decode.zig;file:src/runtime/numeric_stability/runtime_eval.zig;file:src/runtime/numeric_stability/runtime_plan.zig;file:src/runtime/numeric_stability/trace_meta.zig	Read and review the complete scope.
directory	src/runtime/numeric_stability/service	pending		file:src/runtime/numeric_stability/service/numeric_stability.zig;file:src/runtime/numeric_stability/service/numeric_stability_eval.zig;file:src/runtime/numeric_stability/service/numeric_stability_io.zig;file:src/runtime/numeric_stability/service/numeric_stability_types.zig	Read and review the complete scope.
directory	src/runtime/queue	pending		file:src/runtime/queue/gpu_timeline.zig;file:src/runtime/queue/multi_queue.zig	Read and review the complete scope.
directory	src/runtime/render	pending		file:src/runtime/render/render_bundle.zig	Read and review the complete scope.
directory	src/runtime/security	pending		file:src/runtime/security/wgpu_sandbox_guard.zig	Read and review the complete scope.
directory	src/runtime/simd	pending		file:src/runtime/simd/f32_ops.zig	Read and review the complete scope.
directory	src/runtime/trace	pending		file:src/runtime/trace/command_output.zig;file:src/runtime/trace/operator_artifacts.zig;file:src/runtime/trace/replay.zig;file:src/runtime/trace/trace.zig;file:src/runtime/trace/trace_determinism.zig;file:src/runtime/trace/trace_jsonl_emit.zig;file:src/runtime/trace/trace_text.zig	Read and review the complete scope.
directory	src/spatial	pending			Read and review the complete scope.
directory	src/spatial/csl	pending		file:src/spatial/csl/csl_bundle_emitter.zig;file:src/spatial/csl/csl_dense_gemv_host_plan.zig;file:src/spatial/csl/csl_host_plan_bindings.zig;file:src/spatial/csl/csl_host_plan_materialize.zig;file:src/spatial/csl/csl_host_plan_tool.zig;file:src/spatial/csl/csl_host_plan_tool_config.zig;file:src/spatial/csl/csl_pe_program_metadata.zig;file:src/spatial/csl/csl_sim_runner.zig	Read and review the complete scope.
directory	src/tooling	pending		file:src/tooling/tooling_io_context.zig	Read and review the complete scope.
directory	src/verification	pending		file:src/verification/lean_proof.zig	Read and review the complete scope.
directory	tests	pending			Read and review the complete scope.
directory	tests/backend	pending		file:tests/backend/backend_identity_test.zig;file:tests/backend/backend_runtime_config_policy_test.zig;file:tests/backend/backend_runtime_policy_test.zig;file:tests/backend/backend_selection_policy_test.zig;file:tests/backend/backend_telemetry_test.zig;file:tests/backend/backend_vulkan_doe_app_lane_policy_test.zig;file:tests/backend/common_artifact_meta_test.zig;file:tests/backend/common_capabilities_test.zig;file:tests/backend/common_command_info_test.zig;file:tests/backend/common_errors_test.zig;file:tests/backend/common_timing_test.zig;file:tests/backend/d3d12_descriptors_formats_test.zig;file:tests/backend/metal_pipeline_cache_test.zig;file:tests/backend/vulkan_upload_test.zig	Read and review the complete scope.
directory	tests/core	pending		file:tests/core/capability_runtime_test.zig;file:tests/core/command_json_test.zig;file:tests/core/command_scope_test.zig;file:tests/core/dispatch_preconditions_test.zig;file:tests/core/doe_shader_native_test.zig;file:tests/core/error_scope_test.zig;file:tests/core/execution_test.zig;file:tests/core/gpu_timeline_test.zig;file:tests/core/handle_safety_test.zig;file:tests/core/hexagonal_architecture_test.zig;file:tests/core/hexagonal_composition_test.zig;file:tests/core/hlsl_subsystem_test.zig;file:tests/core/lean_proof_application_test.zig;file:tests/core/lean_proof_test.zig;file:tests/core/model_test.zig;file:tests/core/msl_subsystem_test.zig;file:tests/core/multi_adapter_test.zig;file:tests/core/multi_queue_test.zig;file:tests/core/native_api_core_test.zig;file:tests/core/native_shader_render_test.zig;file:tests/core/pipeline_cache_test.zig;file:tests/core/precompiled_shader_test.zig;file:tests/core/proof_matching_test.zig;file:tests/core/quirk_registry_build_test.zig;file:tests/core/remaining_modules_test.zig;file:tests/core/render_bundle_test.zig;file:tests/core/runtime_integration_test.zig;file:tests/core/spirv_subsystem_test.zig;file:tests/core/surface_test.zig;file:tests/core/trace_test.zig;file:tests/core/webgpu_ffi_test.zig;file:tests/core/webgpu_generated_abi_test.zig;file:tests/core/wgpu_resources_test.zig;file:tests/core/wgsl_cross_backend_test.zig;file:tests/core/wgsl_parser_ir_test.zig	Read and review the complete scope.
directory	tests/d3d12	pending		file:tests/d3d12/d3d12_mod_integration_test.zig;file:tests/d3d12/d3d12_mod_test_support.zig;file:tests/d3d12/d3d12_native_unit_test.zig;file:tests/d3d12/d3d12_timing_semantics_test.zig	Read and review the complete scope.
directory	tests/dropin	pending		file:tests/dropin/dropin_behavior_policy_test.zig;file:tests/dropin/dropin_loader_test.zig;file:tests/dropin/dropin_proc_manifest_test.zig;file:tests/dropin/dropin_router_test.zig;file:tests/dropin/dropin_symbol_ownership_test.zig	Read and review the complete scope.
directory	tests/full	pending		file:tests/full/command_scope_test.zig;file:tests/full/surface_api_test.zig	Read and review the complete scope.
directory	tests/metal	pending		file:tests/metal/metal_library_cache_test.zig;file:tests/metal/metal_mod_integration_test.zig;file:tests/metal/metal_native_unit_test.zig;file:tests/metal/metal_render_state_test.zig;file:tests/metal/metal_resources_test.zig;file:tests/metal/metal_timing_semantics_test.zig	Read and review the complete scope.
directory	tests/modules	pending		file:tests/modules/module_promotions_test.zig	Read and review the complete scope.
directory	tests/support	pending		file:tests/support/provider_harness.zig	Read and review the complete scope.
directory	tests/vulkan	pending		file:tests/vulkan/vulkan_mod_integration_test.zig;file:tests/vulkan/vulkan_mod_test_support.zig;file:tests/vulkan/vulkan_native_runtime_test.zig;file:tests/vulkan/vulkan_native_unit_test.zig;file:tests/vulkan/vulkan_render_pipeline_test.zig;file:tests/vulkan/vulkan_timing_semantics_test.zig	Read and review the complete scope.
directory	tests/wgsl	pending		file:tests/wgsl/coverage_builtin_spec_test.zig;file:tests/wgsl/coverage_builtin_test.zig;file:tests/wgsl/coverage_expr_stmt_test.zig;file:tests/wgsl/coverage_resource_test.zig;file:tests/wgsl/coverage_stage_texture_test.zig;file:tests/wgsl/coverage_type_decl_test.zig;file:tests/wgsl/emit_csl_builtin_shim_test.zig;file:tests/wgsl/emit_csl_classify_reduction_test.zig;file:tests/wgsl/emit_csl_classify_test.zig;file:tests/wgsl/emit_csl_exec_v1_test.zig;file:tests/wgsl/emit_csl_ir_walk_loop_test.zig;file:tests/wgsl/emit_csl_matmul_q4k_test.zig;file:tests/wgsl/emit_csl_reduction_layout_test.zig;file:tests/wgsl/emit_dxil_test.zig;file:tests/wgsl/emit_hlsl_codegen_test.zig;file:tests/wgsl/emit_hlsl_map_test.zig;file:tests/wgsl/emit_hlsl_stage_test.zig;file:tests/wgsl/emit_spirv_builder_test.zig;file:tests/wgsl/emit_spirv_builtin_test.zig;file:tests/wgsl/emit_spirv_if_termination_test.zig;file:tests/wgsl/emit_spirv_mixed_binary_test.zig;file:tests/wgsl/emit_spirv_stage_test.zig;file:tests/wgsl/exec_v1_paired_gate_canary_test.zig;file:tests/wgsl/ir_transform_float_fusion_test.zig;file:tests/wgsl/ir_transform_robustness_guard_alias_test.zig;file:tests/wgsl/ir_transform_robustness_resource_test.zig;file:tests/wgsl/ir_transform_robustness_test.zig;file:tests/wgsl/ir_transform_robustness_test_support.zig;file:tests/wgsl/mod_api_proof_preconditions_test.zig;file:tests/wgsl/mod_api_stage_and_pointer_test.zig;file:tests/wgsl/mod_api_test.zig;file:tests/wgsl/mod_api_test_support.zig;file:tests/wgsl/mod_api_translation_basics_test.zig;file:tests/wgsl/mod_backend_translation_test.zig;file:tests/wgsl/mod_bounds_local_test.zig;file:tests/wgsl/mod_bounds_loop_test.zig;file:tests/wgsl/mod_bounds_tiled_test.zig;file:tests/wgsl/mod_cslc_validate_test.zig;file:tests/wgsl/mod_dxil_test.zig;file:tests/wgsl/mod_error_contract_test.zig;file:tests/wgsl/mod_feature_translation_test.zig;file:tests/wgsl/mod_override_test.zig;file:tests/wgsl/runtime_compile_test.zig;file:tests/wgsl/shader_emit_test.zig;file:tests/wgsl/shader_emit_test_support.zig;file:tests/wgsl/shader_sema_test.zig;file:tests/wgsl/translation_facade_test.zig;file:tests/wgsl/translation_test_support.zig;file:tests/wgsl/tsir_digest_test.zig;file:tests/wgsl/tsir_emit_backend_skeleton_test.zig;file:tests/wgsl/tsir_emit_csl_test.zig;file:tests/wgsl/tsir_emit_kernel_body_test.zig;file:tests/wgsl/tsir_emit_webgpu_test.zig;file:tests/wgsl/tsir_frontend_test.zig;file:tests/wgsl/tsir_pipeline_test.zig;file:tests/wgsl/tsir_planner_test.zig;file:tests/wgsl/tsir_reference_interpreter_test.zig;file:tests/wgsl/tsir_scaffold_test.zig	Read and review the complete scope.
directory	tools	pending		file:tools/source_ast_inventory.zig	Read and review the complete scope.
within_directory	.	pending		directory:.;within_directory:bench;within_directory:src;within_directory:tests;within_directory:tools	Read and review the complete scope.
within_directory	bench	pending		directory:bench;within_directory:bench/compiler;within_directory:bench/entrypoints;within_directory:bench/host_hotpath	Read and review the complete scope.
within_directory	bench/compiler	pending		directory:bench/compiler	Read and review the complete scope.
within_directory	bench/entrypoints	pending		directory:bench/entrypoints	Read and review the complete scope.
within_directory	bench/host_hotpath	pending		directory:bench/host_hotpath	Read and review the complete scope.
within_directory	src	pending		directory:src;within_directory:src/app;within_directory:src/backend;within_directory:src/cli;within_directory:src/command;within_directory:src/compat;within_directory:src/compiler;within_directory:src/composition;within_directory:src/contracts;within_directory:src/core;within_directory:src/dropin;within_directory:src/evidence;within_directory:src/full;within_directory:src/integrations;within_directory:src/native;within_directory:src/plan;within_directory:src/quirk;within_directory:src/runtime;within_directory:src/spatial;within_directory:src/tooling;within_directory:src/verification	Read and review the complete scope.
within_directory	src/app	pending		directory:src/app	Read and review the complete scope.
within_directory	src/backend	pending		directory:src/backend;within_directory:src/backend/common;within_directory:src/backend/d3d12;within_directory:src/backend/metal;within_directory:src/backend/ports;within_directory:src/backend/vulkan	Read and review the complete scope.
within_directory	src/backend/common	pending		directory:src/backend/common	Read and review the complete scope.
within_directory	src/backend/d3d12	pending		directory:src/backend/d3d12;within_directory:src/backend/d3d12/commands;within_directory:src/backend/d3d12/resources;within_directory:src/backend/d3d12/surface	Read and review the complete scope.
within_directory	src/backend/d3d12/commands	pending		directory:src/backend/d3d12/commands	Read and review the complete scope.
within_directory	src/backend/d3d12/resources	pending		directory:src/backend/d3d12/resources	Read and review the complete scope.
within_directory	src/backend/d3d12/surface	pending		directory:src/backend/d3d12/surface	Read and review the complete scope.
within_directory	src/backend/metal	pending		directory:src/backend/metal	Read and review the complete scope.
within_directory	src/backend/ports	pending		directory:src/backend/ports	Read and review the complete scope.
within_directory	src/backend/vulkan	pending		directory:src/backend/vulkan	Read and review the complete scope.
within_directory	src/cli	pending		directory:src/cli;within_directory:src/cli/entrypoints	Read and review the complete scope.
within_directory	src/cli/entrypoints	pending		directory:src/cli/entrypoints	Read and review the complete scope.
within_directory	src/command	pending		directory:src/command	Read and review the complete scope.
within_directory	src/compat	pending		directory:src/compat	Read and review the complete scope.
within_directory	src/compiler	pending		directory:src/compiler;within_directory:src/compiler/targets;within_directory:src/compiler/tsir;within_directory:src/compiler/wgsl	Read and review the complete scope.
within_directory	src/compiler/targets	pending		directory:src/compiler/targets	Read and review the complete scope.
within_directory	src/compiler/tsir	pending		directory:src/compiler/tsir;within_directory:src/compiler/tsir/tools	Read and review the complete scope.
within_directory	src/compiler/tsir/tools	pending		directory:src/compiler/tsir/tools	Read and review the complete scope.
within_directory	src/compiler/wgsl	pending		directory:src/compiler/wgsl;within_directory:src/compiler/wgsl/emit;within_directory:src/compiler/wgsl/frontend;within_directory:src/compiler/wgsl/ir;within_directory:src/compiler/wgsl/pipeline;within_directory:src/compiler/wgsl/proof;within_directory:src/compiler/wgsl/runtime	Read and review the complete scope.
within_directory	src/compiler/wgsl/emit	pending		directory:src/compiler/wgsl/emit;within_directory:src/compiler/wgsl/emit/csl;within_directory:src/compiler/wgsl/emit/dxil;within_directory:src/compiler/wgsl/emit/hlsl;within_directory:src/compiler/wgsl/emit/msl;within_directory:src/compiler/wgsl/emit/spirv	Read and review the complete scope.
within_directory	src/compiler/wgsl/emit/csl	pending		directory:src/compiler/wgsl/emit/csl	Read and review the complete scope.
within_directory	src/compiler/wgsl/emit/dxil	pending		directory:src/compiler/wgsl/emit/dxil	Read and review the complete scope.
within_directory	src/compiler/wgsl/emit/hlsl	pending		directory:src/compiler/wgsl/emit/hlsl	Read and review the complete scope.
within_directory	src/compiler/wgsl/emit/msl	pending		directory:src/compiler/wgsl/emit/msl	Read and review the complete scope.
within_directory	src/compiler/wgsl/emit/spirv	pending		directory:src/compiler/wgsl/emit/spirv	Read and review the complete scope.
within_directory	src/compiler/wgsl/frontend	pending		directory:src/compiler/wgsl/frontend	Read and review the complete scope.
within_directory	src/compiler/wgsl/ir	pending		directory:src/compiler/wgsl/ir	Read and review the complete scope.
within_directory	src/compiler/wgsl/pipeline	pending		directory:src/compiler/wgsl/pipeline	Read and review the complete scope.
within_directory	src/compiler/wgsl/proof	pending		directory:src/compiler/wgsl/proof	Read and review the complete scope.
within_directory	src/compiler/wgsl/runtime	pending		directory:src/compiler/wgsl/runtime	Read and review the complete scope.
within_directory	src/composition	pending		directory:src/composition	Read and review the complete scope.
within_directory	src/contracts	pending		directory:src/contracts;within_directory:src/contracts/model;within_directory:src/contracts/numeric_stability;within_directory:src/contracts/primitives;within_directory:src/contracts/shader_abi	Read and review the complete scope.
within_directory	src/contracts/model	pending		directory:src/contracts/model	Read and review the complete scope.
within_directory	src/contracts/numeric_stability	pending		directory:src/contracts/numeric_stability	Read and review the complete scope.
within_directory	src/contracts/primitives	pending		directory:src/contracts/primitives	Read and review the complete scope.
within_directory	src/contracts/shader_abi	pending		directory:src/contracts/shader_abi	Read and review the complete scope.
within_directory	src/core	pending		directory:src/core;within_directory:src/core/abi;within_directory:src/core/compute;within_directory:src/core/queue;within_directory:src/core/resource;within_directory:src/core/runtime	Read and review the complete scope.
within_directory	src/core/abi	pending		directory:src/core/abi;within_directory:src/core/abi/generated;within_directory:src/core/abi/procs	Read and review the complete scope.
within_directory	src/core/abi/generated	pending		directory:src/core/abi/generated	Read and review the complete scope.
within_directory	src/core/abi/procs	pending		directory:src/core/abi/procs	Read and review the complete scope.
within_directory	src/core/compute	pending		directory:src/core/compute	Read and review the complete scope.
within_directory	src/core/queue	pending		directory:src/core/queue	Read and review the complete scope.
within_directory	src/core/resource	pending		directory:src/core/resource	Read and review the complete scope.
within_directory	src/core/runtime	pending		directory:src/core/runtime	Read and review the complete scope.
within_directory	src/dropin	pending		directory:src/dropin	Read and review the complete scope.
within_directory	src/evidence	pending		directory:src/evidence	Read and review the complete scope.
within_directory	src/full	pending		directory:src/full;within_directory:src/full/command;within_directory:src/full/lifecycle;within_directory:src/full/modules;within_directory:src/full/render;within_directory:src/full/surface	Read and review the complete scope.
within_directory	src/full/command	pending		directory:src/full/command	Read and review the complete scope.
within_directory	src/full/lifecycle	pending		directory:src/full/lifecycle	Read and review the complete scope.
within_directory	src/full/modules	pending		directory:src/full/modules;within_directory:src/full/modules/rendering;within_directory:src/full/modules/services	Read and review the complete scope.
within_directory	src/full/modules/rendering	pending		directory:src/full/modules/rendering	Read and review the complete scope.
within_directory	src/full/modules/services	pending		directory:src/full/modules/services	Read and review the complete scope.
within_directory	src/full/render	pending		directory:src/full/render	Read and review the complete scope.
within_directory	src/full/surface	pending		directory:src/full/surface	Read and review the complete scope.
within_directory	src/integrations	pending		directory:src/integrations;within_directory:src/integrations/onnxruntime	Read and review the complete scope.
within_directory	src/integrations/onnxruntime	pending		directory:src/integrations/onnxruntime	Read and review the complete scope.
within_directory	src/native	pending		directory:src/native;within_directory:src/native/api;within_directory:src/native/cache;within_directory:src/native/command;within_directory:src/native/compute;within_directory:src/native/diagnostics;within_directory:src/native/lifecycle;within_directory:src/native/queue;within_directory:src/native/render;within_directory:src/native/resource;within_directory:src/native/shader;within_directory:src/native/support;within_directory:src/native/surface;within_directory:src/native/vulkan	Read and review the complete scope.
within_directory	src/native/api	pending		directory:src/native/api	Read and review the complete scope.
within_directory	src/native/cache	pending		directory:src/native/cache	Read and review the complete scope.
within_directory	src/native/command	pending		directory:src/native/command	Read and review the complete scope.
within_directory	src/native/compute	pending		directory:src/native/compute	Read and review the complete scope.
within_directory	src/native/diagnostics	pending		directory:src/native/diagnostics	Read and review the complete scope.
within_directory	src/native/lifecycle	pending		directory:src/native/lifecycle	Read and review the complete scope.
within_directory	src/native/queue	pending		directory:src/native/queue	Read and review the complete scope.
within_directory	src/native/render	pending		directory:src/native/render	Read and review the complete scope.
within_directory	src/native/resource	pending		directory:src/native/resource	Read and review the complete scope.
within_directory	src/native/shader	pending		directory:src/native/shader	Read and review the complete scope.
within_directory	src/native/support	pending		directory:src/native/support	Read and review the complete scope.
within_directory	src/native/surface	pending		directory:src/native/surface	Read and review the complete scope.
within_directory	src/native/vulkan	pending		directory:src/native/vulkan	Read and review the complete scope.
within_directory	src/plan	pending		directory:src/plan	Read and review the complete scope.
within_directory	src/quirk	pending		directory:src/quirk	Read and review the complete scope.
within_directory	src/runtime	pending		directory:src/runtime;within_directory:src/runtime/cache;within_directory:src/runtime/device;within_directory:src/runtime/diagnostics;within_directory:src/runtime/numeric_stability;within_directory:src/runtime/queue;within_directory:src/runtime/render;within_directory:src/runtime/security;within_directory:src/runtime/simd;within_directory:src/runtime/trace	Read and review the complete scope.
within_directory	src/runtime/cache	pending		directory:src/runtime/cache	Read and review the complete scope.
within_directory	src/runtime/device	pending		directory:src/runtime/device	Read and review the complete scope.
within_directory	src/runtime/diagnostics	pending		directory:src/runtime/diagnostics	Read and review the complete scope.
within_directory	src/runtime/numeric_stability	pending		directory:src/runtime/numeric_stability;within_directory:src/runtime/numeric_stability/service	Read and review the complete scope.
within_directory	src/runtime/numeric_stability/service	pending		directory:src/runtime/numeric_stability/service	Read and review the complete scope.
within_directory	src/runtime/queue	pending		directory:src/runtime/queue	Read and review the complete scope.
within_directory	src/runtime/render	pending		directory:src/runtime/render	Read and review the complete scope.
within_directory	src/runtime/security	pending		directory:src/runtime/security	Read and review the complete scope.
within_directory	src/runtime/simd	pending		directory:src/runtime/simd	Read and review the complete scope.
within_directory	src/runtime/trace	pending		directory:src/runtime/trace	Read and review the complete scope.
within_directory	src/spatial	pending		directory:src/spatial;within_directory:src/spatial/csl	Read and review the complete scope.
within_directory	src/spatial/csl	pending		directory:src/spatial/csl	Read and review the complete scope.
within_directory	src/tooling	pending		directory:src/tooling	Read and review the complete scope.
within_directory	src/verification	pending		directory:src/verification	Read and review the complete scope.
within_directory	tests	pending		directory:tests;within_directory:tests/backend;within_directory:tests/core;within_directory:tests/d3d12;within_directory:tests/dropin;within_directory:tests/full;within_directory:tests/metal;within_directory:tests/modules;within_directory:tests/support;within_directory:tests/vulkan;within_directory:tests/wgsl	Read and review the complete scope.
within_directory	tests/backend	pending		directory:tests/backend	Read and review the complete scope.
within_directory	tests/core	pending		directory:tests/core	Read and review the complete scope.
within_directory	tests/d3d12	pending		directory:tests/d3d12	Read and review the complete scope.
within_directory	tests/dropin	pending		directory:tests/dropin	Read and review the complete scope.
within_directory	tests/full	pending		directory:tests/full	Read and review the complete scope.
within_directory	tests/metal	pending		directory:tests/metal	Read and review the complete scope.
within_directory	tests/modules	pending		directory:tests/modules	Read and review the complete scope.
within_directory	tests/support	pending		directory:tests/support	Read and review the complete scope.
within_directory	tests/vulkan	pending		directory:tests/vulkan	Read and review the complete scope.
within_directory	tests/wgsl	pending		directory:tests/wgsl	Read and review the complete scope.
within_directory	tools	pending		directory:tools	Read and review the complete scope.
cross_directory	src|src/app	pending		within_directory:src;within_directory:src/app	Read and review the complete scope.
cross_directory	src|src/backend/ports	pending		within_directory:src;within_directory:src/backend/ports	Read and review the complete scope.
cross_directory	src|src/cli	pending		within_directory:src;within_directory:src/cli	Read and review the complete scope.
cross_directory	src|src/compiler	pending		within_directory:src;within_directory:src/compiler	Read and review the complete scope.
cross_directory	src|src/composition	pending		within_directory:src;within_directory:src/composition	Read and review the complete scope.
cross_directory	src|src/contracts	pending		within_directory:src;within_directory:src/contracts	Read and review the complete scope.
cross_directory	src|src/dropin	pending		within_directory:src;within_directory:src/dropin	Read and review the complete scope.
cross_directory	src|src/evidence	pending		within_directory:src;within_directory:src/evidence	Read and review the complete scope.
cross_directory	src|src/plan	pending		within_directory:src;within_directory:src/plan	Read and review the complete scope.
cross_directory	src|src/runtime	pending		within_directory:src;within_directory:src/runtime	Read and review the complete scope.
cross_directory	src|src/verification	pending		within_directory:src;within_directory:src/verification	Read and review the complete scope.
cross_directory	src/app|src/backend/ports	pending		within_directory:src/app;within_directory:src/backend/ports	Read and review the complete scope.
cross_directory	src/app|src/contracts	pending		within_directory:src/app;within_directory:src/contracts	Read and review the complete scope.
cross_directory	src/app|src/contracts/model	pending		within_directory:src/app;within_directory:src/contracts/model	Read and review the complete scope.
cross_directory	src/app|src/runtime	pending		within_directory:src/app;within_directory:src/runtime	Read and review the complete scope.
cross_directory	src/backend|src/backend/common	pending		within_directory:src/backend;within_directory:src/backend/common	Read and review the complete scope.
cross_directory	src/backend|src/backend/d3d12	pending		within_directory:src/backend;within_directory:src/backend/d3d12	Read and review the complete scope.
cross_directory	src/backend|src/backend/d3d12/commands	pending		within_directory:src/backend;within_directory:src/backend/d3d12/commands	Read and review the complete scope.
cross_directory	src/backend|src/backend/metal	pending		within_directory:src/backend;within_directory:src/backend/metal	Read and review the complete scope.
cross_directory	src/backend|src/backend/ports	pending		within_directory:src/backend;within_directory:src/backend/ports	Read and review the complete scope.
cross_directory	src/backend|src/backend/vulkan	pending		within_directory:src/backend;within_directory:src/backend/vulkan	Read and review the complete scope.
cross_directory	src/backend|src/compat	pending		within_directory:src/backend;within_directory:src/compat	Read and review the complete scope.
cross_directory	src/backend|src/composition	pending		within_directory:src/backend;within_directory:src/composition	Read and review the complete scope.
cross_directory	src/backend|src/contracts	pending		within_directory:src/backend;within_directory:src/contracts	Read and review the complete scope.
cross_directory	src/backend|src/contracts/model	pending		within_directory:src/backend;within_directory:src/contracts/model	Read and review the complete scope.
cross_directory	src/backend|src/core/abi	pending		within_directory:src/backend;within_directory:src/core/abi	Read and review the complete scope.
cross_directory	src/backend|src/core/abi/procs	pending		within_directory:src/backend;within_directory:src/core/abi/procs	Read and review the complete scope.
cross_directory	src/backend|src/core/compute	pending		within_directory:src/backend;within_directory:src/core/compute	Read and review the complete scope.
cross_directory	src/backend|src/core/queue	pending		within_directory:src/backend;within_directory:src/core/queue	Read and review the complete scope.
cross_directory	src/backend|src/core/resource	pending		within_directory:src/backend;within_directory:src/core/resource	Read and review the complete scope.
cross_directory	src/backend|src/core/runtime	pending		within_directory:src/backend;within_directory:src/core/runtime	Read and review the complete scope.
cross_directory	src/backend|src/dropin	pending		within_directory:src/backend;within_directory:src/dropin	Read and review the complete scope.
cross_directory	src/backend|src/full/command	pending		within_directory:src/backend;within_directory:src/full/command	Read and review the complete scope.
cross_directory	src/backend|src/full/surface	pending		within_directory:src/backend;within_directory:src/full/surface	Read and review the complete scope.
cross_directory	src/backend|src/native/cache	pending		within_directory:src/backend;within_directory:src/native/cache	Read and review the complete scope.
cross_directory	src/backend|src/native/compute	pending		within_directory:src/backend;within_directory:src/native/compute	Read and review the complete scope.
cross_directory	src/backend|src/native/lifecycle	pending		within_directory:src/backend;within_directory:src/native/lifecycle	Read and review the complete scope.
cross_directory	src/backend|src/native/queue	pending		within_directory:src/backend;within_directory:src/native/queue	Read and review the complete scope.
cross_directory	src/backend|src/native/render	pending		within_directory:src/backend;within_directory:src/native/render	Read and review the complete scope.
cross_directory	src/backend|src/native/resource	pending		within_directory:src/backend;within_directory:src/native/resource	Read and review the complete scope.
cross_directory	src/backend|src/native/shader	pending		within_directory:src/backend;within_directory:src/native/shader	Read and review the complete scope.
cross_directory	src/backend|src/native/support	pending		within_directory:src/backend;within_directory:src/native/support	Read and review the complete scope.
cross_directory	src/backend|src/native/surface	pending		within_directory:src/backend;within_directory:src/native/surface	Read and review the complete scope.
cross_directory	src/backend|src/native/vulkan	pending		within_directory:src/backend;within_directory:src/native/vulkan	Read and review the complete scope.
cross_directory	src/backend|src/runtime	pending		within_directory:src/backend;within_directory:src/runtime	Read and review the complete scope.
cross_directory	src/backend|src/runtime/diagnostics	pending		within_directory:src/backend;within_directory:src/runtime/diagnostics	Read and review the complete scope.
cross_directory	src/backend/common|src/backend/d3d12	pending		within_directory:src/backend/common;within_directory:src/backend/d3d12	Read and review the complete scope.
cross_directory	src/backend/common|src/backend/d3d12/commands	pending		within_directory:src/backend/common;within_directory:src/backend/d3d12/commands	Read and review the complete scope.
cross_directory	src/backend/common|src/backend/d3d12/resources	pending		within_directory:src/backend/common;within_directory:src/backend/d3d12/resources	Read and review the complete scope.
cross_directory	src/backend/common|src/backend/d3d12/surface	pending		within_directory:src/backend/common;within_directory:src/backend/d3d12/surface	Read and review the complete scope.
cross_directory	src/backend/common|src/backend/metal	pending		within_directory:src/backend/common;within_directory:src/backend/metal	Read and review the complete scope.
cross_directory	src/backend/common|src/backend/vulkan	pending		within_directory:src/backend/common;within_directory:src/backend/vulkan	Read and review the complete scope.
cross_directory	src/backend/common|src/contracts	pending		within_directory:src/backend/common;within_directory:src/contracts	Read and review the complete scope.
cross_directory	src/backend/common|src/full/surface	pending		within_directory:src/backend/common;within_directory:src/full/surface	Read and review the complete scope.
cross_directory	src/backend/d3d12|src/backend/d3d12/commands	pending		within_directory:src/backend/d3d12;within_directory:src/backend/d3d12/commands	Read and review the complete scope.
cross_directory	src/backend/d3d12|src/backend/d3d12/resources	pending		within_directory:src/backend/d3d12;within_directory:src/backend/d3d12/resources	Read and review the complete scope.
cross_directory	src/backend/d3d12|src/backend/d3d12/surface	pending		within_directory:src/backend/d3d12;within_directory:src/backend/d3d12/surface	Read and review the complete scope.
cross_directory	src/backend/d3d12|src/backend/ports	pending		within_directory:src/backend/d3d12;within_directory:src/backend/ports	Read and review the complete scope.
cross_directory	src/backend/d3d12|src/compiler/wgsl/pipeline	pending		within_directory:src/backend/d3d12;within_directory:src/compiler/wgsl/pipeline	Read and review the complete scope.
cross_directory	src/backend/d3d12|src/composition	pending		within_directory:src/backend/d3d12;within_directory:src/composition	Read and review the complete scope.
cross_directory	src/backend/d3d12|src/contracts	pending		within_directory:src/backend/d3d12;within_directory:src/contracts	Read and review the complete scope.
cross_directory	src/backend/d3d12|src/contracts/model	pending		within_directory:src/backend/d3d12;within_directory:src/contracts/model	Read and review the complete scope.
cross_directory	src/backend/d3d12|src/contracts/shader_abi	pending		within_directory:src/backend/d3d12;within_directory:src/contracts/shader_abi	Read and review the complete scope.
cross_directory	src/backend/d3d12|src/core/abi	pending		within_directory:src/backend/d3d12;within_directory:src/core/abi	Read and review the complete scope.
cross_directory	src/backend/d3d12|src/runtime/render	pending		within_directory:src/backend/d3d12;within_directory:src/runtime/render	Read and review the complete scope.
cross_directory	src/backend/d3d12/commands|src/backend/d3d12/resources	pending		within_directory:src/backend/d3d12/commands;within_directory:src/backend/d3d12/resources	Read and review the complete scope.
cross_directory	src/backend/d3d12/commands|src/contracts	pending		within_directory:src/backend/d3d12/commands;within_directory:src/contracts	Read and review the complete scope.
cross_directory	src/backend/d3d12/commands|src/contracts/model	pending		within_directory:src/backend/d3d12/commands;within_directory:src/contracts/model	Read and review the complete scope.
cross_directory	src/backend/d3d12/commands|src/core/abi	pending		within_directory:src/backend/d3d12/commands;within_directory:src/core/abi	Read and review the complete scope.
cross_directory	src/backend/d3d12/commands|src/native/support	pending		within_directory:src/backend/d3d12/commands;within_directory:src/native/support	Read and review the complete scope.
cross_directory	src/backend/d3d12/commands|src/runtime/render	pending		within_directory:src/backend/d3d12/commands;within_directory:src/runtime/render	Read and review the complete scope.
cross_directory	src/backend/d3d12/resources|src/contracts/model	pending		within_directory:src/backend/d3d12/resources;within_directory:src/contracts/model	Read and review the complete scope.
cross_directory	src/backend/d3d12/surface|src/contracts/model	pending		within_directory:src/backend/d3d12/surface;within_directory:src/contracts/model	Read and review the complete scope.
cross_directory	src/backend/metal|src/backend/ports	pending		within_directory:src/backend/metal;within_directory:src/backend/ports	Read and review the complete scope.
cross_directory	src/backend/metal|src/compiler/wgsl/emit/msl	pending		within_directory:src/backend/metal;within_directory:src/compiler/wgsl/emit/msl	Read and review the complete scope.
cross_directory	src/backend/metal|src/compiler/wgsl/pipeline	pending		within_directory:src/backend/metal;within_directory:src/compiler/wgsl/pipeline	Read and review the complete scope.
cross_directory	src/backend/metal|src/compiler/wgsl/runtime	pending		within_directory:src/backend/metal;within_directory:src/compiler/wgsl/runtime	Read and review the complete scope.
cross_directory	src/backend/metal|src/composition	pending		within_directory:src/backend/metal;within_directory:src/composition	Read and review the complete scope.
cross_directory	src/backend/metal|src/contracts	pending		within_directory:src/backend/metal;within_directory:src/contracts	Read and review the complete scope.
cross_directory	src/backend/metal|src/contracts/model	pending		within_directory:src/backend/metal;within_directory:src/contracts/model	Read and review the complete scope.
cross_directory	src/backend/metal|src/runtime	pending		within_directory:src/backend/metal;within_directory:src/runtime	Read and review the complete scope.
cross_directory	src/backend/ports|src/backend/vulkan	pending		within_directory:src/backend/ports;within_directory:src/backend/vulkan	Read and review the complete scope.
cross_directory	src/backend/ports|src/composition	pending		within_directory:src/backend/ports;within_directory:src/composition	Read and review the complete scope.
cross_directory	src/backend/ports|src/contracts	pending		within_directory:src/backend/ports;within_directory:src/contracts	Read and review the complete scope.
cross_directory	src/backend/ports|src/contracts/model	pending		within_directory:src/backend/ports;within_directory:src/contracts/model	Read and review the complete scope.
cross_directory	src/backend/ports|src/runtime	pending		within_directory:src/backend/ports;within_directory:src/runtime	Read and review the complete scope.
cross_directory	src/backend/vulkan|src/compiler/wgsl/pipeline	pending		within_directory:src/backend/vulkan;within_directory:src/compiler/wgsl/pipeline	Read and review the complete scope.
cross_directory	src/backend/vulkan|src/composition	pending		within_directory:src/backend/vulkan;within_directory:src/composition	Read and review the complete scope.
cross_directory	src/backend/vulkan|src/contracts	pending		within_directory:src/backend/vulkan;within_directory:src/contracts	Read and review the complete scope.
cross_directory	src/backend/vulkan|src/contracts/model	pending		within_directory:src/backend/vulkan;within_directory:src/contracts/model	Read and review the complete scope.
cross_directory	src/backend/vulkan|src/core/abi	pending		within_directory:src/backend/vulkan;within_directory:src/core/abi	Read and review the complete scope.
cross_directory	src/backend/vulkan|src/native/vulkan	pending		within_directory:src/backend/vulkan;within_directory:src/native/vulkan	Read and review the complete scope.
cross_directory	src/backend/vulkan|src/runtime/render	pending		within_directory:src/backend/vulkan;within_directory:src/runtime/render	Read and review the complete scope.
cross_directory	src/cli|src/cli/entrypoints	pending		within_directory:src/cli;within_directory:src/cli/entrypoints	Read and review the complete scope.
cross_directory	src/cli|src/command	pending		within_directory:src/cli;within_directory:src/command	Read and review the complete scope.
cross_directory	src/cli|src/composition	pending		within_directory:src/cli;within_directory:src/composition	Read and review the complete scope.
cross_directory	src/cli|src/contracts	pending		within_directory:src/cli;within_directory:src/contracts	Read and review the complete scope.
cross_directory	src/cli|src/contracts/model	pending		within_directory:src/cli;within_directory:src/contracts/model	Read and review the complete scope.
cross_directory	src/cli|src/core/abi	pending		within_directory:src/cli;within_directory:src/core/abi	Read and review the complete scope.
cross_directory	src/cli|src/full/modules/rendering	pending		within_directory:src/cli;within_directory:src/full/modules/rendering	Read and review the complete scope.
cross_directory	src/cli|src/full/modules/services	pending		within_directory:src/cli;within_directory:src/full/modules/services	Read and review the complete scope.
cross_directory	src/cli|src/plan	pending		within_directory:src/cli;within_directory:src/plan	Read and review the complete scope.
cross_directory	src/cli|src/quirk	pending		within_directory:src/cli;within_directory:src/quirk	Read and review the complete scope.
cross_directory	src/cli|src/runtime	pending		within_directory:src/cli;within_directory:src/runtime	Read and review the complete scope.
cross_directory	src/cli|src/runtime/numeric_stability	pending		within_directory:src/cli;within_directory:src/runtime/numeric_stability	Read and review the complete scope.
cross_directory	src/cli|src/runtime/trace	pending		within_directory:src/cli;within_directory:src/runtime/trace	Read and review the complete scope.
cross_directory	src/cli|src/tooling	pending		within_directory:src/cli;within_directory:src/tooling	Read and review the complete scope.
cross_directory	src/command|src/contracts	pending		within_directory:src/command;within_directory:src/contracts	Read and review the complete scope.
cross_directory	src/command|src/contracts/model	pending		within_directory:src/command;within_directory:src/contracts/model	Read and review the complete scope.
cross_directory	src/command|src/contracts/numeric_stability	pending		within_directory:src/command;within_directory:src/contracts/numeric_stability	Read and review the complete scope.
cross_directory	src/compat|src/contracts	pending		within_directory:src/compat;within_directory:src/contracts	Read and review the complete scope.
cross_directory	src/compiler|src/compiler/targets	pending		within_directory:src/compiler;within_directory:src/compiler/targets	Read and review the complete scope.
cross_directory	src/compiler|src/compiler/tsir	pending		within_directory:src/compiler;within_directory:src/compiler/tsir	Read and review the complete scope.
cross_directory	src/compiler|src/compiler/wgsl	pending		within_directory:src/compiler;within_directory:src/compiler/wgsl	Read and review the complete scope.
cross_directory	src/compiler|src/compiler/wgsl/emit/csl	pending		within_directory:src/compiler;within_directory:src/compiler/wgsl/emit/csl	Read and review the complete scope.
cross_directory	src/compiler|src/compiler/wgsl/emit/hlsl	pending		within_directory:src/compiler;within_directory:src/compiler/wgsl/emit/hlsl	Read and review the complete scope.
cross_directory	src/compiler|src/compiler/wgsl/emit/msl	pending		within_directory:src/compiler;within_directory:src/compiler/wgsl/emit/msl	Read and review the complete scope.
cross_directory	src/compiler|src/compiler/wgsl/emit/spirv	pending		within_directory:src/compiler;within_directory:src/compiler/wgsl/emit/spirv	Read and review the complete scope.
cross_directory	src/compiler|src/compiler/wgsl/frontend	pending		within_directory:src/compiler;within_directory:src/compiler/wgsl/frontend	Read and review the complete scope.
cross_directory	src/compiler|src/compiler/wgsl/ir	pending		within_directory:src/compiler;within_directory:src/compiler/wgsl/ir	Read and review the complete scope.
cross_directory	src/compiler|src/compiler/wgsl/runtime	pending		within_directory:src/compiler;within_directory:src/compiler/wgsl/runtime	Read and review the complete scope.
cross_directory	src/compiler/targets|src/compiler/tsir	pending		within_directory:src/compiler/targets;within_directory:src/compiler/tsir	Read and review the complete scope.
cross_directory	src/compiler/tsir|src/compiler/wgsl/emit/csl	pending		within_directory:src/compiler/tsir;within_directory:src/compiler/wgsl/emit/csl	Read and review the complete scope.
cross_directory	src/compiler/tsir|src/compiler/wgsl/ir	pending		within_directory:src/compiler/tsir;within_directory:src/compiler/wgsl/ir	Read and review the complete scope.
cross_directory	src/compiler/wgsl|src/compiler/wgsl/emit/csl	pending		within_directory:src/compiler/wgsl;within_directory:src/compiler/wgsl/emit/csl	Read and review the complete scope.
cross_directory	src/compiler/wgsl|src/compiler/wgsl/emit/dxil	pending		within_directory:src/compiler/wgsl;within_directory:src/compiler/wgsl/emit/dxil	Read and review the complete scope.
cross_directory	src/compiler/wgsl|src/compiler/wgsl/emit/hlsl	pending		within_directory:src/compiler/wgsl;within_directory:src/compiler/wgsl/emit/hlsl	Read and review the complete scope.
cross_directory	src/compiler/wgsl|src/compiler/wgsl/emit/msl	pending		within_directory:src/compiler/wgsl;within_directory:src/compiler/wgsl/emit/msl	Read and review the complete scope.
cross_directory	src/compiler/wgsl|src/compiler/wgsl/emit/spirv	pending		within_directory:src/compiler/wgsl;within_directory:src/compiler/wgsl/emit/spirv	Read and review the complete scope.
cross_directory	src/compiler/wgsl|src/compiler/wgsl/frontend	pending		within_directory:src/compiler/wgsl;within_directory:src/compiler/wgsl/frontend	Read and review the complete scope.
cross_directory	src/compiler/wgsl|src/compiler/wgsl/ir	pending		within_directory:src/compiler/wgsl;within_directory:src/compiler/wgsl/ir	Read and review the complete scope.
cross_directory	src/compiler/wgsl|src/compiler/wgsl/pipeline	pending		within_directory:src/compiler/wgsl;within_directory:src/compiler/wgsl/pipeline	Read and review the complete scope.
cross_directory	src/compiler/wgsl|src/contracts/shader_abi	pending		within_directory:src/compiler/wgsl;within_directory:src/contracts/shader_abi	Read and review the complete scope.
cross_directory	src/compiler/wgsl/emit|src/compiler/wgsl/emit/csl	pending		within_directory:src/compiler/wgsl/emit;within_directory:src/compiler/wgsl/emit/csl	Read and review the complete scope.
cross_directory	src/compiler/wgsl/emit|src/compiler/wgsl/emit/dxil	pending		within_directory:src/compiler/wgsl/emit;within_directory:src/compiler/wgsl/emit/dxil	Read and review the complete scope.
cross_directory	src/compiler/wgsl/emit|src/compiler/wgsl/emit/hlsl	pending		within_directory:src/compiler/wgsl/emit;within_directory:src/compiler/wgsl/emit/hlsl	Read and review the complete scope.
cross_directory	src/compiler/wgsl/emit|src/compiler/wgsl/emit/msl	pending		within_directory:src/compiler/wgsl/emit;within_directory:src/compiler/wgsl/emit/msl	Read and review the complete scope.
cross_directory	src/compiler/wgsl/emit|src/compiler/wgsl/ir	pending		within_directory:src/compiler/wgsl/emit;within_directory:src/compiler/wgsl/ir	Read and review the complete scope.
cross_directory	src/compiler/wgsl/emit/csl|src/compiler/wgsl/ir	pending		within_directory:src/compiler/wgsl/emit/csl;within_directory:src/compiler/wgsl/ir	Read and review the complete scope.
cross_directory	src/compiler/wgsl/emit/csl|src/compiler/wgsl/pipeline	pending		within_directory:src/compiler/wgsl/emit/csl;within_directory:src/compiler/wgsl/pipeline	Read and review the complete scope.
cross_directory	src/compiler/wgsl/emit/dxil|src/compiler/wgsl/emit/hlsl	pending		within_directory:src/compiler/wgsl/emit/dxil;within_directory:src/compiler/wgsl/emit/hlsl	Read and review the complete scope.
cross_directory	src/compiler/wgsl/emit/dxil|src/compiler/wgsl/ir	pending		within_directory:src/compiler/wgsl/emit/dxil;within_directory:src/compiler/wgsl/ir	Read and review the complete scope.
cross_directory	src/compiler/wgsl/emit/dxil|src/compiler/wgsl/pipeline	pending		within_directory:src/compiler/wgsl/emit/dxil;within_directory:src/compiler/wgsl/pipeline	Read and review the complete scope.
cross_directory	src/compiler/wgsl/emit/hlsl|src/compiler/wgsl/ir	pending		within_directory:src/compiler/wgsl/emit/hlsl;within_directory:src/compiler/wgsl/ir	Read and review the complete scope.
cross_directory	src/compiler/wgsl/emit/hlsl|src/compiler/wgsl/pipeline	pending		within_directory:src/compiler/wgsl/emit/hlsl;within_directory:src/compiler/wgsl/pipeline	Read and review the complete scope.
cross_directory	src/compiler/wgsl/emit/hlsl|src/contracts/shader_abi	pending		within_directory:src/compiler/wgsl/emit/hlsl;within_directory:src/contracts/shader_abi	Read and review the complete scope.
cross_directory	src/compiler/wgsl/emit/msl|src/compiler/wgsl/ir	pending		within_directory:src/compiler/wgsl/emit/msl;within_directory:src/compiler/wgsl/ir	Read and review the complete scope.
cross_directory	src/compiler/wgsl/emit/msl|src/compiler/wgsl/pipeline	pending		within_directory:src/compiler/wgsl/emit/msl;within_directory:src/compiler/wgsl/pipeline	Read and review the complete scope.
cross_directory	src/compiler/wgsl/emit/msl|src/compiler/wgsl/runtime	pending		within_directory:src/compiler/wgsl/emit/msl;within_directory:src/compiler/wgsl/runtime	Read and review the complete scope.
cross_directory	src/compiler/wgsl/emit/msl|src/native/compute	pending		within_directory:src/compiler/wgsl/emit/msl;within_directory:src/native/compute	Read and review the complete scope.
cross_directory	src/compiler/wgsl/emit/msl|src/native/queue	pending		within_directory:src/compiler/wgsl/emit/msl;within_directory:src/native/queue	Read and review the complete scope.
cross_directory	src/compiler/wgsl/emit/spirv|src/compiler/wgsl/frontend	pending		within_directory:src/compiler/wgsl/emit/spirv;within_directory:src/compiler/wgsl/frontend	Read and review the complete scope.
cross_directory	src/compiler/wgsl/emit/spirv|src/compiler/wgsl/ir	pending		within_directory:src/compiler/wgsl/emit/spirv;within_directory:src/compiler/wgsl/ir	Read and review the complete scope.
cross_directory	src/compiler/wgsl/emit/spirv|src/compiler/wgsl/pipeline	pending		within_directory:src/compiler/wgsl/emit/spirv;within_directory:src/compiler/wgsl/pipeline	Read and review the complete scope.
cross_directory	src/compiler/wgsl/emit/spirv|src/compiler/wgsl/runtime	pending		within_directory:src/compiler/wgsl/emit/spirv;within_directory:src/compiler/wgsl/runtime	Read and review the complete scope.
cross_directory	src/compiler/wgsl/frontend|src/compiler/wgsl/ir	pending		within_directory:src/compiler/wgsl/frontend;within_directory:src/compiler/wgsl/ir	Read and review the complete scope.
cross_directory	src/compiler/wgsl/frontend|src/compiler/wgsl/pipeline	pending		within_directory:src/compiler/wgsl/frontend;within_directory:src/compiler/wgsl/pipeline	Read and review the complete scope.
cross_directory	src/compiler/wgsl/frontend|src/contracts/primitives	pending		within_directory:src/compiler/wgsl/frontend;within_directory:src/contracts/primitives	Read and review the complete scope.
cross_directory	src/compiler/wgsl/ir|src/compiler/wgsl/pipeline	pending		within_directory:src/compiler/wgsl/ir;within_directory:src/compiler/wgsl/pipeline	Read and review the complete scope.
cross_directory	src/compiler/wgsl/ir|src/compiler/wgsl/proof	pending		within_directory:src/compiler/wgsl/ir;within_directory:src/compiler/wgsl/proof	Read and review the complete scope.
cross_directory	src/compiler/wgsl/ir|src/compiler/wgsl/runtime	pending		within_directory:src/compiler/wgsl/ir;within_directory:src/compiler/wgsl/runtime	Read and review the complete scope.
cross_directory	src/compiler/wgsl/ir|src/core/compute	pending		within_directory:src/compiler/wgsl/ir;within_directory:src/core/compute	Read and review the complete scope.
cross_directory	src/compiler/wgsl/ir|src/native/cache	pending		within_directory:src/compiler/wgsl/ir;within_directory:src/native/cache	Read and review the complete scope.
cross_directory	src/compiler/wgsl/ir|src/native/compute	pending		within_directory:src/compiler/wgsl/ir;within_directory:src/native/compute	Read and review the complete scope.
cross_directory	src/compiler/wgsl/ir|src/native/shader	pending		within_directory:src/compiler/wgsl/ir;within_directory:src/native/shader	Read and review the complete scope.
cross_directory	src/compiler/wgsl/ir|src/native/support	pending		within_directory:src/compiler/wgsl/ir;within_directory:src/native/support	Read and review the complete scope.
cross_directory	src/compiler/wgsl/ir|src/native/vulkan	pending		within_directory:src/compiler/wgsl/ir;within_directory:src/native/vulkan	Read and review the complete scope.
cross_directory	src/compiler/wgsl/ir|src/verification	pending		within_directory:src/compiler/wgsl/ir;within_directory:src/verification	Read and review the complete scope.
cross_directory	src/compiler/wgsl/pipeline|src/compiler/wgsl/runtime	pending		within_directory:src/compiler/wgsl/pipeline;within_directory:src/compiler/wgsl/runtime	Read and review the complete scope.
cross_directory	src/compiler/wgsl/pipeline|src/contracts	pending		within_directory:src/compiler/wgsl/pipeline;within_directory:src/contracts	Read and review the complete scope.
cross_directory	src/compiler/wgsl/pipeline|src/native/shader	pending		within_directory:src/compiler/wgsl/pipeline;within_directory:src/native/shader	Read and review the complete scope.
cross_directory	src/compiler/wgsl/pipeline|src/native/support	pending		within_directory:src/compiler/wgsl/pipeline;within_directory:src/native/support	Read and review the complete scope.
cross_directory	src/compiler/wgsl/pipeline|src/native/vulkan	pending		within_directory:src/compiler/wgsl/pipeline;within_directory:src/native/vulkan	Read and review the complete scope.
cross_directory	src/compiler/wgsl/pipeline|src/verification	pending		within_directory:src/compiler/wgsl/pipeline;within_directory:src/verification	Read and review the complete scope.
cross_directory	src/compiler/wgsl/proof|src/verification	pending		within_directory:src/compiler/wgsl/proof;within_directory:src/verification	Read and review the complete scope.
cross_directory	src/compiler/wgsl/runtime|src/native/cache	pending		within_directory:src/compiler/wgsl/runtime;within_directory:src/native/cache	Read and review the complete scope.
cross_directory	src/compiler/wgsl/runtime|src/native/shader	pending		within_directory:src/compiler/wgsl/runtime;within_directory:src/native/shader	Read and review the complete scope.
cross_directory	src/compiler/wgsl/runtime|src/native/support	pending		within_directory:src/compiler/wgsl/runtime;within_directory:src/native/support	Read and review the complete scope.
cross_directory	src/compiler/wgsl/runtime|src/native/vulkan	pending		within_directory:src/compiler/wgsl/runtime;within_directory:src/native/vulkan	Read and review the complete scope.
cross_directory	src/compiler/wgsl/runtime|src/verification	pending		within_directory:src/compiler/wgsl/runtime;within_directory:src/verification	Read and review the complete scope.
cross_directory	src/composition|src/contracts	pending		within_directory:src/composition;within_directory:src/contracts	Read and review the complete scope.
cross_directory	src/composition|src/contracts/model	pending		within_directory:src/composition;within_directory:src/contracts/model	Read and review the complete scope.
cross_directory	src/composition|src/plan	pending		within_directory:src/composition;within_directory:src/plan	Read and review the complete scope.
cross_directory	src/composition|src/runtime	pending		within_directory:src/composition;within_directory:src/runtime	Read and review the complete scope.
cross_directory	src/contracts|src/contracts/model	pending		within_directory:src/contracts;within_directory:src/contracts/model	Read and review the complete scope.
cross_directory	src/contracts|src/contracts/numeric_stability	pending		within_directory:src/contracts;within_directory:src/contracts/numeric_stability	Read and review the complete scope.
cross_directory	src/contracts|src/contracts/primitives	pending		within_directory:src/contracts;within_directory:src/contracts/primitives	Read and review the complete scope.
cross_directory	src/contracts|src/contracts/shader_abi	pending		within_directory:src/contracts;within_directory:src/contracts/shader_abi	Read and review the complete scope.
cross_directory	src/contracts|src/core	pending		within_directory:src/contracts;within_directory:src/core	Read and review the complete scope.
cross_directory	src/contracts|src/core/abi	pending		within_directory:src/contracts;within_directory:src/core/abi	Read and review the complete scope.
cross_directory	src/contracts|src/dropin	pending		within_directory:src/contracts;within_directory:src/dropin	Read and review the complete scope.
cross_directory	src/contracts|src/evidence	pending		within_directory:src/contracts;within_directory:src/evidence	Read and review the complete scope.
cross_directory	src/contracts|src/full	pending		within_directory:src/contracts;within_directory:src/full	Read and review the complete scope.
cross_directory	src/contracts|src/full/command	pending		within_directory:src/contracts;within_directory:src/full/command	Read and review the complete scope.
cross_directory	src/contracts|src/full/modules/rendering	pending		within_directory:src/contracts;within_directory:src/full/modules/rendering	Read and review the complete scope.
cross_directory	src/contracts|src/full/modules/services	pending		within_directory:src/contracts;within_directory:src/full/modules/services	Read and review the complete scope.
cross_directory	src/contracts|src/native/api	pending		within_directory:src/contracts;within_directory:src/native/api	Read and review the complete scope.
cross_directory	src/contracts|src/native/command	pending		within_directory:src/contracts;within_directory:src/native/command	Read and review the complete scope.
cross_directory	src/contracts|src/native/compute	pending		within_directory:src/contracts;within_directory:src/native/compute	Read and review the complete scope.
cross_directory	src/contracts|src/native/diagnostics	pending		within_directory:src/contracts;within_directory:src/native/diagnostics	Read and review the complete scope.
cross_directory	src/contracts|src/native/lifecycle	pending		within_directory:src/contracts;within_directory:src/native/lifecycle	Read and review the complete scope.
cross_directory	src/contracts|src/native/queue	pending		within_directory:src/contracts;within_directory:src/native/queue	Read and review the complete scope.
cross_directory	src/contracts|src/native/render	pending		within_directory:src/contracts;within_directory:src/native/render	Read and review the complete scope.
cross_directory	src/contracts|src/native/resource	pending		within_directory:src/contracts;within_directory:src/native/resource	Read and review the complete scope.
cross_directory	src/contracts|src/native/support	pending		within_directory:src/contracts;within_directory:src/native/support	Read and review the complete scope.
cross_directory	src/contracts|src/native/surface	pending		within_directory:src/contracts;within_directory:src/native/surface	Read and review the complete scope.
cross_directory	src/contracts|src/native/vulkan	pending		within_directory:src/contracts;within_directory:src/native/vulkan	Read and review the complete scope.
cross_directory	src/contracts|src/plan	pending		within_directory:src/contracts;within_directory:src/plan	Read and review the complete scope.
cross_directory	src/contracts|src/quirk	pending		within_directory:src/contracts;within_directory:src/quirk	Read and review the complete scope.
cross_directory	src/contracts|src/runtime	pending		within_directory:src/contracts;within_directory:src/runtime	Read and review the complete scope.
cross_directory	src/contracts|src/runtime/numeric_stability	pending		within_directory:src/contracts;within_directory:src/runtime/numeric_stability	Read and review the complete scope.
cross_directory	src/contracts|src/runtime/numeric_stability/service	pending		within_directory:src/contracts;within_directory:src/runtime/numeric_stability/service	Read and review the complete scope.
cross_directory	src/contracts|src/runtime/render	pending		within_directory:src/contracts;within_directory:src/runtime/render	Read and review the complete scope.
cross_directory	src/contracts|src/runtime/security	pending		within_directory:src/contracts;within_directory:src/runtime/security	Read and review the complete scope.
cross_directory	src/contracts|src/runtime/trace	pending		within_directory:src/contracts;within_directory:src/runtime/trace	Read and review the complete scope.
cross_directory	src/contracts/model|src/core/abi	pending		within_directory:src/contracts/model;within_directory:src/core/abi	Read and review the complete scope.
cross_directory	src/contracts/model|src/core/compute	pending		within_directory:src/contracts/model;within_directory:src/core/compute	Read and review the complete scope.
cross_directory	src/contracts/model|src/core/resource	pending		within_directory:src/contracts/model;within_directory:src/core/resource	Read and review the complete scope.
cross_directory	src/contracts/model|src/full/lifecycle	pending		within_directory:src/contracts/model;within_directory:src/full/lifecycle	Read and review the complete scope.
cross_directory	src/contracts/model|src/full/render	pending		within_directory:src/contracts/model;within_directory:src/full/render	Read and review the complete scope.
cross_directory	src/contracts/model|src/full/surface	pending		within_directory:src/contracts/model;within_directory:src/full/surface	Read and review the complete scope.
cross_directory	src/contracts/model|src/native/lifecycle	pending		within_directory:src/contracts/model;within_directory:src/native/lifecycle	Read and review the complete scope.
cross_directory	src/contracts/model|src/native/render	pending		within_directory:src/contracts/model;within_directory:src/native/render	Read and review the complete scope.
cross_directory	src/contracts/model|src/native/resource	pending		within_directory:src/contracts/model;within_directory:src/native/resource	Read and review the complete scope.
cross_directory	src/contracts/model|src/native/shader	pending		within_directory:src/contracts/model;within_directory:src/native/shader	Read and review the complete scope.
cross_directory	src/contracts/model|src/native/support	pending		within_directory:src/contracts/model;within_directory:src/native/support	Read and review the complete scope.
cross_directory	src/contracts/model|src/native/surface	pending		within_directory:src/contracts/model;within_directory:src/native/surface	Read and review the complete scope.
cross_directory	src/contracts/model|src/native/vulkan	pending		within_directory:src/contracts/model;within_directory:src/native/vulkan	Read and review the complete scope.
cross_directory	src/contracts/model|src/plan	pending		within_directory:src/contracts/model;within_directory:src/plan	Read and review the complete scope.
cross_directory	src/contracts/model|src/quirk	pending		within_directory:src/contracts/model;within_directory:src/quirk	Read and review the complete scope.
cross_directory	src/contracts/model|src/runtime	pending		within_directory:src/contracts/model;within_directory:src/runtime	Read and review the complete scope.
cross_directory	src/contracts/model|src/runtime/numeric_stability	pending		within_directory:src/contracts/model;within_directory:src/runtime/numeric_stability	Read and review the complete scope.
cross_directory	src/contracts/model|src/runtime/trace	pending		within_directory:src/contracts/model;within_directory:src/runtime/trace	Read and review the complete scope.
cross_directory	src/contracts/numeric_stability|src/runtime/numeric_stability	pending		within_directory:src/contracts/numeric_stability;within_directory:src/runtime/numeric_stability	Read and review the complete scope.
cross_directory	src/contracts/primitives|src/runtime	pending		within_directory:src/contracts/primitives;within_directory:src/runtime	Read and review the complete scope.
cross_directory	src/contracts/primitives|src/runtime/trace	pending		within_directory:src/contracts/primitives;within_directory:src/runtime/trace	Read and review the complete scope.
cross_directory	src/core|src/core/compute	pending		within_directory:src/core;within_directory:src/core/compute	Read and review the complete scope.
cross_directory	src/core|src/core/resource	pending		within_directory:src/core;within_directory:src/core/resource	Read and review the complete scope.
cross_directory	src/core|src/full	pending		within_directory:src/core;within_directory:src/full	Read and review the complete scope.
cross_directory	src/core|src/full/command	pending		within_directory:src/core;within_directory:src/full/command	Read and review the complete scope.
cross_directory	src/core/abi|src/core/abi/generated	pending		within_directory:src/core/abi;within_directory:src/core/abi/generated	Read and review the complete scope.
cross_directory	src/core/abi|src/core/abi/procs	pending		within_directory:src/core/abi;within_directory:src/core/abi/procs	Read and review the complete scope.
cross_directory	src/core/abi|src/core/compute	pending		within_directory:src/core/abi;within_directory:src/core/compute	Read and review the complete scope.
cross_directory	src/core/abi|src/core/queue	pending		within_directory:src/core/abi;within_directory:src/core/queue	Read and review the complete scope.
cross_directory	src/core/abi|src/core/resource	pending		within_directory:src/core/abi;within_directory:src/core/resource	Read and review the complete scope.
cross_directory	src/core/abi|src/core/runtime	pending		within_directory:src/core/abi;within_directory:src/core/runtime	Read and review the complete scope.
cross_directory	src/core/abi|src/dropin	pending		within_directory:src/core/abi;within_directory:src/dropin	Read and review the complete scope.
cross_directory	src/core/abi|src/full/lifecycle	pending		within_directory:src/core/abi;within_directory:src/full/lifecycle	Read and review the complete scope.
cross_directory	src/core/abi|src/full/render	pending		within_directory:src/core/abi;within_directory:src/full/render	Read and review the complete scope.
cross_directory	src/core/abi|src/full/surface	pending		within_directory:src/core/abi;within_directory:src/full/surface	Read and review the complete scope.
cross_directory	src/core/abi|src/native/command	pending		within_directory:src/core/abi;within_directory:src/native/command	Read and review the complete scope.
cross_directory	src/core/abi|src/native/compute	pending		within_directory:src/core/abi;within_directory:src/native/compute	Read and review the complete scope.
cross_directory	src/core/abi|src/native/diagnostics	pending		within_directory:src/core/abi;within_directory:src/native/diagnostics	Read and review the complete scope.
cross_directory	src/core/abi|src/native/lifecycle	pending		within_directory:src/core/abi;within_directory:src/native/lifecycle	Read and review the complete scope.
cross_directory	src/core/abi|src/native/queue	pending		within_directory:src/core/abi;within_directory:src/native/queue	Read and review the complete scope.
cross_directory	src/core/abi|src/native/render	pending		within_directory:src/core/abi;within_directory:src/native/render	Read and review the complete scope.
cross_directory	src/core/abi|src/native/resource	pending		within_directory:src/core/abi;within_directory:src/native/resource	Read and review the complete scope.
cross_directory	src/core/abi|src/native/shader	pending		within_directory:src/core/abi;within_directory:src/native/shader	Read and review the complete scope.
cross_directory	src/core/abi|src/native/support	pending		within_directory:src/core/abi;within_directory:src/native/support	Read and review the complete scope.
cross_directory	src/core/abi|src/native/vulkan	pending		within_directory:src/core/abi;within_directory:src/native/vulkan	Read and review the complete scope.
cross_directory	src/core/abi|src/runtime	pending		within_directory:src/core/abi;within_directory:src/runtime	Read and review the complete scope.
cross_directory	src/core/abi|src/runtime/diagnostics	pending		within_directory:src/core/abi;within_directory:src/runtime/diagnostics	Read and review the complete scope.
cross_directory	src/core/abi|src/runtime/queue	pending		within_directory:src/core/abi;within_directory:src/runtime/queue	Read and review the complete scope.
cross_directory	src/core/abi|src/runtime/render	pending		within_directory:src/core/abi;within_directory:src/runtime/render	Read and review the complete scope.
cross_directory	src/core/abi/generated|src/core/abi/procs	pending		within_directory:src/core/abi/generated;within_directory:src/core/abi/procs	Read and review the complete scope.
cross_directory	src/core/abi/generated|src/native/vulkan	pending		within_directory:src/core/abi/generated;within_directory:src/native/vulkan	Read and review the complete scope.
cross_directory	src/core/abi/procs|src/core/compute	pending		within_directory:src/core/abi/procs;within_directory:src/core/compute	Read and review the complete scope.
cross_directory	src/core/abi/procs|src/core/resource	pending		within_directory:src/core/abi/procs;within_directory:src/core/resource	Read and review the complete scope.
cross_directory	src/core/abi/procs|src/core/runtime	pending		within_directory:src/core/abi/procs;within_directory:src/core/runtime	Read and review the complete scope.
cross_directory	src/core/abi/procs|src/dropin	pending		within_directory:src/core/abi/procs;within_directory:src/dropin	Read and review the complete scope.
cross_directory	src/core/abi/procs|src/full/lifecycle	pending		within_directory:src/core/abi/procs;within_directory:src/full/lifecycle	Read and review the complete scope.
cross_directory	src/core/abi/procs|src/full/render	pending		within_directory:src/core/abi/procs;within_directory:src/full/render	Read and review the complete scope.
cross_directory	src/core/compute|src/core/resource	pending		within_directory:src/core/compute;within_directory:src/core/resource	Read and review the complete scope.
cross_directory	src/core/compute|src/native/compute	pending		within_directory:src/core/compute;within_directory:src/native/compute	Read and review the complete scope.
cross_directory	src/core/resource|src/full/lifecycle	pending		within_directory:src/core/resource;within_directory:src/full/lifecycle	Read and review the complete scope.
cross_directory	src/core/resource|src/full/render	pending		within_directory:src/core/resource;within_directory:src/full/render	Read and review the complete scope.
cross_directory	src/core/resource|src/full/surface	pending		within_directory:src/core/resource;within_directory:src/full/surface	Read and review the complete scope.
cross_directory	src/dropin|src/full/render	pending		within_directory:src/dropin;within_directory:src/full/render	Read and review the complete scope.
cross_directory	src/dropin|src/full/surface	pending		within_directory:src/dropin;within_directory:src/full/surface	Read and review the complete scope.
cross_directory	src/dropin|src/native	pending		within_directory:src/dropin;within_directory:src/native	Read and review the complete scope.
cross_directory	src/dropin|src/native/command	pending		within_directory:src/dropin;within_directory:src/native/command	Read and review the complete scope.
cross_directory	src/dropin|src/native/compute	pending		within_directory:src/dropin;within_directory:src/native/compute	Read and review the complete scope.
cross_directory	src/dropin|src/native/queue	pending		within_directory:src/dropin;within_directory:src/native/queue	Read and review the complete scope.
cross_directory	src/dropin|src/native/resource	pending		within_directory:src/dropin;within_directory:src/native/resource	Read and review the complete scope.
cross_directory	src/dropin|src/native/support	pending		within_directory:src/dropin;within_directory:src/native/support	Read and review the complete scope.
cross_directory	src/dropin|src/runtime	pending		within_directory:src/dropin;within_directory:src/runtime	Read and review the complete scope.
cross_directory	src/dropin|src/runtime/diagnostics	pending		within_directory:src/dropin;within_directory:src/runtime/diagnostics	Read and review the complete scope.
cross_directory	src/dropin|src/runtime/queue	pending		within_directory:src/dropin;within_directory:src/runtime/queue	Read and review the complete scope.
cross_directory	src/dropin|src/runtime/render	pending		within_directory:src/dropin;within_directory:src/runtime/render	Read and review the complete scope.
cross_directory	src/full|src/full/command	pending		within_directory:src/full;within_directory:src/full/command	Read and review the complete scope.
cross_directory	src/full|src/full/lifecycle	pending		within_directory:src/full;within_directory:src/full/lifecycle	Read and review the complete scope.
cross_directory	src/full|src/full/render	pending		within_directory:src/full;within_directory:src/full/render	Read and review the complete scope.
cross_directory	src/full|src/full/surface	pending		within_directory:src/full;within_directory:src/full/surface	Read and review the complete scope.
cross_directory	src/full/command|src/runtime/security	pending		within_directory:src/full/command;within_directory:src/runtime/security	Read and review the complete scope.
cross_directory	src/full/lifecycle|src/full/render	pending		within_directory:src/full/lifecycle;within_directory:src/full/render	Read and review the complete scope.
cross_directory	src/full/lifecycle|src/full/surface	pending		within_directory:src/full/lifecycle;within_directory:src/full/surface	Read and review the complete scope.
cross_directory	src/full/render|src/native/command	pending		within_directory:src/full/render;within_directory:src/native/command	Read and review the complete scope.
cross_directory	src/full/render|src/native/render	pending		within_directory:src/full/render;within_directory:src/native/render	Read and review the complete scope.
cross_directory	src/full/surface|src/native/surface	pending		within_directory:src/full/surface;within_directory:src/native/surface	Read and review the complete scope.
cross_directory	src/native|src/native/api	pending		within_directory:src/native;within_directory:src/native/api	Read and review the complete scope.
cross_directory	src/native|src/native/cache	pending		within_directory:src/native;within_directory:src/native/cache	Read and review the complete scope.
cross_directory	src/native|src/native/compute	pending		within_directory:src/native;within_directory:src/native/compute	Read and review the complete scope.
cross_directory	src/native/api|src/native/command	pending		within_directory:src/native/api;within_directory:src/native/command	Read and review the complete scope.
cross_directory	src/native/api|src/native/compute	pending		within_directory:src/native/api;within_directory:src/native/compute	Read and review the complete scope.
cross_directory	src/native/api|src/native/diagnostics	pending		within_directory:src/native/api;within_directory:src/native/diagnostics	Read and review the complete scope.
cross_directory	src/native/api|src/native/lifecycle	pending		within_directory:src/native/api;within_directory:src/native/lifecycle	Read and review the complete scope.
cross_directory	src/native/api|src/native/queue	pending		within_directory:src/native/api;within_directory:src/native/queue	Read and review the complete scope.
cross_directory	src/native/api|src/native/render	pending		within_directory:src/native/api;within_directory:src/native/render	Read and review the complete scope.
cross_directory	src/native/api|src/native/resource	pending		within_directory:src/native/api;within_directory:src/native/resource	Read and review the complete scope.
cross_directory	src/native/api|src/native/shader	pending		within_directory:src/native/api;within_directory:src/native/shader	Read and review the complete scope.
cross_directory	src/native/api|src/native/support	pending		within_directory:src/native/api;within_directory:src/native/support	Read and review the complete scope.
cross_directory	src/native/api|src/native/surface	pending		within_directory:src/native/api;within_directory:src/native/surface	Read and review the complete scope.
cross_directory	src/native/cache|src/native/lifecycle	pending		within_directory:src/native/cache;within_directory:src/native/lifecycle	Read and review the complete scope.
cross_directory	src/native/cache|src/native/shader	pending		within_directory:src/native/cache;within_directory:src/native/shader	Read and review the complete scope.
cross_directory	src/native/cache|src/native/support	pending		within_directory:src/native/cache;within_directory:src/native/support	Read and review the complete scope.
cross_directory	src/native/cache|src/runtime/cache	pending		within_directory:src/native/cache;within_directory:src/runtime/cache	Read and review the complete scope.
cross_directory	src/native/cache|src/runtime/device	pending		within_directory:src/native/cache;within_directory:src/runtime/device	Read and review the complete scope.
cross_directory	src/native/command|src/native/compute	pending		within_directory:src/native/command;within_directory:src/native/compute	Read and review the complete scope.
cross_directory	src/native/command|src/native/lifecycle	pending		within_directory:src/native/command;within_directory:src/native/lifecycle	Read and review the complete scope.
cross_directory	src/native/command|src/native/queue	pending		within_directory:src/native/command;within_directory:src/native/queue	Read and review the complete scope.
cross_directory	src/native/command|src/native/render	pending		within_directory:src/native/command;within_directory:src/native/render	Read and review the complete scope.
cross_directory	src/native/command|src/native/resource	pending		within_directory:src/native/command;within_directory:src/native/resource	Read and review the complete scope.
cross_directory	src/native/command|src/native/support	pending		within_directory:src/native/command;within_directory:src/native/support	Read and review the complete scope.
cross_directory	src/native/command|src/native/vulkan	pending		within_directory:src/native/command;within_directory:src/native/vulkan	Read and review the complete scope.
cross_directory	src/native/command|src/runtime/diagnostics	pending		within_directory:src/native/command;within_directory:src/runtime/diagnostics	Read and review the complete scope.
cross_directory	src/native/command|src/runtime/render	pending		within_directory:src/native/command;within_directory:src/runtime/render	Read and review the complete scope.
cross_directory	src/native/compute|src/native/diagnostics	pending		within_directory:src/native/compute;within_directory:src/native/diagnostics	Read and review the complete scope.
cross_directory	src/native/compute|src/native/queue	pending		within_directory:src/native/compute;within_directory:src/native/queue	Read and review the complete scope.
cross_directory	src/native/compute|src/native/resource	pending		within_directory:src/native/compute;within_directory:src/native/resource	Read and review the complete scope.
cross_directory	src/native/compute|src/native/shader	pending		within_directory:src/native/compute;within_directory:src/native/shader	Read and review the complete scope.
cross_directory	src/native/compute|src/native/support	pending		within_directory:src/native/compute;within_directory:src/native/support	Read and review the complete scope.
cross_directory	src/native/compute|src/native/vulkan	pending		within_directory:src/native/compute;within_directory:src/native/vulkan	Read and review the complete scope.
cross_directory	src/native/compute|src/runtime/diagnostics	pending		within_directory:src/native/compute;within_directory:src/runtime/diagnostics	Read and review the complete scope.
cross_directory	src/native/diagnostics|src/native/lifecycle	pending		within_directory:src/native/diagnostics;within_directory:src/native/lifecycle	Read and review the complete scope.
cross_directory	src/native/diagnostics|src/native/queue	pending		within_directory:src/native/diagnostics;within_directory:src/native/queue	Read and review the complete scope.
cross_directory	src/native/diagnostics|src/native/support	pending		within_directory:src/native/diagnostics;within_directory:src/native/support	Read and review the complete scope.
cross_directory	src/native/diagnostics|src/native/vulkan	pending		within_directory:src/native/diagnostics;within_directory:src/native/vulkan	Read and review the complete scope.
cross_directory	src/native/diagnostics|src/runtime/diagnostics	pending		within_directory:src/native/diagnostics;within_directory:src/runtime/diagnostics	Read and review the complete scope.
cross_directory	src/native/lifecycle|src/native/resource	pending		within_directory:src/native/lifecycle;within_directory:src/native/resource	Read and review the complete scope.
cross_directory	src/native/lifecycle|src/native/shader	pending		within_directory:src/native/lifecycle;within_directory:src/native/shader	Read and review the complete scope.
cross_directory	src/native/lifecycle|src/native/support	pending		within_directory:src/native/lifecycle;within_directory:src/native/support	Read and review the complete scope.
cross_directory	src/native/lifecycle|src/native/surface	pending		within_directory:src/native/lifecycle;within_directory:src/native/surface	Read and review the complete scope.
cross_directory	src/native/lifecycle|src/native/vulkan	pending		within_directory:src/native/lifecycle;within_directory:src/native/vulkan	Read and review the complete scope.
cross_directory	src/native/lifecycle|src/runtime/device	pending		within_directory:src/native/lifecycle;within_directory:src/runtime/device	Read and review the complete scope.
cross_directory	src/native/queue|src/native/render	pending		within_directory:src/native/queue;within_directory:src/native/render	Read and review the complete scope.
cross_directory	src/native/queue|src/native/resource	pending		within_directory:src/native/queue;within_directory:src/native/resource	Read and review the complete scope.
cross_directory	src/native/queue|src/native/support	pending		within_directory:src/native/queue;within_directory:src/native/support	Read and review the complete scope.
cross_directory	src/native/queue|src/native/vulkan	pending		within_directory:src/native/queue;within_directory:src/native/vulkan	Read and review the complete scope.
cross_directory	src/native/queue|src/runtime	pending		within_directory:src/native/queue;within_directory:src/runtime	Read and review the complete scope.
cross_directory	src/native/queue|src/runtime/diagnostics	pending		within_directory:src/native/queue;within_directory:src/runtime/diagnostics	Read and review the complete scope.
cross_directory	src/native/queue|src/runtime/render	pending		within_directory:src/native/queue;within_directory:src/runtime/render	Read and review the complete scope.
cross_directory	src/native/render|src/native/resource	pending		within_directory:src/native/render;within_directory:src/native/resource	Read and review the complete scope.
cross_directory	src/native/render|src/native/support	pending		within_directory:src/native/render;within_directory:src/native/support	Read and review the complete scope.
cross_directory	src/native/render|src/native/vulkan	pending		within_directory:src/native/render;within_directory:src/native/vulkan	Read and review the complete scope.
cross_directory	src/native/render|src/runtime/diagnostics	pending		within_directory:src/native/render;within_directory:src/runtime/diagnostics	Read and review the complete scope.
cross_directory	src/native/render|src/runtime/render	pending		within_directory:src/native/render;within_directory:src/runtime/render	Read and review the complete scope.
cross_directory	src/native/resource|src/native/shader	pending		within_directory:src/native/resource;within_directory:src/native/shader	Read and review the complete scope.
cross_directory	src/native/resource|src/native/support	pending		within_directory:src/native/resource;within_directory:src/native/support	Read and review the complete scope.
cross_directory	src/native/resource|src/native/vulkan	pending		within_directory:src/native/resource;within_directory:src/native/vulkan	Read and review the complete scope.
cross_directory	src/native/resource|src/runtime/diagnostics	pending		within_directory:src/native/resource;within_directory:src/runtime/diagnostics	Read and review the complete scope.
cross_directory	src/native/shader|src/native/support	pending		within_directory:src/native/shader;within_directory:src/native/support	Read and review the complete scope.
cross_directory	src/native/shader|src/native/vulkan	pending		within_directory:src/native/shader;within_directory:src/native/vulkan	Read and review the complete scope.
cross_directory	src/native/shader|src/runtime/cache	pending		within_directory:src/native/shader;within_directory:src/runtime/cache	Read and review the complete scope.
cross_directory	src/native/support|src/native/surface	pending		within_directory:src/native/support;within_directory:src/native/surface	Read and review the complete scope.
cross_directory	src/native/support|src/native/vulkan	pending		within_directory:src/native/support;within_directory:src/native/vulkan	Read and review the complete scope.
cross_directory	src/native/support|src/runtime/diagnostics	pending		within_directory:src/native/support;within_directory:src/runtime/diagnostics	Read and review the complete scope.
cross_directory	src/native/support|src/runtime/queue	pending		within_directory:src/native/support;within_directory:src/runtime/queue	Read and review the complete scope.
cross_directory	src/native/surface|src/native/vulkan	pending		within_directory:src/native/surface;within_directory:src/native/vulkan	Read and review the complete scope.
cross_directory	src/native/vulkan|src/runtime/diagnostics	pending		within_directory:src/native/vulkan;within_directory:src/runtime/diagnostics	Read and review the complete scope.
cross_directory	src/plan|src/quirk	pending		within_directory:src/plan;within_directory:src/quirk	Read and review the complete scope.
cross_directory	src/plan|src/runtime	pending		within_directory:src/plan;within_directory:src/runtime	Read and review the complete scope.
cross_directory	src/plan|src/runtime/trace	pending		within_directory:src/plan;within_directory:src/runtime/trace	Read and review the complete scope.
cross_directory	src/quirk|src/runtime/trace	pending		within_directory:src/quirk;within_directory:src/runtime/trace	Read and review the complete scope.
cross_directory	src/quirk|src/verification	pending		within_directory:src/quirk;within_directory:src/verification	Read and review the complete scope.
cross_directory	src/runtime|src/runtime/device	pending		within_directory:src/runtime;within_directory:src/runtime/device	Read and review the complete scope.
cross_directory	src/runtime|src/runtime/numeric_stability	pending		within_directory:src/runtime;within_directory:src/runtime/numeric_stability	Read and review the complete scope.
cross_directory	src/runtime|src/runtime/queue	pending		within_directory:src/runtime;within_directory:src/runtime/queue	Read and review the complete scope.
cross_directory	src/runtime|src/runtime/simd	pending		within_directory:src/runtime;within_directory:src/runtime/simd	Read and review the complete scope.
cross_directory	src/runtime|src/runtime/trace	pending		within_directory:src/runtime;within_directory:src/runtime/trace	Read and review the complete scope.
cross_directory	src/runtime/numeric_stability|src/runtime/numeric_stability/service	pending		within_directory:src/runtime/numeric_stability;within_directory:src/runtime/numeric_stability/service	Read and review the complete scope.
cross_directory	src/runtime/numeric_stability|src/runtime/simd	pending		within_directory:src/runtime/numeric_stability;within_directory:src/runtime/simd	Read and review the complete scope.
cross_directory	src/runtime/numeric_stability|src/runtime/trace	pending		within_directory:src/runtime/numeric_stability;within_directory:src/runtime/trace	Read and review the complete scope.
cross_directory	src/runtime/trace|src/tooling	pending		within_directory:src/runtime/trace;within_directory:src/tooling	Read and review the complete scope.
system	.	pending		within_directory:.;cross_directory:src|src/app;cross_directory:src|src/backend/ports;cross_directory:src|src/cli;cross_directory:src|src/compiler;cross_directory:src|src/composition;cross_directory:src|src/contracts;cross_directory:src|src/dropin;cross_directory:src|src/evidence;cross_directory:src|src/plan;cross_directory:src|src/runtime;cross_directory:src|src/verification;cross_directory:src/app|src/backend/ports;cross_directory:src/app|src/contracts;cross_directory:src/app|src/contracts/model;cross_directory:src/app|src/runtime;cross_directory:src/backend|src/backend/common;cross_directory:src/backend|src/backend/d3d12;cross_directory:src/backend|src/backend/d3d12/commands;cross_directory:src/backend|src/backend/metal;cross_directory:src/backend|src/backend/ports;cross_directory:src/backend|src/backend/vulkan;cross_directory:src/backend|src/compat;cross_directory:src/backend|src/composition;cross_directory:src/backend|src/contracts;cross_directory:src/backend|src/contracts/model;cross_directory:src/backend|src/core/abi;cross_directory:src/backend|src/core/abi/procs;cross_directory:src/backend|src/core/compute;cross_directory:src/backend|src/core/queue;cross_directory:src/backend|src/core/resource;cross_directory:src/backend|src/core/runtime;cross_directory:src/backend|src/dropin;cross_directory:src/backend|src/full/command;cross_directory:src/backend|src/full/surface;cross_directory:src/backend|src/native/cache;cross_directory:src/backend|src/native/compute;cross_directory:src/backend|src/native/lifecycle;cross_directory:src/backend|src/native/queue;cross_directory:src/backend|src/native/render;cross_directory:src/backend|src/native/resource;cross_directory:src/backend|src/native/shader;cross_directory:src/backend|src/native/support;cross_directory:src/backend|src/native/surface;cross_directory:src/backend|src/native/vulkan;cross_directory:src/backend|src/runtime;cross_directory:src/backend|src/runtime/diagnostics;cross_directory:src/backend/common|src/backend/d3d12;cross_directory:src/backend/common|src/backend/d3d12/commands;cross_directory:src/backend/common|src/backend/d3d12/resources;cross_directory:src/backend/common|src/backend/d3d12/surface;cross_directory:src/backend/common|src/backend/metal;cross_directory:src/backend/common|src/backend/vulkan;cross_directory:src/backend/common|src/contracts;cross_directory:src/backend/common|src/full/surface;cross_directory:src/backend/d3d12|src/backend/d3d12/commands;cross_directory:src/backend/d3d12|src/backend/d3d12/resources;cross_directory:src/backend/d3d12|src/backend/d3d12/surface;cross_directory:src/backend/d3d12|src/backend/ports;cross_directory:src/backend/d3d12|src/compiler/wgsl/pipeline;cross_directory:src/backend/d3d12|src/composition;cross_directory:src/backend/d3d12|src/contracts;cross_directory:src/backend/d3d12|src/contracts/model;cross_directory:src/backend/d3d12|src/contracts/shader_abi;cross_directory:src/backend/d3d12|src/core/abi;cross_directory:src/backend/d3d12|src/runtime/render;cross_directory:src/backend/d3d12/commands|src/backend/d3d12/resources;cross_directory:src/backend/d3d12/commands|src/contracts;cross_directory:src/backend/d3d12/commands|src/contracts/model;cross_directory:src/backend/d3d12/commands|src/core/abi;cross_directory:src/backend/d3d12/commands|src/native/support;cross_directory:src/backend/d3d12/commands|src/runtime/render;cross_directory:src/backend/d3d12/resources|src/contracts/model;cross_directory:src/backend/d3d12/surface|src/contracts/model;cross_directory:src/backend/metal|src/backend/ports;cross_directory:src/backend/metal|src/compiler/wgsl/emit/msl;cross_directory:src/backend/metal|src/compiler/wgsl/pipeline;cross_directory:src/backend/metal|src/compiler/wgsl/runtime;cross_directory:src/backend/metal|src/composition;cross_directory:src/backend/metal|src/contracts;cross_directory:src/backend/metal|src/contracts/model;cross_directory:src/backend/metal|src/runtime;cross_directory:src/backend/ports|src/backend/vulkan;cross_directory:src/backend/ports|src/composition;cross_directory:src/backend/ports|src/contracts;cross_directory:src/backend/ports|src/contracts/model;cross_directory:src/backend/ports|src/runtime;cross_directory:src/backend/vulkan|src/compiler/wgsl/pipeline;cross_directory:src/backend/vulkan|src/composition;cross_directory:src/backend/vulkan|src/contracts;cross_directory:src/backend/vulkan|src/contracts/model;cross_directory:src/backend/vulkan|src/core/abi;cross_directory:src/backend/vulkan|src/native/vulkan;cross_directory:src/backend/vulkan|src/runtime/render;cross_directory:src/cli|src/cli/entrypoints;cross_directory:src/cli|src/command;cross_directory:src/cli|src/composition;cross_directory:src/cli|src/contracts;cross_directory:src/cli|src/contracts/model;cross_directory:src/cli|src/core/abi;cross_directory:src/cli|src/full/modules/rendering;cross_directory:src/cli|src/full/modules/services;cross_directory:src/cli|src/plan;cross_directory:src/cli|src/quirk;cross_directory:src/cli|src/runtime;cross_directory:src/cli|src/runtime/numeric_stability;cross_directory:src/cli|src/runtime/trace;cross_directory:src/cli|src/tooling;cross_directory:src/command|src/contracts;cross_directory:src/command|src/contracts/model;cross_directory:src/command|src/contracts/numeric_stability;cross_directory:src/compat|src/contracts;cross_directory:src/compiler|src/compiler/targets;cross_directory:src/compiler|src/compiler/tsir;cross_directory:src/compiler|src/compiler/wgsl;cross_directory:src/compiler|src/compiler/wgsl/emit/csl;cross_directory:src/compiler|src/compiler/wgsl/emit/hlsl;cross_directory:src/compiler|src/compiler/wgsl/emit/msl;cross_directory:src/compiler|src/compiler/wgsl/emit/spirv;cross_directory:src/compiler|src/compiler/wgsl/frontend;cross_directory:src/compiler|src/compiler/wgsl/ir;cross_directory:src/compiler|src/compiler/wgsl/runtime;cross_directory:src/compiler/targets|src/compiler/tsir;cross_directory:src/compiler/tsir|src/compiler/wgsl/emit/csl;cross_directory:src/compiler/tsir|src/compiler/wgsl/ir;cross_directory:src/compiler/wgsl|src/compiler/wgsl/emit/csl;cross_directory:src/compiler/wgsl|src/compiler/wgsl/emit/dxil;cross_directory:src/compiler/wgsl|src/compiler/wgsl/emit/hlsl;cross_directory:src/compiler/wgsl|src/compiler/wgsl/emit/msl;cross_directory:src/compiler/wgsl|src/compiler/wgsl/emit/spirv;cross_directory:src/compiler/wgsl|src/compiler/wgsl/frontend;cross_directory:src/compiler/wgsl|src/compiler/wgsl/ir;cross_directory:src/compiler/wgsl|src/compiler/wgsl/pipeline;cross_directory:src/compiler/wgsl|src/contracts/shader_abi;cross_directory:src/compiler/wgsl/emit|src/compiler/wgsl/emit/csl;cross_directory:src/compiler/wgsl/emit|src/compiler/wgsl/emit/dxil;cross_directory:src/compiler/wgsl/emit|src/compiler/wgsl/emit/hlsl;cross_directory:src/compiler/wgsl/emit|src/compiler/wgsl/emit/msl;cross_directory:src/compiler/wgsl/emit|src/compiler/wgsl/ir;cross_directory:src/compiler/wgsl/emit/csl|src/compiler/wgsl/ir;cross_directory:src/compiler/wgsl/emit/csl|src/compiler/wgsl/pipeline;cross_directory:src/compiler/wgsl/emit/dxil|src/compiler/wgsl/emit/hlsl;cross_directory:src/compiler/wgsl/emit/dxil|src/compiler/wgsl/ir;cross_directory:src/compiler/wgsl/emit/dxil|src/compiler/wgsl/pipeline;cross_directory:src/compiler/wgsl/emit/hlsl|src/compiler/wgsl/ir;cross_directory:src/compiler/wgsl/emit/hlsl|src/compiler/wgsl/pipeline;cross_directory:src/compiler/wgsl/emit/hlsl|src/contracts/shader_abi;cross_directory:src/compiler/wgsl/emit/msl|src/compiler/wgsl/ir;cross_directory:src/compiler/wgsl/emit/msl|src/compiler/wgsl/pipeline;cross_directory:src/compiler/wgsl/emit/msl|src/compiler/wgsl/runtime;cross_directory:src/compiler/wgsl/emit/msl|src/native/compute;cross_directory:src/compiler/wgsl/emit/msl|src/native/queue;cross_directory:src/compiler/wgsl/emit/spirv|src/compiler/wgsl/frontend;cross_directory:src/compiler/wgsl/emit/spirv|src/compiler/wgsl/ir;cross_directory:src/compiler/wgsl/emit/spirv|src/compiler/wgsl/pipeline;cross_directory:src/compiler/wgsl/emit/spirv|src/compiler/wgsl/runtime;cross_directory:src/compiler/wgsl/frontend|src/compiler/wgsl/ir;cross_directory:src/compiler/wgsl/frontend|src/compiler/wgsl/pipeline;cross_directory:src/compiler/wgsl/frontend|src/contracts/primitives;cross_directory:src/compiler/wgsl/ir|src/compiler/wgsl/pipeline;cross_directory:src/compiler/wgsl/ir|src/compiler/wgsl/proof;cross_directory:src/compiler/wgsl/ir|src/compiler/wgsl/runtime;cross_directory:src/compiler/wgsl/ir|src/core/compute;cross_directory:src/compiler/wgsl/ir|src/native/cache;cross_directory:src/compiler/wgsl/ir|src/native/compute;cross_directory:src/compiler/wgsl/ir|src/native/shader;cross_directory:src/compiler/wgsl/ir|src/native/support;cross_directory:src/compiler/wgsl/ir|src/native/vulkan;cross_directory:src/compiler/wgsl/ir|src/verification;cross_directory:src/compiler/wgsl/pipeline|src/compiler/wgsl/runtime;cross_directory:src/compiler/wgsl/pipeline|src/contracts;cross_directory:src/compiler/wgsl/pipeline|src/native/shader;cross_directory:src/compiler/wgsl/pipeline|src/native/support;cross_directory:src/compiler/wgsl/pipeline|src/native/vulkan;cross_directory:src/compiler/wgsl/pipeline|src/verification;cross_directory:src/compiler/wgsl/proof|src/verification;cross_directory:src/compiler/wgsl/runtime|src/native/cache;cross_directory:src/compiler/wgsl/runtime|src/native/shader;cross_directory:src/compiler/wgsl/runtime|src/native/support;cross_directory:src/compiler/wgsl/runtime|src/native/vulkan;cross_directory:src/compiler/wgsl/runtime|src/verification;cross_directory:src/composition|src/contracts;cross_directory:src/composition|src/contracts/model;cross_directory:src/composition|src/plan;cross_directory:src/composition|src/runtime;cross_directory:src/contracts|src/contracts/model;cross_directory:src/contracts|src/contracts/numeric_stability;cross_directory:src/contracts|src/contracts/primitives;cross_directory:src/contracts|src/contracts/shader_abi;cross_directory:src/contracts|src/core;cross_directory:src/contracts|src/core/abi;cross_directory:src/contracts|src/dropin;cross_directory:src/contracts|src/evidence;cross_directory:src/contracts|src/full;cross_directory:src/contracts|src/full/command;cross_directory:src/contracts|src/full/modules/rendering;cross_directory:src/contracts|src/full/modules/services;cross_directory:src/contracts|src/native/api;cross_directory:src/contracts|src/native/command;cross_directory:src/contracts|src/native/compute;cross_directory:src/contracts|src/native/diagnostics;cross_directory:src/contracts|src/native/lifecycle;cross_directory:src/contracts|src/native/queue;cross_directory:src/contracts|src/native/render;cross_directory:src/contracts|src/native/resource;cross_directory:src/contracts|src/native/support;cross_directory:src/contracts|src/native/surface;cross_directory:src/contracts|src/native/vulkan;cross_directory:src/contracts|src/plan;cross_directory:src/contracts|src/quirk;cross_directory:src/contracts|src/runtime;cross_directory:src/contracts|src/runtime/numeric_stability;cross_directory:src/contracts|src/runtime/numeric_stability/service;cross_directory:src/contracts|src/runtime/render;cross_directory:src/contracts|src/runtime/security;cross_directory:src/contracts|src/runtime/trace;cross_directory:src/contracts/model|src/core/abi;cross_directory:src/contracts/model|src/core/compute;cross_directory:src/contracts/model|src/core/resource;cross_directory:src/contracts/model|src/full/lifecycle;cross_directory:src/contracts/model|src/full/render;cross_directory:src/contracts/model|src/full/surface;cross_directory:src/contracts/model|src/native/lifecycle;cross_directory:src/contracts/model|src/native/render;cross_directory:src/contracts/model|src/native/resource;cross_directory:src/contracts/model|src/native/shader;cross_directory:src/contracts/model|src/native/support;cross_directory:src/contracts/model|src/native/surface;cross_directory:src/contracts/model|src/native/vulkan;cross_directory:src/contracts/model|src/plan;cross_directory:src/contracts/model|src/quirk;cross_directory:src/contracts/model|src/runtime;cross_directory:src/contracts/model|src/runtime/numeric_stability;cross_directory:src/contracts/model|src/runtime/trace;cross_directory:src/contracts/numeric_stability|src/runtime/numeric_stability;cross_directory:src/contracts/primitives|src/runtime;cross_directory:src/contracts/primitives|src/runtime/trace;cross_directory:src/core|src/core/compute;cross_directory:src/core|src/core/resource;cross_directory:src/core|src/full;cross_directory:src/core|src/full/command;cross_directory:src/core/abi|src/core/abi/generated;cross_directory:src/core/abi|src/core/abi/procs;cross_directory:src/core/abi|src/core/compute;cross_directory:src/core/abi|src/core/queue;cross_directory:src/core/abi|src/core/resource;cross_directory:src/core/abi|src/core/runtime;cross_directory:src/core/abi|src/dropin;cross_directory:src/core/abi|src/full/lifecycle;cross_directory:src/core/abi|src/full/render;cross_directory:src/core/abi|src/full/surface;cross_directory:src/core/abi|src/native/command;cross_directory:src/core/abi|src/native/compute;cross_directory:src/core/abi|src/native/diagnostics;cross_directory:src/core/abi|src/native/lifecycle;cross_directory:src/core/abi|src/native/queue;cross_directory:src/core/abi|src/native/render;cross_directory:src/core/abi|src/native/resource;cross_directory:src/core/abi|src/native/shader;cross_directory:src/core/abi|src/native/support;cross_directory:src/core/abi|src/native/vulkan;cross_directory:src/core/abi|src/runtime;cross_directory:src/core/abi|src/runtime/diagnostics;cross_directory:src/core/abi|src/runtime/queue;cross_directory:src/core/abi|src/runtime/render;cross_directory:src/core/abi/generated|src/core/abi/procs;cross_directory:src/core/abi/generated|src/native/vulkan;cross_directory:src/core/abi/procs|src/core/compute;cross_directory:src/core/abi/procs|src/core/resource;cross_directory:src/core/abi/procs|src/core/runtime;cross_directory:src/core/abi/procs|src/dropin;cross_directory:src/core/abi/procs|src/full/lifecycle;cross_directory:src/core/abi/procs|src/full/render;cross_directory:src/core/compute|src/core/resource;cross_directory:src/core/compute|src/native/compute;cross_directory:src/core/resource|src/full/lifecycle;cross_directory:src/core/resource|src/full/render;cross_directory:src/core/resource|src/full/surface;cross_directory:src/dropin|src/full/render;cross_directory:src/dropin|src/full/surface;cross_directory:src/dropin|src/native;cross_directory:src/dropin|src/native/command;cross_directory:src/dropin|src/native/compute;cross_directory:src/dropin|src/native/queue;cross_directory:src/dropin|src/native/resource;cross_directory:src/dropin|src/native/support;cross_directory:src/dropin|src/runtime;cross_directory:src/dropin|src/runtime/diagnostics;cross_directory:src/dropin|src/runtime/queue;cross_directory:src/dropin|src/runtime/render;cross_directory:src/full|src/full/command;cross_directory:src/full|src/full/lifecycle;cross_directory:src/full|src/full/render;cross_directory:src/full|src/full/surface;cross_directory:src/full/command|src/runtime/security;cross_directory:src/full/lifecycle|src/full/render;cross_directory:src/full/lifecycle|src/full/surface;cross_directory:src/full/render|src/native/command;cross_directory:src/full/render|src/native/render;cross_directory:src/full/surface|src/native/surface;cross_directory:src/native|src/native/api;cross_directory:src/native|src/native/cache;cross_directory:src/native|src/native/compute;cross_directory:src/native/api|src/native/command;cross_directory:src/native/api|src/native/compute;cross_directory:src/native/api|src/native/diagnostics;cross_directory:src/native/api|src/native/lifecycle;cross_directory:src/native/api|src/native/queue;cross_directory:src/native/api|src/native/render;cross_directory:src/native/api|src/native/resource;cross_directory:src/native/api|src/native/shader;cross_directory:src/native/api|src/native/support;cross_directory:src/native/api|src/native/surface;cross_directory:src/native/cache|src/native/lifecycle;cross_directory:src/native/cache|src/native/shader;cross_directory:src/native/cache|src/native/support;cross_directory:src/native/cache|src/runtime/cache;cross_directory:src/native/cache|src/runtime/device;cross_directory:src/native/command|src/native/compute;cross_directory:src/native/command|src/native/lifecycle;cross_directory:src/native/command|src/native/queue;cross_directory:src/native/command|src/native/render;cross_directory:src/native/command|src/native/resource;cross_directory:src/native/command|src/native/support;cross_directory:src/native/command|src/native/vulkan;cross_directory:src/native/command|src/runtime/diagnostics;cross_directory:src/native/command|src/runtime/render;cross_directory:src/native/compute|src/native/diagnostics;cross_directory:src/native/compute|src/native/queue;cross_directory:src/native/compute|src/native/resource;cross_directory:src/native/compute|src/native/shader;cross_directory:src/native/compute|src/native/support;cross_directory:src/native/compute|src/native/vulkan;cross_directory:src/native/compute|src/runtime/diagnostics;cross_directory:src/native/diagnostics|src/native/lifecycle;cross_directory:src/native/diagnostics|src/native/queue;cross_directory:src/native/diagnostics|src/native/support;cross_directory:src/native/diagnostics|src/native/vulkan;cross_directory:src/native/diagnostics|src/runtime/diagnostics;cross_directory:src/native/lifecycle|src/native/resource;cross_directory:src/native/lifecycle|src/native/shader;cross_directory:src/native/lifecycle|src/native/support;cross_directory:src/native/lifecycle|src/native/surface;cross_directory:src/native/lifecycle|src/native/vulkan;cross_directory:src/native/lifecycle|src/runtime/device;cross_directory:src/native/queue|src/native/render;cross_directory:src/native/queue|src/native/resource;cross_directory:src/native/queue|src/native/support;cross_directory:src/native/queue|src/native/vulkan;cross_directory:src/native/queue|src/runtime;cross_directory:src/native/queue|src/runtime/diagnostics;cross_directory:src/native/queue|src/runtime/render;cross_directory:src/native/render|src/native/resource;cross_directory:src/native/render|src/native/support;cross_directory:src/native/render|src/native/vulkan;cross_directory:src/native/render|src/runtime/diagnostics;cross_directory:src/native/render|src/runtime/render;cross_directory:src/native/resource|src/native/shader;cross_directory:src/native/resource|src/native/support;cross_directory:src/native/resource|src/native/vulkan;cross_directory:src/native/resource|src/runtime/diagnostics;cross_directory:src/native/shader|src/native/support;cross_directory:src/native/shader|src/native/vulkan;cross_directory:src/native/shader|src/runtime/cache;cross_directory:src/native/support|src/native/surface;cross_directory:src/native/support|src/native/vulkan;cross_directory:src/native/support|src/runtime/diagnostics;cross_directory:src/native/support|src/runtime/queue;cross_directory:src/native/surface|src/native/vulkan;cross_directory:src/native/vulkan|src/runtime/diagnostics;cross_directory:src/plan|src/quirk;cross_directory:src/plan|src/runtime;cross_directory:src/plan|src/runtime/trace;cross_directory:src/quirk|src/runtime/trace;cross_directory:src/quirk|src/verification;cross_directory:src/runtime|src/runtime/device;cross_directory:src/runtime|src/runtime/numeric_stability;cross_directory:src/runtime|src/runtime/queue;cross_directory:src/runtime|src/runtime/simd;cross_directory:src/runtime|src/runtime/trace;cross_directory:src/runtime/numeric_stability|src/runtime/numeric_stability/service;cross_directory:src/runtime/numeric_stability|src/runtime/simd;cross_directory:src/runtime/numeric_stability|src/runtime/trace;cross_directory:src/runtime/trace|src/tooling	Read and review the complete scope.
